"time","y","z"
0,1.0000000000000000E+001,0.0000000000000000E+000
0.02,9.9982360000000003E+000,-1.9600000000000004E-001
0.04,9.9925519999999999E+000,-3.9200000000000007E-001
0.06,9.9829480000000004E+000,-5.8799999999999986E-001
0.08,9.9694240000000001E+000,-7.8399999999999936E-001
0.11,9.9417879999999990E+000,-1.0779999999999990E+000
0.13,9.9184640000000002E+000,-1.2739999999999996E+000
0.15,9.8912199999999988E+000,-1.4700000000000002E+000
0.16,9.8761279999999978E+000,-1.5680000000000005E+000
0.18,9.8430039999999988E+000,-1.7640000000000011E+000
0.2,9.8059599999999989E+000,-1.9600000000000017E+000
0.22,9.7649959999999982E+000,-2.1560000000000024E+000
0.24,9.7201119999999968E+000,-2.3520000000000030E+000
0.26,9.6713079999999962E+000,-2.5480000000000036E+000
0.28,9.6185839999999967E+000,-2.7440000000000042E+000
0.3,9.5619399999999963E+000,-2.9400000000000048E+000
0.32,9.5013759999999969E+000,-3.1360000000000054E+000
0.34,9.4368919999999967E+000,-3.3320000000000061E+000
0.36,9.3684879999999957E+000,-3.5280000000000067E+000
0.38,9.2961639999999957E+000,-3.7240000000000073E+000
0.4,9.2199199999999948E+000,-3.9200000000000079E+000
0.42,9.1397559999999949E+000,-4.1160000000000059E+000
0.44,9.0556719999999959E+000,-4.3120000000000021E+000
0.46,8.9676679999999962E+000,-4.5079999999999982E+000
0.48,8.8757439999999956E+000,-4.7039999999999944E+000
0.5,8.7798999999999943E+000,-4.8999999999999906E+000
0.52,8.6801359999999939E+000,-5.0959999999999868E+000
0.54,8.5764519999999944E+000,-5.2919999999999829E+000
0.56,8.4688479999999959E+000,-5.4879999999999791E+000
0.58,8.3573239999999966E+000,-5.6839999999999753E+000
0.6,8.2418799999999983E+000,-5.8799999999999715E+000
0.62,8.1225159999999974E+000,-6.0759999999999676E+000
0.64,7.9992319999999975E+000,-6.2719999999999638E+000
0.66,7.8720279999999985E+000,-6.4679999999999600E+000
0.68,7.7409039999999996E+000,-6.6639999999999562E+000
0.7,7.6058600000000007E+000,-6.8599999999999524E+000
0.72,7.4668960000000011E+000,-7.0559999999999485E+000
0.74,7.3240120000000024E+000,-7.2519999999999447E+000
0.76,7.1772080000000038E+000,-7.4479999999999409E+000
0.78,7.0264840000000044E+000,-7.6439999999999371E+000
0.8,6.8718400000000051E+000,-7.8399999999999332E+000
0.82,6.7132760000000067E+000,-8.0359999999999303E+000
0.84,6.5507920000000084E+000,-8.2319999999999354E+000
0.86,6.3843880000000093E+000,-8.4279999999999404E+000
0.88,6.2140640000000102E+000,-8.6239999999999455E+000
0.9,6.0398200000000113E+000,-8.8199999999999505E+000
0.92,5.8616560000000124E+000,-9.0159999999999556E+000
0.94,5.6795720000000136E+000,-9.2119999999999607E+000
0.96,5.4935680000000140E+000,-9.4079999999999657E+000
0.98,5.3036440000000145E+000,-9.6039999999999708E+000
1,5.1098000000000150E+000,-9.7999999999999758E+000
1.02,4.9120360000000156E+000,-9.9959999999999809E+000
1.04,4.7103520000000154E+000,-1.0191999999999986E+001
1.06,4.5047480000000162E+000,-1.0387999999999991E+001
1.08,4.2952240000000170E+000,-1.0583999999999996E+001
1.1,4.0817800000000162E+000,-1.0780000000000001E+001
1.12,3.8644160000000167E+000,-1.0976000000000006E+001
1.14,3.6431320000000165E+000,-1.1172000000000011E+001
1.16,3.4179280000000163E+000,-1.1368000000000016E+001
1.18,3.1888040000000157E+000,-1.1564000000000021E+001
1.2,2.9557600000000153E+000,-1.1760000000000026E+001
1.22,2.7187960000000149E+000,-1.1956000000000031E+001
1.24,2.4779120000000137E+000,-1.2152000000000037E+001
1.26,2.2331080000000130E+000,-1.2348000000000042E+001
1.28,1.9843840000000124E+000,-1.2544000000000047E+001
1.3,1.7317400000000116E+000,-1.2740000000000052E+001
1.32,1.4751760000000107E+000,-1.2936000000000057E+001
1.34,1.2146920000000094E+000,-1.3132000000000062E+001
1.36,9.5028800000000824E-001,-1.3328000000000067E+001
1.38,6.8196400000000679E-001,-1.3524000000000072E+001
1.4,4.0972000000000536E-001,-1.3720000000000077E+001
1.42,1.3355600000000378E-001,-1.3916000000000082E+001
1.44,9.8717000000003594E-002,1.0412500000000062E+001
1.46,3.0520300000000478E-001,1.0216500000000057E+001
1.48,5.0776900000000591E-001,1.0020500000000052E+001
1.5,7.0641500000000679E-001,9.8245000000000466E+000
1.52,9.0114100000000774E-001,9.6285000000000416E+000
1.54,1.0919470000000087E+000,9.4325000000000365E+000
1.56,1.2788330000000092E+000,9.2365000000000315E+000
1.58,1.4617990000000101E+000,9.0405000000000264E+000
1.6,1.6408450000000105E+000,8.8445000000000213E+000
1.62,1.8159710000000107E+000,8.6485000000000163E+000
1.64,1.9871770000000111E+000,8.4525000000000112E+000
1.66,2.1544630000000109E+000,8.2565000000000062E+000
1.68,2.3178290000000112E+000,8.0605000000000011E+000
1.7,2.4772750000000112E+000,7.8645000000000023E+000
1.72,2.6328010000000113E+000,7.6685000000000061E+000
1.74,2.7844070000000114E+000,7.4725000000000099E+000
1.76,2.9320930000000116E+000,7.2765000000000137E+000
1.78,3.0758590000000119E+000,7.0805000000000176E+000
1.8,3.2157050000000122E+000,6.8845000000000214E+000
1.82,3.3516310000000127E+000,6.6885000000000252E+000
1.84,3.4836370000000132E+000,6.4925000000000290E+000
1.86,3.6117230000000138E+000,6.2965000000000328E+000
1.88,3.7358890000000144E+000,6.1005000000000367E+000
1.9,3.8561350000000152E+000,5.9045000000000405E+000
1.92,3.9724610000000160E+000,5.7085000000000443E+000
1.94,4.0848670000000160E+000,5.5125000000000481E+000
1.96,4.1933530000000170E+000,5.3165000000000520E+000
1.98,4.2979190000000189E+000,5.1205000000000558E+000
2,4.3985650000000200E+000,4.9245000000000596E+000
2.02,4.4952910000000212E+000,4.7285000000000634E+000
2.04,4.5880970000000225E+000,4.5325000000000673E+000
2.06,4.6769830000000239E+000,4.3365000000000711E+000
2.09,4.8029620000000257E+000,4.0425000000000768E+000
2.11,4.8820480000000277E+000,3.8465000000000771E+000
2.13,4.9572140000000289E+000,3.6505000000000765E+000
2.15,5.0284600000000301E+000,3.4545000000000758E+000
2.17,5.0957860000000315E+000,3.2585000000000752E+000
2.19,5.1591920000000329E+000,3.0625000000000746E+000
2.21,5.2186780000000343E+000,2.8665000000000740E+000
2.23,5.2742440000000359E+000,2.6705000000000734E+000
2.25,5.3258900000000375E+000,2.4745000000000728E+000
2.27,5.3736160000000384E+000,2.2785000000000721E+000
2.29,5.4174220000000401E+000,2.0825000000000715E+000
2.31,5.4573080000000420E+000,1.8865000000000709E+000
2.33,5.4932740000000431E+000,1.6905000000000703E+000
2.35,5.5253200000000442E+000,1.4945000000000697E+000
2.37,5.5534460000000463E+000,1.2985000000000690E+000
2.39,5.5776520000000476E+000,1.1025000000000684E+000
2.41,5.5979380000000489E+000,9.0650000000006836E-001
2.43,5.6143040000000504E+000,7.1050000000006885E-001
2.45,5.6267500000000519E+000,5.1450000000006935E-001
2.47,5.6352760000000535E+000,3.1850000000006928E-001
2.49,5.6398820000000551E+000,1.2250000000006922E-001
2.51,5.6405680000000569E+000,-7.3499999999930829E-002
2.53,5.6373340000000578E+000,-2.6949999999993085E-001
2.55,5.6301800000000597E+000,-4.6549999999993091E-001
2.57,5.6191060000000617E+000,-6.6149999999993048E-001
2.59,5.6041120000000628E+000,-8.5749999999992998E-001
2.61,5.5851980000000641E+000,-1.0534999999999297E+000
2.63,5.5623640000000663E+000,-1.2494999999999303E+000
2.65,5.5356100000000676E+000,-1.4454999999999310E+000
2.67,5.5049360000000691E+000,-1.6414999999999316E+000
2.69,5.4703420000000706E+000,-1.8374999999999322E+000
2.71,5.4318280000000723E+000,-2.0334999999999326E+000
2.73,5.3893940000000740E+000,-2.2294999999999332E+000
2.75,5.3430400000000757E+000,-2.4254999999999338E+000
2.77,5.2927660000000776E+000,-2.6214999999999344E+000
2.79,5.2385720000000786E+000,-2.8174999999999351E+000
2.81,5.1804580000000797E+000,-3.0134999999999357E+000
2.83,5.1184240000000809E+000,-3.2094999999999363E+000
2.85,5.0524700000000813E+000,-3.4054999999999369E+000
2.87,4.9825960000000826E+000,-3.6014999999999375E+000
2.89,4.9088020000000840E+000,-3.7974999999999381E+000
2.91,4.8310880000000846E+000,-3.9934999999999388E+000
2.93,4.7494540000000853E+000,-4.1894999999999349E+000
2.95,4.6639000000000870E+000,-4.3854999999999311E+000
2.97,4.5744260000000887E+000,-4.5814999999999273E+000
2.99,4.4810320000000905E+000,-4.7774999999999235E+000
3.01,4.3837180000000924E+000,-4.9734999999999197E+000
3.03,4.2824840000000943E+000,-5.1694999999999158E+000
3.05,4.1773300000000955E+000,-5.3654999999999120E+000
3.07,4.0682560000000976E+000,-5.5614999999999082E+000
3.09,3.9552620000000998E+000,-5.7574999999999044E+000
3.11,3.8383480000001020E+000,-5.9534999999999005E+000
3.13,3.7175140000001039E+000,-6.1494999999998967E+000
3.15,3.5927600000001059E+000,-6.3454999999998929E+000
3.17,3.4640860000001084E+000,-6.5414999999998891E+000
3.19,3.3314920000001105E+000,-6.7374999999998852E+000
3.21,3.1949780000001127E+000,-6.9334999999998814E+000
3.23,3.0545440000001149E+000,-7.1294999999998776E+000
3.25,2.9101900000001173E+000,-7.3254999999998738E+000
3.27,2.7619160000001202E+000,-7.5214999999998700E+000
3.29,2.6097220000001227E+000,-7.7174999999998661E+000
3.31,2.4536080000001252E+000,-7.9134999999998623E+000
3.33,2.2935740000001275E+000,-8.1094999999998638E+000
3.35,2.1296200000001302E+000,-8.3054999999998689E+000
3.37,1.9617460000001328E+000,-8.5014999999998739E+000
3.39,1.7899520000001354E+000,-8.6974999999998790E+000
3.41,1.6142380000001380E+000,-8.8934999999998841E+000
3.43,1.4346040000001401E+000,-9.0894999999998891E+000
3.45,1.2510500000001421E+000,-9.2854999999998942E+000
3.47,1.0635760000001444E+000,-9.4814999999998992E+000
3.49,8.7218200000014623E-001,-9.6774999999999043E+000
3.51,6.7686800000014813E-001,-9.8734999999999093E+000
3.53,4.7763400000014988E-001,-1.0069499999999914E+001
3.55,2.7448000000015155E-001,-1.0265499999999919E+001
3.57,6.7406000000153093E-002,-1.0461499999999925E+001
3.59,7.7749900000153055E-002,7.7873249999999477E+000
3.61,2.3173240000015202E-001,7.5913249999999515E+000
3.63,3.8179490000015109E-001,7.3953249999999553E+000
3.65,5.2793740000015010E-001,7.1993249999999591E+000
3.67,6.7015990000014936E-001,7.0033249999999629E+000
3.69,8.0846240000014868E-001,6.8073249999999668E+000
3.71,9.4284490000014798E-001,6.6113249999999706E+000
3.73,1.0733074000001477E+000,6.4153249999999744E+000
3.75,1.1998499000001472E+000,6.2193249999999782E+000
3.77,1.3224724000001467E+000,6.0233249999999821E+000
3.79,1.4411749000001464E+000,5.8273249999999859E+000
3.81,1.5559574000001464E+000,5.6313249999999897E+000
3.83,1.6668199000001462E+000,5.4353249999999935E+000
3.85,1.7737624000001462E+000,5.2393249999999973E+000
3.87,1.8767849000001460E+000,5.0433250000000012E+000
3.89,1.9758874000001461E+000,4.8473250000000050E+000
3.91,2.0710699000001460E+000,4.6513250000000088E+000
3.93,2.1623324000001460E+000,4.4553250000000126E+000
3.95,2.2496749000001466E+000,4.2593250000000165E+000
3.97,2.3330974000001472E+000,4.0633250000000203E+000
3.99,2.4125999000001475E+000,3.8673250000000210E+000
4.01,2.4881824000001478E+000,3.6713250000000204E+000
4.03,2.5598449000001482E+000,3.4753250000000198E+000
4.05,2.6275874000001487E+000,3.2793250000000191E+000
4.07,2.6914099000001492E+000,3.0833250000000185E+000
4.09,2.7513124000001494E+000,2.8873250000000179E+000
4.11,2.8072949000001497E+000,2.6913250000000173E+000
4.13,2.8593574000001505E+000,2.4953250000000167E+000
4.15,2.9074999000001509E+000,2.2993250000000161E+000
4.17,2.9517224000001514E+000,2.1033250000000154E+000
4.19,2.9920249000001515E+000,1.9073250000000148E+000
4.21,3.0284074000001517E+000,1.7113250000000142E+000
4.23,3.0608699000001520E+000,1.5153250000000136E+000
4.25,3.0894124000001519E+000,1.3193250000000130E+000
4.27,3.1140349000001519E+000,1.1233250000000123E+000
4.29,3.1347374000001524E+000,9.2732500000001217E-001
4.31,3.1515199000001526E+000,7.3132500000001266E-001
4.33,3.1643824000001528E+000,5.3532500000001315E-001
4.35,3.1733249000001527E+000,3.3932500000001314E-001
4.37,3.1783474000001530E+000,1.4332500000001308E-001
4.39,3.1794499000001535E+000,-5.2674999999986968E-002
4.41,3.1766324000001536E+000,-2.4867499999998702E-001
4.43,3.1698949000001537E+000,-4.4467499999998705E-001
4.45,3.1592374000001540E+000,-6.4067499999998667E-001
4.47,3.1446599000001543E+000,-8.3667499999998618E-001
4.49,3.1261624000001547E+000,-1.0326749999999858E+000
4.51,3.1037449000001547E+000,-1.2286749999999864E+000
4.53,3.0774074000001548E+000,-1.4246749999999870E+000
4.55,3.0471499000001554E+000,-1.6206749999999877E+000
4.57,3.0129724000001556E+000,-1.8166749999999883E+000
4.59,2.9748749000001560E+000,-2.0126749999999887E+000
4.61,2.9328574000001559E+000,-2.2086749999999893E+000
4.63,2.8869199000001564E+000,-2.4046749999999899E+000
4.65,2.8370624000001570E+000,-2.6006749999999905E+000
4.67,2.7832849000001572E+000,-2.7966749999999911E+000
4.69,2.7255874000001574E+000,-2.9926749999999918E+000
4.71,2.6639699000001578E+000,-3.1886749999999924E+000
4.73,2.5984324000001577E+000,-3.3846749999999930E+000
4.75,2.5289749000001578E+000,-3.5806749999999936E+000
4.77,2.4555974000001575E+000,-3.7766749999999942E+000
4.79,2.3782999000001577E+000,-3.9726749999999948E+000
4.81,2.2970824000001580E+000,-4.1686749999999915E+000
4.83,2.2119449000001579E+000,-4.3646749999999876E+000
4.85,2.1228874000001583E+000,-4.5606749999999838E+000
4.87,2.0299099000001584E+000,-4.7566749999999800E+000
4.89,1.9330124000001592E+000,-4.9526749999999762E+000
4.91,1.8321949000001596E+000,-5.1486749999999724E+000
4.93,1.7274574000001601E+000,-5.3446749999999685E+000
4.95,1.6187999000001609E+000,-5.5406749999999647E+000
4.97,1.5062224000001618E+000,-5.7366749999999609E+000
4.99,1.3897249000001626E+000,-5.9326749999999571E+000
5.01,1.2693074000001634E+000,-6.1286749999999532E+000
5.03,1.1449699000001643E+000,-6.3246749999999494E+000
5.05,1.0167124000001655E+000,-6.5206749999999456E+000
5.07,8.8453490000016655E-001,-6.7166749999999418E+000
5.09,7.4843740000016767E-001,-6.9126749999999380E+000
5.11,6.0841990000016899E-001,-7.1086749999999341E+000
5.13,4.6448240000017038E-001,-7.3046749999999303E+000
5.15,3.1662490000017179E-001,-7.5006749999999265E+000
5.17,1.6484740000017328E-001,-7.6966749999999227E+000
5.19,9.1499000001748626E-003,-7.8926749999999188E+000
5.21,9.8769062500173962E-002,5.7578062499999421E+000
5.23,2.1216118750017285E-001,5.5618062499999459E+000
5.25,3.2163331250017174E-001,5.3658062499999497E+000
5.27,4.2718543750017074E-001,5.1698062499999535E+000
5.29,5.2881756250016987E-001,4.9738062499999574E+000
5.31,6.2652968750016913E-001,4.7778062499999612E+000
5.33,7.2032181250016825E-001,4.5818062499999650E+000
5.35,8.1019393750016766E-001,4.3858062499999688E+000
5.37,8.9614606250016704E-001,4.1898062499999726E+000
5.39,9.7817818750016650E-001,3.9938062499999760E+000
5.41,1.0562903125001657E+000,3.7978062499999754E+000
5.43,1.1304824375001654E+000,3.6018062499999748E+000
5.45,1.2007545625001650E+000,3.4058062499999742E+000
5.47,1.2671066875001644E+000,3.2098062499999735E+000
5.49,1.3295388125001637E+000,3.0138062499999729E+000
5.51,1.3880509375001633E+000,2.8178062499999723E+000
5.53,1.4426430625001627E+000,2.6218062499999717E+000
5.55,1.4933151875001620E+000,2.4258062499999711E+000
5.57,1.5400673125001612E+000,2.2298062499999705E+000
5.59,1.5828994375001608E+000,2.0338062499999698E+000
5.61,1.6218115625001603E+000,1.8378062499999692E+000
5.63,1.6568036875001597E+000,1.6418062499999686E+000
5.65,1.6878758125001589E+000,1.4458062499999680E+000
5.67,1.7150279375001585E+000,1.2498062499999674E+000
5.69,1.7382600625001579E+000,1.0538062499999667E+000
5.71,1.7575721875001571E+000,8.5780624999996702E-001
5.73,1.7729643125001562E+000,6.6180624999996751E-001
5.75,1.7844364375001556E+000,4.6580624999996789E-001
5.77,1.7919885625001550E+000,2.6980624999996783E-001
5.79,1.7956206875001544E+000,7.3806249999967766E-002
5.81,1.7953328125001535E+000,-1.2219375000003228E-001
5.83,1.7911249375001528E+000,-3.1819375000003230E-001
5.85,1.7829970625001523E+000,-5.1419375000003231E-001
5.87,1.7709491875001517E+000,-7.1019375000003182E-001
5.89,1.7549813125001510E+000,-9.0619375000003133E-001
5.91,1.7350934375001501E+000,-1.1021937500000314E+000
5.93,1.7112855625001497E+000,-1.2981937500000320E+000
5.95,1.6835576875001492E+000,-1.4941937500000326E+000
5.97,1.6519098125001486E+000,-1.6901937500000332E+000
5.99,1.6163419375001478E+000,-1.8861937500000339E+000
6.01,1.5768540625001473E+000,-2.0821937500000343E+000
6.03,1.5334461875001466E+000,-2.2781937500000349E+000
6.05,1.4861183125001458E+000,-2.4741937500000355E+000
6.07,1.4348704375001449E+000,-2.6701937500000361E+000
6.09,1.3797025625001442E+000,-2.8661937500000367E+000
6.11,1.3206146875001437E+000,-3.0621937500000374E+000
6.13,1.2576068125001429E+000,-3.2581937500000380E+000
6.15,1.1906789375001421E+000,-3.4541937500000386E+000
6.17,1.1198310625001413E+000,-3.6501937500000392E+000
6.19,1.0450631875001406E+000,-3.8461937500000398E+000
6.21,9.6637531250013942E-001,-4.0421937500000391E+000
6.23,8.8376743750013864E-001,-4.2381937500000353E+000
6.25,7.9723956250013794E-001,-4.4341937500000315E+000
6.27,7.0679168750013732E-001,-4.6301937500000276E+000
6.29,6.1242381250013689E-001,-4.8261937500000238E+000
6.31,5.1413593750013642E-001,-5.0221937500000200E+000
6.33,4.1192806250013603E-001,-5.2181937500000162E+000
6.35,3.0580018750013577E-001,-5.4141937500000124E+000
6.37,1.9575231250013553E-001,-5.6101937500000085E+000
6.39,8.1784437500135379E-002,-5.8061937500000047E+000
6.41,2.6302196875135336E-002,4.3987453125000027E+000
6.43,1.1251310312513542E-001,4.2027453125000065E+000
6.45,1.9480400937513559E-001,4.0067453125000103E+000
6.47,2.7317491562513579E-001,3.8107453125000097E+000
6.49,3.4762582187513597E-001,3.6147453125000091E+000
6.51,4.1815672812513616E-001,3.4187453125000085E+000
6.53,4.8476763437513631E-001,3.2227453125000078E+000
6.55,5.4745854062513644E-001,3.0267453125000072E+000
6.57,6.0622944687513658E-001,2.8307453125000066E+000
6.59,6.6108035312513669E-001,2.6347453125000060E+000
6.61,7.1201125937513687E-001,2.4387453125000054E+000
6.63,7.5902216562513691E-001,2.2427453125000048E+000
6.65,8.0211307187513703E-001,2.0467453125000041E+000
6.67,8.4128397812513711E-001,1.8507453125000035E+000
6.69,8.7653488437513716E-001,1.6547453125000029E+000
6.71,9.0786579062513728E-001,1.4587453125000023E+000
6.73,9.3527669687513726E-001,1.2627453125000017E+000
6.75,9.5876760312513731E-001,1.0667453125000010E+000
6.77,9.7833850937513733E-001,8.7074531250000120E-001
6.79,9.9398941562513743E-001,6.7474531250000169E-001
6.81,1.0057203218751374E+000,4.7874531250000207E-001
6.83,1.0135312281251372E+000,2.8274531250000201E-001
6.85,1.0174221343751375E+000,8.6745312500001948E-002
6.87,1.0173930406251377E+000,-1.0925468749999810E-001
6.89,1.0134439468751377E+000,-3.0525468749999812E-001
6.91,1.0055748531251376E+000,-5.0125468749999813E-001
6.93,9.9378575937513791E-001,-6.9725468749999764E-001
6.95,9.7807666562513795E-001,-8.9325468749999715E-001
6.97,9.5844757187513796E-001,-1.0892546874999971E+000
6.99,9.3489847812513804E-001,-1.2852546874999977E+000
7.01,9.0742938437513809E-001,-1.4812546874999983E+000
7.03,8.7604029062513811E-001,-1.6772546874999990E+000
7.05,8.4073119687513809E-001,-1.8732546874999996E+000
7.07,8.0150210312513803E-001,-2.0692546875000000E+000
7.09,7.5835300937513805E-001,-2.2652546875000006E+000
7.11,7.1128391562513804E-001,-2.4612546875000012E+000
7.13,6.6029482187513799E-001,-2.6572546875000018E+000
7.15,6.0538572812513791E-001,-2.8532546875000024E+000
7.17,5.4655663437513791E-001,-3.0492546875000031E+000
7.19,4.8380754062513781E-001,-3.2452546875000037E+000
7.21,4.1713844687513774E-001,-3.4412546875000043E+000
7.23,3.4654935312513763E-001,-3.6372546875000049E+000
7.25,2.7204025937513754E-001,-3.8332546875000055E+000
7.27,1.9361116562513742E-001,-4.0292546875000053E+000
7.29,1.1126207187513733E-001,-4.2252546875000014E+000
7.31,2.4992978125137344E-002,-4.4212546874999976E+000
7.33,4.4565224218887318E-002,3.2228410156249967E+000
7.35,1.0725804453138724E-001,3.0268410156249961E+000
7.37,1.6603086484388713E-001,2.8308410156249955E+000
7.39,2.2088368515638704E-001,2.6348410156249948E+000
7.41,2.7181650546888697E-001,2.4388410156249942E+000
7.43,3.1882932578138684E-001,2.2428410156249936E+000
7.45,3.6192214609388673E-001,2.0468410156249930E+000
7.47,4.0109496640638659E-001,1.8508410156249924E+000
7.49,4.3634778671888641E-001,1.6548410156249918E+000
7.51,4.6768060703138625E-001,1.4588410156249911E+000
7.53,4.9509342734388606E-001,1.2628410156249905E+000
7.55,5.1858624765638583E-001,1.0668410156249899E+000
7.57,5.3815906796888557E-001,8.7084101562499006E-001
7.59,5.5381188828138550E-001,6.7484101562499055E-001
7.61,5.6554470859388528E-001,4.7884101562499093E-001
7.63,5.7335752890638514E-001,2.8284101562499087E-001
7.65,5.7725034921888496E-001,8.6841015624990803E-002
7.67,5.7722316953138486E-001,-1.0915898437500925E-001
7.69,5.7327598984388461E-001,-3.0515898437500927E-001
7.71,5.6540881015638444E-001,-5.0115898437500928E-001
7.73,5.5362163046888424E-001,-6.9715898437500878E-001
7.75,5.3791445078138400E-001,-8.9315898437500829E-001
7.77,5.1828727109388384E-001,-1.0891589843750082E+000
7.79,4.9474009140638370E-001,-1.2851589843750089E+000
7.81,4.6727291171888352E-001,-1.4811589843750095E+000
7.83,4.3588573203138331E-001,-1.6771589843750101E+000
7.85,4.0057855234388312E-001,-1.8731589843750107E+000
7.87,3.6135137265638290E-001,-2.0691589843750111E+000
7.89,3.1820419296888269E-001,-2.2651589843750117E+000
7.91,2.7113701328138246E-001,-2.4611589843750123E+000
7.93,2.2014983359388218E-001,-2.6571589843750130E+000
7.95,1.6524265390638190E-001,-2.8531589843750136E+000
7.97,1.0641547421888166E-001,-3.0491589843750142E+000
7.99,4.3668294531381359E-002,-3.2451589843750148E+000
8.01,1.2515884179818720E-002,2.4779692382812613E+000
8.03,6.0311268945443947E-002,2.2819692382812606E+000
8.05,1.0418665371106914E-001,2.0859692382812600E+000
8.07,1.4414203847669432E-001,1.8899692382812594E+000
8.09,1.8017742324231950E-001,1.6939692382812588E+000
8.11,2.1229280800794467E-001,1.4979692382812582E+000
8.13,2.4048819277356984E-001,1.3019692382812575E+000
8.15,2.6476357753919494E-001,1.1059692382812569E+000
8.17,2.8511896230482009E-001,9.0996923828125686E-001
8.19,3.0155434707044526E-001,7.1396923828125736E-001
8.21,3.1406973183607045E-001,5.1796923828125785E-001
8.23,3.2266511660169561E-001,3.2196923828125779E-001
8.25,3.2734050136732074E-001,1.2596923828125772E-001
8.27,3.2809588613294588E-001,-7.0030761718742326E-002
8.29,3.2493127089857105E-001,-2.6603076171874235E-001
8.31,3.1784665566419623E-001,-4.6203076171874241E-001
8.33,3.0684204042982138E-001,-6.5803076171874197E-001
8.35,2.9191742519544656E-001,-8.5403076171874148E-001
8.37,2.7307280996107175E-001,-1.0500307617187412E+000
8.39,2.5030819472669691E-001,-1.2460307617187418E+000
8.41,2.2362357949232206E-001,-1.4420307617187424E+000
8.43,1.9301896425794721E-001,-1.6380307617187431E+000
8.45,1.5849434902357235E-001,-1.8340307617187437E+000
8.47,1.2004973378919746E-001,-2.0300307617187441E+000
8.49,7.7685118554822574E-002,-2.2260307617187447E+000
8.51,3.1400503320447672E-002,-2.4220307617187453E+000
8.53,8.0678110841195892E-003,1.8606230712890590E+000
8.55,4.3516272509900769E-002,1.6646230712890584E+000
8.57,7.5044733935681923E-002,1.4686230712890578E+000
8.59,1.0265319536146308E-001,1.2726230712890572E+000
8.61,1.2634165678724421E-001,1.0766230712890565E+000
8.63,1.4611011821302536E-001,8.8062307128905670E-001
8.65,1.6195857963880650E-001,6.8462307128905719E-001
8.67,1.7388704106458766E-001,4.8862307128905763E-001
8.69,1.8189550249036879E-001,2.9262307128905757E-001
8.71,1.8598396391614994E-001,9.6623071289057505E-002
8.73,1.8615242534193110E-001,-9.9376928710942544E-002
8.75,1.8240088676771224E-001,-2.9537692871094257E-001
8.77,1.7472934819349339E-001,-4.9137692871094263E-001
8.79,1.6313780961927457E-001,-6.8737692871094214E-001
8.81,1.4762627104505574E-001,-8.8337692871094164E-001
8.83,1.2819473247083690E-001,-1.0793769287109416E+000
8.85,1.0484319389661804E-001,-1.2753769287109422E+000
8.87,7.7571655322399194E-002,-1.4713769287109428E+000
8.89,4.6380116748180322E-002,-1.6673769287109435E+000
8.91,1.1268578173961446E-002,-1.8633769287109441E+000
8.93,1.9330374353160699E-002,1.3044326965332078E+000
8.95,4.3655028283824851E-002,1.1084326965332072E+000
8.97,6.4059682214488989E-002,9.1243269653320713E-001
8.99,8.0544336145153134E-002,7.1643269653320762E-001
9.01,9.3108990075817286E-002,5.2043269653320812E-001
9.03,1.0175364400648144E-001,3.2443269653320811E-001
9.05,1.0647829793714560E-001,1.2843269653320805E-001
9.07,1.0728295186780976E-001,-6.7567303466792003E-002
9.09,1.0416760579847392E-001,-2.6356730346679202E-001
9.11,9.7132259729138082E-002,-4.5956730346679209E-001
9.13,8.6176913659802235E-002,-6.5556730346679171E-001
9.15,7.1301567590466408E-002,-8.5156730346679121E-001
9.17,5.2506221521130589E-002,-1.0475673034667909E+000
9.19,2.9790875451794766E-002,-1.2435673034667916E+000
9.21,3.1555293824589311E-003,-1.4395673034667922E+000
9.23,1.4005667810193266E-002,9.5227547760009401E-001
9.25,3.1287177362195155E-002,7.5627547760009450E-001
9.27,4.4648686914197051E-002,5.6027547760009500E-001
9.29,5.4090196466198955E-002,3.6427547760009510E-001
9.31,5.9611706018200858E-002,1.6827547760009504E-001
9.33,6.1213215570202754E-002,-2.7724522399905013E-002
9.35,5.8894725122204658E-002,-2.2372452239990506E-001
9.37,5.2656234674206555E-002,-4.1972452239990510E-001
9.39,4.2497744226208459E-002,-6.1572452239990483E-001
9.41,2.8419253778210366E-002,-8.1172452239990434E-001
9.43,1.0420763330212289E-002,-1.0077245223999038E+000
9.45,7.8524520242125324E-003,7.3129339179992836E-001
9.47,2.0714319860211099E-002,5.3529339179992885E-001
9.49,2.9656187696209677E-002,3.3929339179992885E-001
9.51,3.4678055532208249E-002,1.4329339179992878E-001
9.53,3.5779923368206824E-002,-5.2706608200071267E-002
9.55,3.2961791204205400E-002,-2.4870660820007132E-001
9.57,2.6223659040203975E-002,-4.4470660820007135E-001
9.59,1.5565526876202556E-002,-6.4070660820007097E-001
9.61,9.8739471220114132E-004,-8.3670660820007048E-001
9.63,9.4629207065019538E-003,4.6582995615005318E-001
9.65,1.7015519829503022E-002,2.6982995615005312E-001
9.67,2.0648118952504083E-002,7.3829956150053055E-002
9.69,2.0360718075505144E-002,-1.2217004384994699E-001
9.71,1.6153317198506201E-002,-3.1817004384994702E-001
9.73,8.0259163215072610E-003,-5.1417004384994702E-001
9.75,6.7530575145795084E-004,4.6402753288746001E-001
9.77,8.1918564092071516E-003,2.6802753288745995E-001
9.79,1.1788407066956351E-002,7.2027532887459889E-002
9.81,1.1464957724705549E-002,-1.2397246711254016E-001
9.83,7.2215083824547456E-003,-3.1997246711254018E-001
9.85,-9.4194095979605887E-004,3.8697935033440511E-001
9.87,5.0336460468920433E-003,1.9097935033440505E-001
9.89,7.0892330535801433E-003,-5.0206496655950048E-003
9.91,5.2248200602682425E-003,-2.0102064966559505E-001
9.93,-5.5959293304365832E-004,2.9776548724919633E-001
9.95,3.6317168119402673E-003,1.0176548724919626E-001
9.97,3.9030265569241921E-003,-9.4234512750803787E-002
9.99,2.5433630190811643E-004,-2.9023451275080381E-001
10,1.4144389298104301E-003,1.4825921789526625E-001
