"time","p1@general_hydraulic_chamber","p1@hydraulic_4","q@volumesensor","maxTimeStep","tolerance","fixedh","errCtrl","writeLevel","extraDisconPrints","runStats","runType","theSolverType","fixedorder"
0,2.0000000000000000E+02,2.0000000000000000E+02,0.0000000000000000E+00,1.0000000000000000E+30,1.0000000000000001E-05,1.0000000000000000E-03,0,0,0,0,8,0,1
6.1e-05,2.0004981247602120E+02,2.0000250305269455E+02,0.0000000000000000E+00,1.0000000000000000E+30,1.0000000000000001E-05,1.0000000000000000E-03,0,0,0,0,8,0,1
0.000121,2.0005264662960056E+02,2.0009496831030671E+02,0.0000000000000000E+00,1.0000000000000000E+30,1.0000000000000001E-05,1.0000000000000000E-03,0,0,0,0,8,0,1
0.000181,2.0005331080307101E+02,2.0010372898528968E+02,0.0000000000000000E+00,1.0000000000000000E+30,1.0000000000000001E-05,1.0000000000000000E-03,0,0,0,0,8,0,1
0.000241,2.0005375869123301E+02,2.0004337818822108E+02,0.0000000000000000E+00,1.0000000000000000E+30,1.0000000000000001E-05,1.0000000000000000E-03,0,0,0,0,8,0,1
0.0003,2.0005364653532590E+02,2.0000720275037744E+02,0.0000000000000000E+00,1.0000000000000000E+30,1.0000000000000001E-05,1.0000000000000000E-03,0,0,0,0,8,0,1
0.00036,2.0005302061134503E+02,2.0002522973597198E+02,0.0000000000000000E+00,1.0000000000000000E+30,1.0000000000000001E-05,1.0000000000000000E-03,0,0,0,0,8,0,1
0.00042,2.0005292817291749E+02,2.0009328204532173E+02,0.0000000000000000E+00,1.0000000000000000E+30,1.0000000000000001E-05,1.0000000000000000E-03,0,0,0,0,8,0,1
0.00048,2.0005343387433211E+02,2.0009431635220329E+02,0.0000000000000000E+00,1.0000000000000000E+30,1.0000000000000001E-05,1.0000000000000000E-03,0,0,0,0,8,0,1
0.00054,2.0005372352598746E+02,1.3873176927155578E+02,-6.0000000000000000E+00,1.0000000000000000E+30,1.0000000000000001E-05,1.0000000000000000E-03,0,0,0,0,8,0,1
0.0006,1.9863320678638354E+02,1.3716912677948349E+02,-6.0000000000000000E+00,1.0000000000000000E+30,1.0000000000000001E-05,1.0000000000000000E-03,0,0,0,0,8,0,1
0.00066,1.9553703969939821E+02,2.4364056866071797E+02,-6.0000000000000000E+00,1.0000000000000000E+30,1.0000000000000001E-05,1.0000000000000000E-03,0,0,0,0,8,0,1
0.00072,1.9296199416818300E+02,2.5061697595234074E+02,-6.0000000000000000E+00,1.0000000000000000E+30,1.0000000000000001E-05,1.0000000000000000E-03,0,0,0,0,8,0,1
0.00078,1.9290447522396087E+02,2.1022183999129086E+02,-6.0000000000000000E+00,1.0000000000000000E+30,1.0000000000000001E-05,1.0000000000000000E-03,0,0,0,0,8,0,1
0.00084,1.9281933588683415E+02,1.3246743467167599E+02,-6.0000000000000000E+00,1.0000000000000000E+30,1.0000000000000001E-05,1.0000000000000000E-03,0,0,0,0,8,0,1
0.0009,1.9075746910491731E+02,1.4505298781052963E+02,-6.0000000000000000E+00,1.0000000000000000E+30,1.0000000000000001E-05,1.0000000000000000E-03,0,0,0,0,8,0,1
0.00096,1.8778937978793391E+02,2.4030122466113198E+02,-6.0000000000000000E+00,1.0000000000000000E+30,1.0000000000000001E-05,1.0000000000000000E-03,0,0,0,0,8,0,1
0.00102,1.8593241535891519E+02,2.3658351766750374E+02,-6.0000000000000000E+00,1.0000000000000000E+30,1.0000000000000001E-05,1.0000000000000000E-03,0,0,0,0,8,0,1
0.00108,1.8589432229884841E+02,1.7074239593799624E+02,-6.0000000000000000E+00,1.0000000000000000E+30,1.0000000000000001E-05,1.0000000000000000E-03,0,0,0,0,8,0,1
0.00114,1.8537716831043872E+02,1.2983783394380083E+02,-6.0000000000000000E+00,1.0000000000000000E+30,1.0000000000000001E-05,1.0000000000000000E-03,0,0,0,0,8,0,1
0.001201,1.8287378477553821E+02,1.6322534435014600E+02,-6.0000000000000000E+00,1.0000000000000000E+30,1.0000000000000001E-05,1.0000000000000000E-03,0,0,0,0,8,0,1
0.001261,1.8015761535031373E+02,2.3361048451281508E+02,-6.0000000000000000E+00,1.0000000000000000E+30,1.0000000000000001E-05,1.0000000000000000E-03,0,0,0,0,8,0,1
0.001321,1.7892432146619080E+02,2.1575939600124451E+02,-6.0000000000000000E+00,1.0000000000000000E+30,1.0000000000000001E-05,1.0000000000000000E-03,0,0,0,0,8,0,1
0.001381,1.7878635472999002E+02,1.4442657515302935E+02,-6.0000000000000000E+00,1.0000000000000000E+30,1.0000000000000001E-05,1.0000000000000000E-03,0,0,0,0,8,0,1
0.001441,1.7773773574674792E+02,1.3075228100122482E+02,-6.0000000000000000E+00,1.0000000000000000E+30,1.0000000000000001E-05,1.0000000000000000E-03,0,0,0,0,8,0,1
0.001501,1.7510241874430562E+02,1.8692901040075409E+02,0.0000000000000000E+00,1.0000000000000000E+30,1.0000000000000001E-05,1.0000000000000000E-03,0,0,0,0,8,0,1
0.001561,1.7276711117288178E+02,2.8462178505727627E+02,0.0000000000000000E+00,1.0000000000000000E+30,1.0000000000000001E-05,1.0000000000000000E-03,0,0,0,0,8,0,1
0.001621,1.7456962040370541E+02,2.5045035531528654E+02,0.0000000000000000E+00,1.0000000000000000E+30,1.0000000000000001E-05,1.0000000000000000E-03,0,0,0,0,8,0,1
0.001681,1.7740060420447097E+02,7.4523252199362261E+01,0.0000000000000000E+00,1.0000000000000000E+30,1.0000000000000001E-05,1.0000000000000000E-03,0,0,0,0,8,0,1
0.001741,1.7770625179304653E+02,8.7323466100442204E+01,0.0000000000000000E+00,1.0000000000000000E+30,1.0000000000000001E-05,1.0000000000000000E-03,0,0,0,0,8,0,1
0.001801,1.7514978109849366E+02,2.2949621326425341E+02,0.0000000000000000E+00,1.0000000000000000E+30,1.0000000000000001E-05,1.0000000000000000E-03,0,0,0,0,8,0,1
0.001861,1.7380253197217141E+02,2.7215307774666400E+02,0.0000000000000000E+00,1.0000000000000000E+30,1.0000000000000001E-05,1.0000000000000000E-03,0,0,0,0,8,0,1
0.001921,1.7607640941139252E+02,1.9762964926264669E+02,0.0000000000000000E+00,1.0000000000000000E+30,1.0000000000000001E-05,1.0000000000000000E-03,0,0,0,0,8,0,1
0.001981,1.7834816500730912E+02,7.9171266032580220E+01,0.0000000000000000E+00,1.0000000000000000E+30,1.0000000000000001E-05,1.0000000000000000E-03,0,0,0,0,8,0,1
0.002041,1.7764859040166348E+02,1.1677292191616624E+02,0.0000000000000000E+00,1.0000000000000000E+30,1.0000000000000001E-05,1.0000000000000000E-03,0,0,0,0,8,0,1
0.002101,1.7539533286715499E+02,2.5008167762119987E+02,0.0000000000000000E+00,1.0000000000000000E+30,1.0000000000000001E-05,1.0000000000000000E-03,0,0,0,0,8,0,1
0.002161,1.7506208729775528E+02,2.5526809802363891E+02,0.0000000000000000E+00,1.0000000000000000E+30,1.0000000000000001E-05,1.0000000000000000E-03,0,0,0,0,8,0,1
0.002221,1.7742933401258566E+02,1.5690556309796074E+02,0.0000000000000000E+00,1.0000000000000000E+30,1.0000000000000001E-05,1.0000000000000000E-03,0,0,0,0,8,0,1
0.002281,1.7896868825751477E+02,9.0317035540126952E+01,0.0000000000000000E+00,1.0000000000000000E+30,1.0000000000000001E-05,1.0000000000000000E-03,0,0,0,0,8,0,1
0.002341,1.7767147637697283E+02,1.5210167700104662E+02,0.0000000000000000E+00,1.0000000000000000E+30,1.0000000000000001E-05,1.0000000000000000E-03,0,0,0,0,8,0,1
0.002401,1.7588985101791346E+02,2.5626708573082703E+02,0.0000000000000000E+00,1.0000000000000000E+30,1.0000000000000001E-05,1.0000000000000000E-03,0,0,0,0,8,0,1
0.00246,1.7636094050414636E+02,2.3347535572666035E+02,0.0000000000000000E+00,1.0000000000000000E+30,1.0000000000000001E-05,1.0000000000000000E-03,0,0,0,0,8,0,1
0.00252,1.7856723423195183E+02,1.3367106276677586E+02,0.0000000000000000E+00,1.0000000000000000E+30,1.0000000000000001E-05,1.0000000000000000E-03,0,0,0,0,8,0,1
0.00258,1.7937993045187901E+02,1.0602604951515539E+02,0.0000000000000000E+00,1.0000000000000000E+30,1.0000000000000001E-05,1.0000000000000000E-03,0,0,0,0,8,0,1
0.00264,1.7784834324807008E+02,1.8197685292726823E+02,0.0000000000000000E+00,1.0000000000000000E+30,1.0000000000000001E-05,1.0000000000000000E-03,0,0,0,0,8,0,1
0.0027,1.7662491604872633E+02,2.5272975600816468E+02,0.0000000000000000E+00,1.0000000000000000E+30,1.0000000000000001E-05,1.0000000000000000E-03,0,0,0,0,8,0,1
0.00276,1.7767109160945091E+02,2.0813968649004519E+02,0.0000000000000000E+00,1.0000000000000000E+30,1.0000000000000001E-05,1.0000000000000000E-03,0,0,0,0,8,0,1
0.00282,1.7954594725770303E+02,1.2138388495098862E+02,0.0000000000000000E+00,1.0000000000000000E+30,1.0000000000000001E-05,1.0000000000000000E-03,0,0,0,0,8,0,1
0.00288,1.7967667380506251E+02,1.2616930033678825E+02,0.0000000000000000E+00,1.0000000000000000E+30,1.0000000000000001E-05,1.0000000000000000E-03,0,0,0,0,8,0,1
0.00294,1.7813915010755144E+02,2.0567397209962181E+02,0.0000000000000000E+00,1.0000000000000000E+30,1.0000000000000001E-05,1.0000000000000000E-03,0,0,0,0,8,0,1
0.003,1.7752990528122626E+02,2.4283955695230281E+02,0.0000000000000000E+00,1.0000000000000000E+30,1.0000000000000001E-05,1.0000000000000000E-03,0,0,0,0,8,0,1
0.00306,1.7890638943024621E+02,1.8421858569802370E+02,0.0000000000000000E+00,1.0000000000000000E+30,1.0000000000000001E-05,1.0000000000000000E-03,0,0,0,0,8,0,1
0.00312,1.8033374574541307E+02,1.1973474663264666E+02,0.0000000000000000E+00,1.0000000000000000E+30,1.0000000000000001E-05,1.0000000000000000E-03,0,0,0,0,8,0,1
0.00318,1.7993993920233396E+02,1.4815746649081257E+02,0.0000000000000000E+00,1.0000000000000000E+30,1.0000000000000001E-05,1.0000000000000000E-03,0,0,0,0,8,0,1
0.00324,1.7859468020140068E+02,2.2028709479895355E+02,0.0000000000000000E+00,1.0000000000000000E+30,1.0000000000000001E-05,1.0000000000000000E-03,0,0,0,0,8,0,1
0.0033,1.7855326829559664E+02,2.2856111465165287E+02,0.0000000000000000E+00,1.0000000000000000E+30,1.0000000000000001E-05,1.0000000000000000E-03,0,0,0,0,8,0,1
0.00336,1.8002814110493082E+02,1.6517230984345196E+02,0.0000000000000000E+00,1.0000000000000000E+30,1.0000000000000001E-05,1.0000000000000000E-03,0,0,0,0,8,0,1
0.00342,1.8096365138800010E+02,1.2570944071261346E+02,0.0000000000000000E+00,1.0000000000000000E+30,1.0000000000000001E-05,1.0000000000000000E-03,0,0,0,0,8,0,1
0.00348,1.8023412468249768E+02,1.6914498981355808E+02,0.0000000000000000E+00,1.0000000000000000E+30,1.0000000000000001E-05,1.0000000000000000E-03,0,0,0,0,8,0,1
0.00354,1.7920943822695241E+02,2.2648429110916157E+02,0.0000000000000000E+00,1.0000000000000000E+30,1.0000000000000001E-05,1.0000000000000000E-03,0,0,0,0,8,0,1
0.0036,1.7962912111235738E+02,2.1227059525388410E+02,0.0000000000000000E+00,1.0000000000000000E+30,1.0000000000000001E-05,1.0000000000000000E-03,0,0,0,0,8,0,1
0.00366,1.8101830701998767E+02,1.5241629450999173E+02,0.0000000000000000E+00,1.0000000000000000E+30,1.0000000000000001E-05,1.0000000000000000E-03,0,0,0,0,8,0,1
0.00372,1.8148292605987308E+02,1.3680281344891199E+02,0.0000000000000000E+00,1.0000000000000000E+30,1.0000000000000001E-05,1.0000000000000000E-03,0,0,0,0,8,0,1
0.00378,1.8060296288511319E+02,1.8684490647446756E+02,0.0000000000000000E+00,1.0000000000000000E+30,1.0000000000000001E-05,1.0000000000000000E-03,0,0,0,0,8,0,1
0.00384,1.7996046793680861E+02,2.2559264044030056E+02,0.0000000000000000E+00,1.0000000000000000E+30,1.0000000000000001E-05,1.0000000000000000E-03,0,0,0,0,8,0,1
0.0039,1.8070142437186709E+02,1.9613380802416575E+02,0.0000000000000000E+00,1.0000000000000000E+30,1.0000000000000001E-05,1.0000000000000000E-03,0,0,0,0,8,0,1
0.00396,1.8187679838110012E+02,1.4627259907265866E+02,0.0000000000000000E+00,1.0000000000000000E+30,1.0000000000000001E-05,1.0000000000000000E-03,0,0,0,0,8,0,1
0.00402,1.8194158351600143E+02,1.5056746075022318E+02,0.0000000000000000E+00,1.0000000000000000E+30,1.0000000000000001E-05,1.0000000000000000E-03,0,0,0,0,8,0,1
0.00408,1.8107038900927213E+02,1.9995821536642677E+02,0.0000000000000000E+00,1.0000000000000000E+30,1.0000000000000001E-05,1.0000000000000000E-03,0,0,0,0,8,0,1
0.00414,1.8081294640443861E+02,2.1977477638008421E+02,0.0000000000000000E+00,1.0000000000000000E+30,1.0000000000000001E-05,1.0000000000000000E-03,0,0,0,0,8,0,1
0.0042,1.8172847764299880E+02,1.8219049740993646E+02,0.0000000000000000E+00,1.0000000000000000E+30,1.0000000000000001E-05,1.0000000000000000E-03,0,0,0,0,8,0,1
0.00426,1.8261839117884077E+02,1.4598483253665574E+02,0.0000000000000000E+00,1.0000000000000000E+30,1.0000000000000001E-05,1.0000000000000000E-03,0,0,0,0,8,0,1
0.00432,1.8238561620019482E+02,1.6486520916756427E+02,0.0000000000000000E+00,1.0000000000000000E+30,1.0000000000000001E-05,1.0000000000000000E-03,0,0,0,0,8,0,1
0.00438,1.8164307150810254E+02,2.0804786800789921E+02,0.0000000000000000E+00,1.0000000000000000E+30,1.0000000000000001E-05,1.0000000000000000E-03,0,0,0,0,8,0,1
0.00444,1.8172804120738670E+02,2.1102582188589014E+02,0.0000000000000000E+00,1.0000000000000000E+30,1.0000000000000001E-05,1.0000000000000000E-03,0,0,0,0,8,0,1
0.0045,1.8268460653107391E+02,1.7159303627868806E+02,0.0000000000000000E+00,1.0000000000000000E+30,1.0000000000000001E-05,1.0000000000000000E-03,0,0,0,0,8,0,1
0.00456,1.8326826986533442E+02,1.5028092340614722E+02,0.0000000000000000E+00,1.0000000000000000E+30,1.0000000000000001E-05,1.0000000000000000E-03,0,0,0,0,8,0,1
0.00462,1.8285211455050381E+02,1.7799603720448980E+02,0.0000000000000000E+00,1.0000000000000000E+30,1.0000000000000001E-05,1.0000000000000000E-03,0,0,0,0,8,0,1
0.00468,1.8231395584253534E+02,2.1128124325313843E+02,0.0000000000000000E+00,1.0000000000000000E+30,1.0000000000000001E-05,1.0000000000000000E-03,0,0,0,0,8,0,1
0.00474,1.8266823055935495E+02,2.0105834856542904E+02,0.0000000000000000E+00,1.0000000000000000E+30,1.0000000000000001E-05,1.0000000000000000E-03,0,0,0,0,8,0,1
0.0048,1.8355886101701486E+02,1.6491327156565492E+02,0.0000000000000000E+00,1.0000000000000000E+30,1.0000000000000001E-05,1.0000000000000000E-03,0,0,0,0,8,0,1
0.00486,1.8385643824299439E+02,1.5764016986082197E+02,0.0000000000000000E+00,1.0000000000000000E+30,1.0000000000000001E-05,1.0000000000000000E-03,0,0,0,0,8,0,1
0.00492,1.8336665818409784E+02,1.8875242737067421E+02,0.0000000000000000E+00,1.0000000000000000E+30,1.0000000000000001E-05,1.0000000000000000E-03,0,0,0,0,8,0,1
0.00498,1.8306599960252899E+02,2.1051218521734168E+02,0.0000000000000000E+00,1.0000000000000000E+30,1.0000000000000001E-05,1.0000000000000000E-03,0,0,0,0,8,0,1
0.00504,1.8360149791716802E+02,1.9149013914105174E+02,0.0000000000000000E+00,1.0000000000000000E+30,1.0000000000000001E-05,1.0000000000000000E-03,0,0,0,0,8,0,1
0.0051,1.8435256668069263E+02,1.6213087377122903E+02,0.0000000000000000E+00,1.0000000000000000E+30,1.0000000000000001E-05,1.0000000000000000E-03,0,0,0,0,8,0,1
0.00516,1.8441307997683211E+02,1.6647311684728570E+02,0.0000000000000000E+00,1.0000000000000000E+30,1.0000000000000001E-05,1.0000000000000000E-03,0,0,0,0,8,0,1
0.00522,1.8394268890102663E+02,1.9656549985597485E+02,0.0000000000000000E+00,1.0000000000000000E+30,1.0000000000000001E-05,1.0000000000000000E-03,0,0,0,0,8,0,1
0.00528,1.8387640369281013E+02,2.0690724741496228E+02,0.0000000000000000E+00,1.0000000000000000E+30,1.0000000000000001E-05,1.0000000000000000E-03,0,0,0,0,8,0,1
0.00534,1.8450412073632714E+02,1.8346010751025881E+02,0.0000000000000000E+00,1.0000000000000000E+30,1.0000000000000001E-05,1.0000000000000000E-03,0,0,0,0,8,0,1
0.0054,1.8507626370417796E+02,1.6276952570814251E+02,0.0000000000000000E+00,1.0000000000000000E+30,1.0000000000000001E-05,1.0000000000000000E-03,0,0,0,0,8,0,1
0.00546,1.8496525556049795E+02,1.7549504265487334E+02,0.0000000000000000E+00,1.0000000000000000E+30,1.0000000000000001E-05,1.0000000000000000E-03,0,0,0,0,8,0,1
0.00552,1.8458310799239786E+02,2.0128053376212605E+02,0.0000000000000000E+00,1.0000000000000000E+30,1.0000000000000001E-05,1.0000000000000000E-03,0,0,0,0,8,0,1
0.00558,1.8472112749501730E+02,2.0164456928917480E+02,0.0000000000000000E+00,1.0000000000000000E+30,1.0000000000000001E-05,1.0000000000000000E-03,0,0,0,0,8,0,1
0.00564,1.8536175811212357E+02,1.7760353984405438E+02,0.0000000000000000E+00,1.0000000000000000E+30,1.0000000000000001E-05,1.0000000000000000E-03,0,0,0,0,8,0,1
0.0057,1.8574640088575217E+02,1.6607262122591686E+02,0.0000000000000000E+00,1.0000000000000000E+30,1.0000000000000001E-05,1.0000000000000000E-03,0,0,0,0,8,0,1
0.00576,1.8553439338401006E+02,1.8366277430209584E+02,0.0000000000000000E+00,1.0000000000000000E+30,1.0000000000000001E-05,1.0000000000000000E-03,0,0,0,0,8,0,1
0.00582,1.8528251739837418E+02,2.0307685441117391E+02,0.0000000000000000E+00,1.0000000000000000E+30,1.0000000000000001E-05,1.0000000000000000E-03,0,0,0,0,8,0,1
0.00588,1.8557760229144552E+02,1.9579561291669421E+02,0.0000000000000000E+00,1.0000000000000000E+30,1.0000000000000001E-05,1.0000000000000000E-03,0,0,0,0,8,0,1
0.00594,1.8616894006026220E+02,1.7418325462813229E+02,0.0000000000000000E+00,1.0000000000000000E+30,1.0000000000000001E-05,1.0000000000000000E-03,0,0,0,0,8,0,1
0.006,1.8638170821108778E+02,1.7106226523637571E+02,0.0000000000000000E+00,1.0000000000000000E+30,1.0000000000000001E-05,1.0000000000000000E-03,0,0,0,0,8,0,1
0.00606,1.8613482574157268E+02,1.9028144005235910E+02,0.0000000000000000E+00,1.0000000000000000E+30,1.0000000000000001E-05,1.0000000000000000E-03,0,0,0,0,8,0,1
0.00612,1.8602967367068649E+02,2.0254846248843108E+02,0.0000000000000000E+00,1.0000000000000000E+30,1.0000000000000001E-05,1.0000000000000000E-03,0,0,0,0,8,0,1
0.00618,1.8642701252812512E+02,1.9031524440758628E+02,0.0000000000000000E+00,1.0000000000000000E+30,1.0000000000000001E-05,1.0000000000000000E-03,0,0,0,0,8,0,1
0.00624,1.8692745398013216E+02,1.7312933136115774E+02,0.0000000000000000E+00,1.0000000000000000E+30,1.0000000000000001E-05,1.0000000000000000E-03,0,0,0,0,8,0,1
0.0063,1.8700060319258660E+02,1.7682457796050147E+02,0.0000000000000000E+00,1.0000000000000000E+30,1.0000000000000001E-05,1.0000000000000000E-03,0,0,0,0,8,0,1
0.00636,1.8677363664498048E+02,1.9505512750085450E+02,0.0000000000000000E+00,1.0000000000000000E+30,1.0000000000000001E-05,1.0000000000000000E-03,0,0,0,0,8,0,1
0.00642,1.8681026869709854E+02,2.0040397092021053E+02,0.0000000000000000E+00,1.0000000000000000E+30,1.0000000000000001E-05,1.0000000000000000E-03,0,0,0,0,8,0,1
0.00648,1.8725579074776078E+02,1.8585771365105296E+02,0.0000000000000000E+00,1.0000000000000000E+30,1.0000000000000001E-05,1.0000000000000000E-03,0,0,0,0,8,0,1
0.00654,1.8764444816644021E+02,1.7410330649940627E+02,0.0000000000000000E+00,1.0000000000000000E+30,1.0000000000000001E-05,1.0000000000000000E-03,0,0,0,0,8,0,1
0.0066,1.8761919127695032E+02,1.8259295390976638E+02,0.0000000000000000E+00,1.0000000000000000E+30,1.0000000000000001E-05,1.0000000000000000E-03,0,0,0,0,8,0,1
0.00666,1.8745168281996251E+02,1.9792993520931250E+02,0.0000000000000000E+00,1.0000000000000000E+30,1.0000000000000001E-05,1.0000000000000000E-03,0,0,0,0,8,0,1
0.00672,1.8760956466592916E+02,1.9735347498019578E+02,0.0000000000000000E+00,1.0000000000000000E+30,1.0000000000000001E-05,1.0000000000000000E-03,0,0,0,0,8,0,1
0.00678,1.8805612440820644E+02,1.8277540409701149E+02,0.0000000000000000E+00,1.0000000000000000E+30,1.0000000000000001E-05,1.0000000000000000E-03,0,0,0,0,8,0,1
0.00684,1.8833038836929728E+02,1.7661629540967516E+02,0.0000000000000000E+00,1.0000000000000000E+30,1.0000000000000001E-05,1.0000000000000000E-03,0,0,0,0,8,0,1
0.0069,1.8824992458863625E+02,1.8775206308766448E+02,0.0000000000000000E+00,1.0000000000000000E+30,1.0000000000000001E-05,1.0000000000000000E-03,0,0,0,0,8,0,1
0.00696,1.8816497054287504E+02,1.9905719728110327E+02,0.0000000000000000E+00,1.0000000000000000E+30,1.0000000000000001E-05,1.0000000000000000E-03,0,0,0,0,8,0,1
0.00702,1.8841403363154654E+02,1.9404636839923305E+02,0.0000000000000000E+00,1.0000000000000000E+30,1.0000000000000001E-05,1.0000000000000000E-03,0,0,0,0,8,0,1
0.00708,1.8882541603883854E+02,1.8119464863399136E+02,0.0000000000000000E+00,1.0000000000000000E+30,1.0000000000000001E-05,1.0000000000000000E-03,0,0,0,0,8,0,1
0.00714,1.8899680465943194E+02,1.8006883190660778E+02,0.0000000000000000E+00,1.0000000000000000E+30,1.0000000000000001E-05,1.0000000000000000E-03,0,0,0,0,8,0,1
0.0072,1.8890083936955691E+02,1.9192198065843834E+02,0.0000000000000000E+00,1.0000000000000000E+30,1.0000000000000001E-05,1.0000000000000000E-03,0,0,0,0,8,0,1
0.00726,1.8890619582502603E+02,1.9882237011683785E+02,0.0000000000000000E+00,1.0000000000000000E+30,1.0000000000000001E-05,1.0000000000000000E-03,0,0,0,0,8,0,1
0.00732,1.8921260522734093E+02,1.9104115497486194E+02,0.0000000000000000E+00,1.0000000000000000E+30,1.0000000000000001E-05,1.0000000000000000E-03,0,0,0,0,8,0,1
0.00738,1.8956537494388138E+02,1.8104352389495719E+02,0.0000000000000000E+00,1.0000000000000000E+30,1.0000000000000001E-05,1.0000000000000000E-03,0,0,0,0,8,0,1
0.00744,1.8965484077806337E+02,1.8391469375367478E+02,0.0000000000000000E+00,1.0000000000000000E+30,1.0000000000000001E-05,1.0000000000000000E-03,0,0,0,0,8,0,1
0.0075,1.8957559393867928E+02,1.9494544743347339E+02,0.0000000000000000E+00,1.0000000000000000E+30,1.0000000000000001E-05,1.0000000000000000E-03,0,0,0,0,8,0,1
0.00756,1.8966645574689008E+02,1.9766752200227646E+02,0.0000000000000000E+00,1.0000000000000000E+30,1.0000000000000001E-05,1.0000000000000000E-03,0,0,0,0,8,0,1
0.00762,1.8999753246906917E+02,1.8870933754104902E+02,0.0000000000000000E+00,1.0000000000000000E+30,1.0000000000000001E-05,1.0000000000000000E-03,0,0,0,0,8,0,1
0.00768,1.9028079700793160E+02,1.8209115508865054E+02,0.0000000000000000E+00,1.0000000000000000E+30,1.0000000000000001E-05,1.0000000000000000E-03,0,0,0,0,8,0,1
0.00774,1.9031406364606335E+02,1.8769458476929091E+02,0.0000000000000000E+00,1.0000000000000000E+30,1.0000000000000001E-05,1.0000000000000000E-03,0,0,0,0,8,0,1
0.0078,1.9027417832339106E+02,1.9681295351784468E+02,0.0000000000000000E+00,1.0000000000000000E+30,1.0000000000000001E-05,1.0000000000000000E-03,0,0,0,0,8,0,1
0.00786,1.9043680080432486E+02,1.9603078709493440E+02,0.0000000000000000E+00,1.0000000000000000E+30,1.0000000000000001E-05,1.0000000000000000E-03,0,0,0,0,8,0,1
0.00792,1.9076455883294355E+02,1.8723748621829191E+02,0.0000000000000000E+00,1.0000000000000000E+30,1.0000000000000001E-05,1.0000000000000000E-03,0,0,0,0,8,0,1
0.00798,1.9097827732464165E+02,1.8402076658051993E+02,0.0000000000000000E+00,1.0000000000000000E+30,1.0000000000000001E-05,1.0000000000000000E-03,0,0,0,0,8,0,1
0.00804,1.9098168582436077E+02,1.9105232103805912E+02,0.0000000000000000E+00,1.0000000000000000E+30,1.0000000000000001E-05,1.0000000000000000E-03,0,0,0,0,8,0,1
0.0081,1.9099375303495358E+02,1.9763849371176909E+02,0.0000000000000000E+00,1.0000000000000000E+30,1.0000000000000001E-05,1.0000000000000000E-03,0,0,0,0,8,0,1
0.00816,1.9120912727754262E+02,1.9428953240606322E+02,0.0000000000000000E+00,1.0000000000000000E+30,1.0000000000000001E-05,1.0000000000000000E-03,0,0,0,0,8,0,1
0.00822,1.9151256992414028E+02,1.8669050255348830E+02,0.0000000000000000E+00,1.0000000000000000E+30,1.0000000000000001E-05,1.0000000000000000E-03,0,0,0,0,8,0,1
0.00828,1.9166487737088173E+02,1.8647683470033820E+02,0.0000000000000000E+00,1.0000000000000000E+30,1.0000000000000001E-05,1.0000000000000000E-03,0,0,0,0,8,0,1
0.00834,1.9166218754607911E+02,1.9378513563577854E+02,0.0000000000000000E+00,1.0000000000000000E+30,1.0000000000000001E-05,1.0000000000000000E-03,0,0,0,0,8,0,1
0.0084,1.9172962179922186E+02,1.9766677180158521E+02,0.0000000000000000E+00,1.0000000000000000E+30,1.0000000000000001E-05,1.0000000000000000E-03,0,0,0,0,8,0,1
0.00846,1.9197694978224260E+02,1.9277733745760227E+02,0.0000000000000000E+00,1.0000000000000000E+30,1.0000000000000001E-05,1.0000000000000000E-03,0,0,0,0,8,0,1
0.00852,1.9224295221090500E+02,1.8700392758170761E+02,0.0000000000000000E+00,1.0000000000000000E+30,1.0000000000000001E-05,1.0000000000000000E-03,0,0,0,0,8,0,1
0.00858,1.9234733263106094E+02,1.8912706684134017E+02,0.0000000000000000E+00,1.0000000000000000E+30,1.0000000000000001E-05,1.0000000000000000E-03,0,0,0,0,8,0,1
0.00864,1.9235742291297899E+02,1.9580591966898331E+02,0.0000000000000000E+00,1.0000000000000000E+30,1.0000000000000001E-05,1.0000000000000000E-03,0,0,0,0,8,0,1
0.0087,1.9247628026033513E+02,1.9717477643491324E+02,0.0000000000000000E+00,1.0000000000000000E+30,1.0000000000000001E-05,1.0000000000000000E-03,0,0,0,0,8,0,1
0.00876,1.9273586798443930E+02,1.9170239652449231E+02,0.0000000000000000E+00,1.0000000000000000E+30,1.0000000000000001E-05,1.0000000000000000E-03,0,0,0,0,8,0,1
0.008821,1.9296130477307193E+02,1.8802017311228406E+02,0.0000000000000000E+00,1.0000000000000000E+30,1.0000000000000001E-05,1.0000000000000000E-03,0,0,0,0,8,0,1
0.008881,1.9303162934862689E+02,1.9179730712661828E+02,0.0000000000000000E+00,1.0000000000000000E+30,1.0000000000000001E-05,1.0000000000000000E-03,0,0,0,0,8,0,1
0.008941,1.9306848368188957E+02,1.9717778892222344E+02,0.0000000000000000E+00,1.0000000000000000E+30,1.0000000000000001E-05,1.0000000000000000E-03,0,0,0,0,8,0,1
0.009001,1.9323218580588224E+02,1.9635621855456586E+02,0.0000000000000000E+00,1.0000000000000000E+30,1.0000000000000001E-05,1.0000000000000000E-03,0,0,0,0,8,0,1
0.009061,1.9348765607081390E+02,1.9108729772390015E+02,0.0000000000000000E+00,1.0000000000000000E+30,1.0000000000000001E-05,1.0000000000000000E-03,0,0,0,0,8,0,1
0.009121,1.9366622182474839E+02,1.8957919918805712E+02,0.0000000000000000E+00,1.0000000000000000E+30,1.0000000000000001E-05,1.0000000000000000E-03,0,0,0,0,8,0,1
0.009181,1.9372145812788185E+02,1.9407251450926702E+02,0.0000000000000000E+00,1.0000000000000000E+30,1.0000000000000001E-05,1.0000000000000000E-03,0,0,0,0,8,0,1
0.009241,1.9379131384731059E+02,1.9784401624379336E+02,0.0000000000000000E+00,1.0000000000000000E+30,1.0000000000000001E-05,1.0000000000000000E-03,0,0,0,0,8,0,1
0.009301,1.9398486206633507E+02,1.9557279324725593E+02,0.0000000000000000E+00,1.0000000000000000E+30,1.0000000000000001E-05,1.0000000000000000E-03,0,0,0,0,8,0,1
0.009361,1.9422316180137483E+02,1.9114542813984323E+02,0.0000000000000000E+00,1.0000000000000000E+30,1.0000000000000001E-05,1.0000000000000000E-03,0,0,0,0,8,0,1
0.009421,1.9436535089474802E+02,1.9141350759271239E+02,0.0000000000000000E+00,1.0000000000000000E+30,1.0000000000000001E-05,1.0000000000000000E-03,0,0,0,0,8,0,1
0.009481,1.9441960429800170E+02,1.9594605632483103E+02,0.0000000000000000E+00,1.0000000000000000E+30,1.0000000000000001E-05,1.0000000000000000E-03,0,0,0,0,8,0,1
0.009541,1.9452347964901119E+02,1.9805471945969737E+02,0.0000000000000000E+00,1.0000000000000000E+30,1.0000000000000001E-05,1.0000000000000000E-03,0,0,0,0,8,0,1
0.009601,1.9473405834208623E+02,1.9496392922097206E+02,0.0000000000000000E+00,1.0000000000000000E+30,1.0000000000000001E-05,1.0000000000000000E-03,0,0,0,0,8,0,1
0.009661,1.9494812089742987E+02,1.9171713121774812E+02,0.0000000000000000E+00,1.0000000000000000E+30,1.0000000000000001E-05,1.0000000000000000E-03,0,0,0,0,8,0,1
0.009721,1.9506273272091468E+02,1.9332961060492684E+02,0.0000000000000000E+00,1.0000000000000000E+30,1.0000000000000001E-05,1.0000000000000000E-03,0,0,0,0,8,0,1
0.009781,1.9512689936877393E+02,1.9737508890889794E+02,0.0000000000000000E+00,1.0000000000000000E+30,1.0000000000000001E-05,1.0000000000000000E-03,0,0,0,0,8,0,1
0.009841,1.9526156192260507E+02,1.9797950396926555E+02,0.0000000000000000E+00,1.0000000000000000E+30,1.0000000000000001E-05,1.0000000000000000E-03,0,0,0,0,8,0,1
0.009901,1.9547734396388719E+02,1.9464234168123559E+02,0.0000000000000000E+00,1.0000000000000000E+30,1.0000000000000001E-05,1.0000000000000000E-03,0,0,0,0,8,0,1
0.009961,1.9566466761291343E+02,1.9269857539934182E+02,0.0000000000000000E+00,1.0000000000000000E+30,1.0000000000000001E-05,1.0000000000000000E-03,0,0,0,0,8,0,1
0.010021,1.9576166688422239E+02,1.9516121155184294E+02,0.0000000000000000E+00,1.0000000000000000E+30,1.0000000000000001E-05,1.0000000000000000E-03,0,0,0,0,8,0,1
0.010081,1.9584290262184919E+02,1.9837965165448986E+02,0.0000000000000000E+00,1.0000000000000000E+30,1.0000000000000001E-05,1.0000000000000000E-03,0,0,0,0,8,0,1
0.010141,1.9600225729950347E+02,1.9777864912360522E+02,0.0000000000000000E+00,1.0000000000000000E+30,1.0000000000000001E-05,1.0000000000000000E-03,0,0,0,0,8,0,1
0.010201,1.9621356831760215E+02,1.9465953324110575E+02,0.0000000000000000E+00,1.0000000000000000E+30,1.0000000000000001E-05,1.0000000000000000E-03,0,0,0,0,8,0,1
0.010261,1.9637536997162437E+02,1.9396248350942616E+02,0.0000000000000000E+00,1.0000000000000000E+30,1.0000000000000001E-05,1.0000000000000000E-03,0,0,0,0,8,0,1
0.010321,1.9646449651966347E+02,1.9680169829872796E+02,0.0000000000000000E+00,1.0000000000000000E+30,1.0000000000000001E-05,1.0000000000000000E-03,0,0,0,0,8,0,1
0.010381,1.9656622949504271E+02,1.9902216291629335E+02,0.0000000000000000E+00,1.0000000000000000E+30,1.0000000000000001E-05,1.0000000000000000E-03,0,0,0,0,8,0,1
0.010441,1.9674270961526167E+02,1.9758849284379667E+02,0.0000000000000000E+00,1.0000000000000000E+30,1.0000000000000001E-05,1.0000000000000000E-03,0,0,0,0,8,0,1
0.010501,1.9694268489281615E+02,1.9502458125328573E+02,0.0000000000000000E+00,1.0000000000000000E+30,1.0000000000000001E-05,1.0000000000000000E-03,0,0,0,0,8,0,1
0.010561,1.9708290926425099E+02,1.9538203302513597E+02,0.0000000000000000E+00,1.0000000000000000E+30,1.0000000000000001E-05,1.0000000000000000E-03,0,0,0,0,8,0,1
0.010621,1.9717253943455196E+02,1.9819051320685114E+02,0.0000000000000000E+00,1.0000000000000000E+30,1.0000000000000001E-05,1.0000000000000000E-03,0,0,0,0,8,0,1
0.010681,1.9729495448973969E+02,1.9939798566150665E+02,0.0000000000000000E+00,1.0000000000000000E+30,1.0000000000000001E-05,1.0000000000000000E-03,0,0,0,0,8,0,1
0.010741,1.9748075284209614E+02,1.9751768548780129E+02,0.0000000000000000E+00,1.0000000000000000E+30,1.0000000000000001E-05,1.0000000000000000E-03,0,0,0,0,8,0,1
0.010801,1.9766550556568185E+02,1.9569620101969517E+02,0.0000000000000000E+00,1.0000000000000000E+30,1.0000000000000001E-05,1.0000000000000000E-03,0,0,0,0,8,0,1
0.010861,1.9778970037360466E+02,1.9683362057119123E+02,0.0000000000000000E+00,1.0000000000000000E+30,1.0000000000000001E-05,1.0000000000000000E-03,0,0,0,0,8,0,1
0.010921,1.9788617960874885E+02,1.9930525082580286E+02,0.0000000000000000E+00,1.0000000000000000E+30,1.0000000000000001E-05,1.0000000000000000E-03,0,0,0,0,8,0,1
0.010981,1.9802698908734936E+02,1.9961383163451211E+02,0.0000000000000000E+00,1.0000000000000000E+30,1.0000000000000001E-05,1.0000000000000000E-03,0,0,0,0,8,0,1
0.011041,1.9821502160500131E+02,1.9762911662763400E+02,0.0000000000000000E+00,1.0000000000000000E+30,1.0000000000000001E-05,1.0000000000000000E-03,0,0,0,0,8,0,1
0.011101,1.9838338916793666E+02,1.9660737720192250E+02,0.0000000000000000E+00,1.0000000000000000E+30,1.0000000000000001E-05,1.0000000000000000E-03,0,0,0,0,8,0,1
0.011161,1.9849768193524531E+02,1.9821954528065930E+02,0.0000000000000000E+00,1.0000000000000000E+30,1.0000000000000001E-05,1.0000000000000000E-03,0,0,0,0,8,0,1
0.011221,1.9860504502707306E+02,2.0016442180886429E+02,0.0000000000000000E+00,1.0000000000000000E+30,1.0000000000000001E-05,1.0000000000000000E-03,0,0,0,0,8,0,1
0.011281,1.9876033512614868E+02,1.9976639834182205E+02,0.0000000000000000E+00,1.0000000000000000E+30,1.0000000000000001E-05,1.0000000000000000E-03,0,0,0,0,8,0,1
0.011341,1.9894492044725709E+02,1.9795065998632242E+02,0.0000000000000000E+00,1.0000000000000000E+30,1.0000000000000001E-05,1.0000000000000000E-03,0,0,0,0,8,0,1
0.011401,1.9909792182286833E+02,1.9767873638841539E+02,0.0000000000000000E+00,1.0000000000000000E+30,1.0000000000000001E-05,1.0000000000000000E-03,0,0,0,0,8,0,1
0.011461,1.9920818931205929E+02,1.9948446378959443E+02,0.0000000000000000E+00,1.0000000000000000E+30,1.0000000000000001E-05,1.0000000000000000E-03,0,0,0,0,8,0,1
0.011521,1.9932821792007394E+02,2.0081220759706588E+02,0.0000000000000000E+00,1.0000000000000000E+30,1.0000000000000001E-05,1.0000000000000000E-03,0,0,0,0,8,0,1
0.011581,1.9949330468284037E+02,1.9993849983967817E+02,0.0000000000000000E+00,1.0000000000000000E+30,1.0000000000000001E-05,1.0000000000000000E-03,0,0,0,0,8,0,1
0.011641,1.9967050875558573E+02,1.9848107330725480E+02,0.0000000000000000E+00,1.0000000000000000E+30,1.0000000000000001E-05,1.0000000000000000E-03,0,0,0,0,8,0,1
0.011701,1.9981073594410208E+02,1.9883407329984644E+02,0.0000000000000000E+00,1.0000000000000000E+30,1.0000000000000001E-05,1.0000000000000000E-03,0,0,0,0,8,0,1
0.011761,1.9992193962995634E+02,2.0059162610655466E+02,0.0000000000000000E+00,1.0000000000000000E+30,1.0000000000000001E-05,1.0000000000000000E-03,0,0,0,0,8,0,1
0.011821,2.0003421716691966E+02,2.0130485972930950E+02,0.0000000000000000E+00,1.0000000000000000E+30,1.0000000000000001E-05,1.0000000000000000E-03,0,0,0,0,8,0,1
0.011881,2.0006185525196867E+02,2.0017497977442505E+02,0.0000000000000000E+00,1.0000000000000000E+30,1.0000000000000001E-05,1.0000000000000000E-03,0,0,0,0,8,0,1
0.011941,2.0006061091220263E+02,1.9893906702118028E+02,0.0000000000000000E+00,1.0000000000000000E+30,1.0000000000000001E-05,1.0000000000000000E-03,0,0,0,0,8,0,1
0.012001,2.0004811613644711E+02,1.9940870503671502E+02,0.0000000000000000E+00,1.0000000000000000E+30,1.0000000000000001E-05,1.0000000000000000E-03,0,0,0,0,8,0,1
0.012061,2.0004388203539625E+02,2.0077598637220458E+02,0.0000000000000000E+00,1.0000000000000000E+30,1.0000000000000001E-05,1.0000000000000000E-03,0,0,0,0,8,0,1
0.012121,2.0005347244765494E+02,2.0102088265594458E+02,0.0000000000000000E+00,1.0000000000000000E+30,1.0000000000000001E-05,1.0000000000000000E-03,0,0,0,0,8,0,1
0.012181,2.0006230466279018E+02,1.9987314373766887E+02,0.0000000000000000E+00,1.0000000000000000E+30,1.0000000000000001E-05,1.0000000000000000E-03,0,0,0,0,8,0,1
0.012241,2.0005762991349081E+02,1.9905673648474581E+02,0.0000000000000000E+00,1.0000000000000000E+30,1.0000000000000001E-05,1.0000000000000000E-03,0,0,0,0,8,0,1
0.012301,2.0004708705634701E+02,1.9973788860076229E+02,0.0000000000000000E+00,1.0000000000000000E+30,1.0000000000000001E-05,1.0000000000000000E-03,0,0,0,0,8,0,1
0.012361,2.0004623880651738E+02,2.0083501578678531E+02,0.0000000000000000E+00,1.0000000000000000E+30,1.0000000000000001E-05,1.0000000000000000E-03,0,0,0,0,8,0,1
0.012421,2.0005561918074400E+02,2.0073860678900252E+02,0.0000000000000000E+00,1.0000000000000000E+30,1.0000000000000001E-05,1.0000000000000000E-03,0,0,0,0,8,0,1
0.012481,2.0006113482747980E+02,1.9967388434136492E+02,0.0000000000000000E+00,1.0000000000000000E+30,1.0000000000000001E-05,1.0000000000000000E-03,0,0,0,0,8,0,1
0.012541,2.0005507302325194E+02,1.9922577281888857E+02,0.0000000000000000E+00,1.0000000000000000E+30,1.0000000000000001E-05,1.0000000000000000E-03,0,0,0,0,8,0,1
0.012601,2.0004689223580976E+02,2.0000257630031214E+02,0.0000000000000000E+00,1.0000000000000000E+30,1.0000000000000001E-05,1.0000000000000000E-03,0,0,0,0,8,0,1
0.012661,2.0004853022127011E+02,2.0080987492194561E+02,0.0000000000000000E+00,1.0000000000000000E+30,1.0000000000000001E-05,1.0000000000000000E-03,0,0,0,0,8,0,1
0.012721,2.0005695886568489E+02,2.0047862303065705E+02,0.0000000000000000E+00,1.0000000000000000E+30,1.0000000000000001E-05,1.0000000000000000E-03,0,0,0,0,8,0,1
0.012781,2.0005963716473730E+02,1.9956405952766062E+02,0.0000000000000000E+00,1.0000000000000000E+30,1.0000000000000001E-05,1.0000000000000000E-03,0,0,0,0,8,0,1
0.012841,2.0005308915744024E+02,1.9941639659093849E+02,0.0000000000000000E+00,1.0000000000000000E+30,1.0000000000000001E-05,1.0000000000000000E-03,0,0,0,0,8,0,1
0.012901,2.0004730717500209E+02,2.0019741300064405E+02,0.0000000000000000E+00,1.0000000000000000E+30,1.0000000000000001E-05,1.0000000000000000E-03,0,0,0,0,8,0,1
0.012961,2.0005058298113707E+02,2.0072736191093634E+02,0.0000000000000000E+00,1.0000000000000000E+30,1.0000000000000001E-05,1.0000000000000000E-03,0,0,0,0,8,0,1
0.013021,2.0005760469619895E+02,2.0025592682891252E+02,0.0000000000000000E+00,1.0000000000000000E+30,1.0000000000000001E-05,1.0000000000000000E-03,0,0,0,0,8,0,1
0.013081,2.0005802948871590E+02,1.9952789512273628E+02,0.0000000000000000E+00,1.0000000000000000E+30,1.0000000000000001E-05,1.0000000000000000E-03,0,0,0,0,8,0,1
0.013141,2.0005168668886387E+02,1.9960733746344394E+02,0.0000000000000000E+00,1.0000000000000000E+30,1.0000000000000001E-05,1.0000000000000000E-03,0,0,0,0,8,0,1
0.013201,2.0004811926643896E+02,2.0032522121893282E+02,0.0000000000000000E+00,1.0000000000000000E+30,1.0000000000000001E-05,1.0000000000000000E-03,0,0,0,0,8,0,1
0.013261,2.0005228840062017E+02,2.0061022789575398E+02,0.0000000000000000E+00,1.0000000000000000E+30,1.0000000000000001E-05,1.0000000000000000E-03,0,0,0,0,8,0,1
0.013321,2.0005769870624556E+02,2.0007920131601657E+02,0.0000000000000000E+00,1.0000000000000000E+30,1.0000000000000001E-05,1.0000000000000000E-03,0,0,0,0,8,0,1
0.013381,2.0005647771374635E+02,1.9954841091714695E+02,0.0000000000000000E+00,1.0000000000000000E+30,1.0000000000000001E-05,1.0000000000000000E-03,0,0,0,0,8,0,1
0.013441,2.0005082264653194E+02,1.9978271510282340E+02,0.0000000000000000E+00,1.0000000000000000E+30,1.0000000000000001E-05,1.0000000000000000E-03,0,0,0,0,8,0,1
0.013501,2.0004914567090290E+02,2.0039369987420920E+02,0.0000000000000000E+00,1.0000000000000000E+30,1.0000000000000001E-05,1.0000000000000000E-03,0,0,0,0,8,0,1
0.013561,2.0005360053422183E+02,2.0047934605983718E+02,0.0000000000000000E+00,1.0000000000000000E+30,1.0000000000000001E-05,1.0000000000000000E-03,0,0,0,0,8,0,1
0.013621,2.0005739056690157E+02,1.9995072706232182E+02,0.0000000000000000E+00,1.0000000000000000E+30,1.0000000000000001E-05,1.0000000000000000E-03,0,0,0,0,8,0,1
0.013681,2.0005509839597408E+02,1.9960662028200372E+02,0.0000000000000000E+00,1.0000000000000000E+30,1.0000000000000001E-05,1.0000000000000000E-03,0,0,0,0,8,0,1
0.013741,2.0005041999311487E+02,1.9993141203346499E+02,0.0000000000000000E+00,1.0000000000000000E+30,1.0000000000000001E-05,1.0000000000000000E-03,0,0,0,0,8,0,1
0.013801,2.0005023801985274E+02,2.0041372074134105E+02,0.0000000000000000E+00,1.0000000000000000E+30,1.0000000000000001E-05,1.0000000000000000E-03,0,0,0,0,8,0,1
0.013861,2.0005451883006990E+02,2.0034967222480293E+02,0.0000000000000000E+00,1.0000000000000000E+30,1.0000000000000001E-05,1.0000000000000000E-03,0,0,0,0,8,0,1
0.013921,2.0005682308127820E+02,1.9986735368750766E+02,0.0000000000000000E+00,1.0000000000000000E+30,1.0000000000000001E-05,1.0000000000000000E-03,0,0,0,0,8,0,1
0.013981,2.0005396076862715E+02,1.9968646905375422E+02,0.0000000000000000E+00,1.0000000000000000E+30,1.0000000000000001E-05,1.0000000000000000E-03,0,0,0,0,8,0,1
0.014041,2.0005038251070621E+02,2.0004826282129775E+02,0.0000000000000000E+00,1.0000000000000000E+30,1.0000000000000001E-05,1.0000000000000000E-03,0,0,0,0,8,0,1
0.014101,2.0005128473933050E+02,2.0039727893503502E+02,0.0000000000000000E+00,1.0000000000000000E+30,1.0000000000000001E-05,1.0000000000000000E-03,0,0,0,0,8,0,1
0.014161,2.0005507576540219E+02,2.0023166890924526E+02,0.0000000000000000E+00,1.0000000000000000E+30,1.0000000000000001E-05,1.0000000000000000E-03,0,0,0,0,8,0,1
0.014221,2.0005611884898570E+02,1.9982341054642654E+02,0.0000000000000000E+00,1.0000000000000000E+30,1.0000000000000001E-05,1.0000000000000000E-03,0,0,0,0,8,0,1
0.014281,2.0005309244394229E+02,1.9977491133281532E+02,0.0000000000000000E+00,1.0000000000000000E+30,1.0000000000000001E-05,1.0000000000000000E-03,0,0,0,0,8,0,1
0.014341,2.0005060881600241E+02,2.0013253821519277E+02,0.0000000000000000E+00,1.0000000000000000E+30,1.0000000000000001E-05,1.0000000000000000E-03,0,0,0,0,8,0,1
0.014401,2.0005220914078100E+02,2.0035626361582069E+02,0.0000000000000000E+00,1.0000000000000000E+30,1.0000000000000001E-05,1.0000000000000000E-03,0,0,0,0,8,0,1
0.014461,2.0005532541492627E+02,2.0013205353996190E+02,0.0000000000000000E+00,1.0000000000000000E+30,1.0000000000000001E-05,1.0000000000000000E-03,0,0,0,0,8,0,1
0.014521,2.0005537678407919E+02,1.9981171294420898E+02,0.0000000000000000E+00,1.0000000000000000E+30,1.0000000000000001E-05,1.0000000000000000E-03,0,0,0,0,8,0,1
0.014581,2.0005249043663792E+02,1.9986222783700165E+02,0.0000000000000000E+00,1.0000000000000000E+30,1.0000000000000001E-05,1.0000000000000000E-03,0,0,0,0,8,0,1
0.014641,2.0005100413808782E+02,2.0018640057240611E+02,0.0000000000000000E+00,1.0000000000000000E+30,1.0000000000000001E-05,1.0000000000000000E-03,0,0,0,0,8,0,1
0.014701,2.0005296652932802E+02,2.0030077028266675E+02,0.0000000000000000E+00,1.0000000000000000E+30,1.0000000000000001E-05,1.0000000000000000E-03,0,0,0,0,8,0,1
0.014761,2.0005533297005258E+02,2.0005422443280190E+02,0.0000000000000000E+00,1.0000000000000000E+30,1.0000000000000001E-05,1.0000000000000000E-03,0,0,0,0,8,0,1
0.014821,2.0005467092721565E+02,1.9982461013211088E+02,0.0000000000000000E+00,1.0000000000000000E+30,1.0000000000000001E-05,1.0000000000000000E-03,0,0,0,0,8,0,1
0.014881,2.0005213117466116E+02,1.9994138546273714E+02,0.0000000000000000E+00,1.0000000000000000E+30,1.0000000000000001E-05,1.0000000000000000E-03,0,0,0,0,8,0,1
0.014941,2.0005148637771845E+02,2.0021372277995945E+02,0.0000000000000000E+00,1.0000000000000000E+30,1.0000000000000001E-05,1.0000000000000000E-03,0,0,0,0,8,0,1
0.015001,2.0005354059995429E+02,2.0024008848421090E+02,0.0000000000000000E+00,1.0000000000000000E+30,1.0000000000000001E-05,1.0000000000000000E-03,0,0,0,0,8,0,1
0.015061,2.0005516690598441E+02,1.9999860467509765E+02,0.0000000000000000E+00,1.0000000000000000E+30,1.0000000000000001E-05,1.0000000000000000E-03,0,0,0,0,8,0,1
0.015121,2.0005405149115711E+02,1.9985352372948677E+02,0.0000000000000000E+00,1.0000000000000000E+30,1.0000000000000001E-05,1.0000000000000000E-03,0,0,0,0,8,0,1
0.015181,2.0005197717214406E+02,2.0000764191278685E+02,0.0000000000000000E+00,1.0000000000000000E+30,1.0000000000000001E-05,1.0000000000000000E-03,0,0,0,0,8,0,1
0.015241,2.0005198966687917E+02,2.0021967259505146E+02,0.0000000000000000E+00,1.0000000000000000E+30,1.0000000000000001E-05,1.0000000000000000E-03,0,0,0,0,8,0,1
0.015301,2.0005393452385067E+02,2.0018086299990270E+02,0.0000000000000000E+00,1.0000000000000000E+30,1.0000000000000001E-05,1.0000000000000000E-03,0,0,0,0,8,0,1
0.015361,2.0005489127114862E+02,1.9996342527678456E+02,0.0000000000000000E+00,1.0000000000000000E+30,1.0000000000000001E-05,1.0000000000000000E-03,0,0,0,0,8,0,1
0.015421,2.0005354709804146E+02,1.9989133533541698E+02,0.0000000000000000E+00,1.0000000000000000E+30,1.0000000000000001E-05,1.0000000000000000E-03,0,0,0,0,8,0,1
0.015481,2.0005198344800240E+02,2.0005896758458863E+02,0.0000000000000000E+00,1.0000000000000000E+30,1.0000000000000001E-05,1.0000000000000000E-03,0,0,0,0,8,0,1
0.015541,2.0005246600969576E+02,1.3870764803291371E+02,-6.0000000000000000E+00,1.0000000000000000E+30,1.0000000000000001E-05,1.0000000000000000E-03,0,0,0,0,8,0,1
0.015601,1.9858100558614998E+02,1.3725534528265032E+02,-6.0000000000000000E+00,1.0000000000000000E+30,1.0000000000000001E-05,1.0000000000000000E-03,0,0,0,0,8,0,1
0.015661,1.9549255569480687E+02,2.4570157143523107E+02,-6.0000000000000000E+00,1.0000000000000000E+30,1.0000000000000001E-05,1.0000000000000000E-03,0,0,0,0,8,0,1
0.015721,1.9295304857644979E+02,2.5043493490329777E+02,-6.0000000000000000E+00,1.0000000000000000E+30,1.0000000000000001E-05,1.0000000000000000E-03,0,0,0,0,8,0,1
0.015781,1.9290856654345691E+02,2.0786010788482992E+02,-6.0000000000000000E+00,1.0000000000000000E+30,1.0000000000000001E-05,1.0000000000000000E-03,0,0,0,0,8,0,1
0.015841,1.9280965373023196E+02,1.3283750106599456E+02,-6.0000000000000000E+00,1.0000000000000000E+30,1.0000000000000001E-05,1.0000000000000000E-03,0,0,0,0,8,0,1
0.015901,1.9070867243720585E+02,1.4604542348816986E+02,-6.0000000000000000E+00,1.0000000000000000E+30,1.0000000000000001E-05,1.0000000000000000E-03,0,0,0,0,8,0,1
0.015961,1.8775027260397141E+02,2.4075113146556052E+02,-6.0000000000000000E+00,1.0000000000000000E+30,1.0000000000000001E-05,1.0000000000000000E-03,0,0,0,0,8,0,1
0.016021,1.8593181838769758E+02,2.3618323319833260E+02,-6.0000000000000000E+00,1.0000000000000000E+30,1.0000000000000001E-05,1.0000000000000000E-03,0,0,0,0,8,0,1
0.016081,1.8589502748485580E+02,1.6899655823688335E+02,-6.0000000000000000E+00,1.0000000000000000E+30,1.0000000000000001E-05,1.0000000000000000E-03,0,0,0,0,8,0,1
0.016141,1.8535405817412578E+02,1.3021149083532180E+02,-6.0000000000000000E+00,1.0000000000000000E+30,1.0000000000000001E-05,1.0000000000000000E-03,0,0,0,0,8,0,1
0.016201,1.8287798964766083E+02,1.6323847432818013E+02,-6.0000000000000000E+00,1.0000000000000000E+30,1.0000000000000001E-05,1.0000000000000000E-03,0,0,0,0,8,0,1
0.016261,1.8016500428035880E+02,2.3345727380742076E+02,-6.0000000000000000E+00,1.0000000000000000E+30,1.0000000000000001E-05,1.0000000000000000E-03,0,0,0,0,8,0,1
0.016321,1.7892994920807351E+02,2.1565813936444061E+02,-6.0000000000000000E+00,1.0000000000000000E+30,1.0000000000000001E-05,1.0000000000000000E-03,0,0,0,0,8,0,1
0.016381,1.7878778911777303E+02,1.4463464488839801E+02,-6.0000000000000000E+00,1.0000000000000000E+30,1.0000000000000001E-05,1.0000000000000000E-03,0,0,0,0,8,0,1
0.016441,1.7773865474158202E+02,1.3088048483915568E+02,-6.0000000000000000E+00,1.0000000000000000E+30,1.0000000000000001E-05,1.0000000000000000E-03,0,0,0,0,8,0,1
0.016501,1.7510766812985793E+02,1.8689178140092983E+02,0.0000000000000000E+00,1.0000000000000000E+30,1.0000000000000001E-05,1.0000000000000000E-03,0,0,0,0,8,0,1
0.016561,1.7277602867185172E+02,2.8442194985035718E+02,0.0000000000000000E+00,1.0000000000000000E+30,1.0000000000000001E-05,1.0000000000000000E-03,0,0,0,0,8,0,1
0.016621,1.7457350585771255E+02,2.5032901000304159E+02,0.0000000000000000E+00,1.0000000000000000E+30,1.0000000000000001E-05,1.0000000000000000E-03,0,0,0,0,8,0,1
0.016681,1.7740154241676350E+02,7.4807169006768746E+01,0.0000000000000000E+00,1.0000000000000000E+30,1.0000000000000001E-05,1.0000000000000000E-03,0,0,0,0,8,0,1
0.016741,1.7770779194769582E+02,8.7385966673994517E+01,0.0000000000000000E+00,1.0000000000000000E+30,1.0000000000000001E-05,1.0000000000000000E-03,0,0,0,0,8,0,1
0.016801,1.7515622516312501E+02,2.2937945439706888E+02,0.0000000000000000E+00,1.0000000000000000E+30,1.0000000000000001E-05,1.0000000000000000E-03,0,0,0,0,8,0,1
0.016861,1.7381128284553972E+02,2.7208554704463165E+02,0.0000000000000000E+00,1.0000000000000000E+30,1.0000000000000001E-05,1.0000000000000000E-03,0,0,0,0,8,0,1
0.016921,1.7607931994008376E+02,1.9751981075656172E+02,0.0000000000000000E+00,1.0000000000000000E+30,1.0000000000000001E-05,1.0000000000000000E-03,0,0,0,0,8,0,1
0.016981,1.7834867563517020E+02,7.9447620110429085E+01,0.0000000000000000E+00,1.0000000000000000E+30,1.0000000000000001E-05,1.0000000000000000E-03,0,0,0,0,8,0,1
0.017041,1.7765197345930972E+02,1.1690714853389129E+02,0.0000000000000000E+00,1.0000000000000000E+30,1.0000000000000001E-05,1.0000000000000000E-03,0,0,0,0,8,0,1
0.017101,1.7540239532302857E+02,2.4981659144413021E+02,0.0000000000000000E+00,1.0000000000000000E+30,1.0000000000000001E-05,1.0000000000000000E-03,0,0,0,0,8,0,1
0.017161,1.7506919271127060E+02,2.5516652300729538E+02,0.0000000000000000E+00,1.0000000000000000E+30,1.0000000000000001E-05,1.0000000000000000E-03,0,0,0,0,8,0,1
0.017221,1.7743172058020966E+02,1.5697721911077375E+02,0.0000000000000000E+00,1.0000000000000000E+30,1.0000000000000001E-05,1.0000000000000000E-03,0,0,0,0,8,0,1
0.017281,1.7896949281391926E+02,9.0437331016270832E+01,0.0000000000000000E+00,1.0000000000000000E+30,1.0000000000000001E-05,1.0000000000000000E-03,0,0,0,0,8,0,1
0.017341,1.7767597750649779E+02,1.5210190258132351E+02,0.0000000000000000E+00,1.0000000000000000E+30,1.0000000000000001E-05,1.0000000000000000E-03,0,0,0,0,8,0,1
0.017401,1.7589714390239632E+02,2.5616082770708209E+02,0.0000000000000000E+00,1.0000000000000000E+30,1.0000000000000001E-05,1.0000000000000000E-03,0,0,0,0,8,0,1
0.017461,1.7639844671805852E+02,2.3231963346141498E+02,0.0000000000000000E+00,1.0000000000000000E+30,1.0000000000000001E-05,1.0000000000000000E-03,0,0,0,0,8,0,1
0.017521,1.7860051391537809E+02,1.3208719638334219E+02,0.0000000000000000E+00,1.0000000000000000E+30,1.0000000000000001E-05,1.0000000000000000E-03,0,0,0,0,8,0,1
0.017581,1.7937228803942776E+02,1.0680795419529844E+02,0.0000000000000000E+00,1.0000000000000000E+30,1.0000000000000001E-05,1.0000000000000000E-03,0,0,0,0,8,0,1
0.017641,1.7782187888739324E+02,1.8367029954696585E+02,0.0000000000000000E+00,1.0000000000000000E+30,1.0000000000000001E-05,1.0000000000000000E-03,0,0,0,0,8,0,1
0.017701,1.7662878602063068E+02,2.5263530174108465E+02,0.0000000000000000E+00,1.0000000000000000E+30,1.0000000000000001E-05,1.0000000000000000E-03,0,0,0,0,8,0,1
0.017761,1.7770923078353550E+02,2.0671109604961353E+02,0.0000000000000000E+00,1.0000000000000000E+30,1.0000000000000001E-05,1.0000000000000000E-03,0,0,0,0,8,0,1
0.017821,1.7956848944316025E+02,1.2062552872159534E+02,0.0000000000000000E+00,1.0000000000000000E+30,1.0000000000000001E-05,1.0000000000000000E-03,0,0,0,0,8,0,1
0.017881,1.7966165290942754E+02,1.2723833866926284E+02,0.0000000000000000E+00,1.0000000000000000E+30,1.0000000000000001E-05,1.0000000000000000E-03,0,0,0,0,8,0,1
0.017941,1.7812058523300774E+02,2.0698863293514182E+02,0.0000000000000000E+00,1.0000000000000000E+30,1.0000000000000001E-05,1.0000000000000000E-03,0,0,0,0,8,0,1
0.018001,1.7754429649279331E+02,2.4237107550904722E+02,0.0000000000000000E+00,1.0000000000000000E+30,1.0000000000000001E-05,1.0000000000000000E-03,0,0,0,0,8,0,1
0.018061,1.7894130731527167E+02,1.8288836198911909E+02,0.0000000000000000E+00,1.0000000000000000E+30,1.0000000000000001E-05,1.0000000000000000E-03,0,0,0,0,8,0,1
0.018121,1.8034586142238433E+02,1.1944711639921859E+02,0.0000000000000000E+00,1.0000000000000000E+30,1.0000000000000001E-05,1.0000000000000000E-03,0,0,0,0,8,0,1
0.018181,1.7992218005576296E+02,1.4927928042057729E+02,0.0000000000000000E+00,1.0000000000000000E+30,1.0000000000000001E-05,1.0000000000000000E-03,0,0,0,0,8,0,1
0.018241,1.7858495494634616E+02,2.2119960060312513E+02,0.0000000000000000E+00,1.0000000000000000E+30,1.0000000000000001E-05,1.0000000000000000E-03,0,0,0,0,8,0,1
0.018301,1.7857475283226776E+02,2.2786183956884400E+02,0.0000000000000000E+00,1.0000000000000000E+30,1.0000000000000001E-05,1.0000000000000000E-03,0,0,0,0,8,0,1
0.018361,1.8005752847588309E+02,1.6406250594033736E+02,0.0000000000000000E+00,1.0000000000000000E+30,1.0000000000000001E-05,1.0000000000000000E-03,0,0,0,0,8,0,1
0.018421,1.8096694410207778E+02,1.2592070989087580E+02,0.0000000000000000E+00,1.0000000000000000E+30,1.0000000000000001E-05,1.0000000000000000E-03,0,0,0,0,8,0,1
0.018481,1.8021727729340299E+02,1.7026470064670318E+02,0.0000000000000000E+00,1.0000000000000000E+30,1.0000000000000001E-05,1.0000000000000000E-03,0,0,0,0,8,0,1
0.018541,1.7920843485850443E+02,2.2681230386199701E+02,0.0000000000000000E+00,1.0000000000000000E+30,1.0000000000000001E-05,1.0000000000000000E-03,0,0,0,0,8,0,1
0.018601,1.7965416655325160E+02,2.1134498207677717E+02,0.0000000000000000E+00,1.0000000000000000E+30,1.0000000000000001E-05,1.0000000000000000E-03,0,0,0,0,8,0,1
0.018661,1.8104080780629724E+02,1.5165491528293228E+02,0.0000000000000000E+00,1.0000000000000000E+30,1.0000000000000001E-05,1.0000000000000000E-03,0,0,0,0,8,0,1
0.018721,1.8147977364286254E+02,1.3733558355785067E+02,0.0000000000000000E+00,1.0000000000000000E+30,1.0000000000000001E-05,1.0000000000000000E-03,0,0,0,0,8,0,1
0.018781,1.8058968395146516E+02,1.8780477391434709E+02,0.0000000000000000E+00,1.0000000000000000E+30,1.0000000000000001E-05,1.0000000000000000E-03,0,0,0,0,8,0,1
0.018841,1.7996710227545182E+02,2.2559664683396105E+02,0.0000000000000000E+00,1.0000000000000000E+30,1.0000000000000001E-05,1.0000000000000000E-03,0,0,0,0,8,0,1
0.018901,1.8072690310949142E+02,1.9523277091100766E+02,0.0000000000000000E+00,1.0000000000000000E+30,1.0000000000000001E-05,1.0000000000000000E-03,0,0,0,0,8,0,1
0.018961,1.8189220794092648E+02,1.4581528366458323E+02,0.0000000000000000E+00,1.0000000000000000E+30,1.0000000000000001E-05,1.0000000000000000E-03,0,0,0,0,8,0,1
0.019021,1.8193462706284026E+02,1.5122254766172776E+02,0.0000000000000000E+00,1.0000000000000000E+30,1.0000000000000001E-05,1.0000000000000000E-03,0,0,0,0,8,0,1
0.019081,1.8106214509742583E+02,2.0071065338193222E+02,0.0000000000000000E+00,1.0000000000000000E+30,1.0000000000000001E-05,1.0000000000000000E-03,0,0,0,0,8,0,1
0.019141,1.8082546283635673E+02,2.1953562232019922E+02,0.0000000000000000E+00,1.0000000000000000E+30,1.0000000000000001E-05,1.0000000000000000E-03,0,0,0,0,8,0,1
0.019201,1.8175202301671314E+02,1.8138361296782202E+02,0.0000000000000000E+00,1.0000000000000000E+30,1.0000000000000001E-05,1.0000000000000000E-03,0,0,0,0,8,0,1
0.019261,1.8262734900435831E+02,1.4586659632130073E+02,0.0000000000000000E+00,1.0000000000000000E+30,1.0000000000000001E-05,1.0000000000000000E-03,0,0,0,0,8,0,1
0.019321,1.8237736414800699E+02,1.6560316513725274E+02,0.0000000000000000E+00,1.0000000000000000E+30,1.0000000000000001E-05,1.0000000000000000E-03,0,0,0,0,8,0,1
0.019381,1.8164044212972976E+02,2.0848806519730687E+02,0.0000000000000000E+00,1.0000000000000000E+30,1.0000000000000001E-05,1.0000000000000000E-03,0,0,0,0,8,0,1
0.019441,1.8174437622477544E+02,2.1052325551991129E+02,0.0000000000000000E+00,1.0000000000000000E+30,1.0000000000000001E-05,1.0000000000000000E-03,0,0,0,0,8,0,1
0.019501,1.8270462728956824E+02,1.7096670304896438E+02,0.0000000000000000E+00,1.0000000000000000E+30,1.0000000000000001E-05,1.0000000000000000E-03,0,0,0,0,8,0,1
0.019561,1.8327202644819883E+02,1.5046372278183574E+02,0.0000000000000000E+00,1.0000000000000000E+30,1.0000000000000001E-05,1.0000000000000000E-03,0,0,0,0,8,0,1
0.019621,1.8284471136699113E+02,1.7868713848036981E+02,0.0000000000000000E+00,1.0000000000000000E+30,1.0000000000000001E-05,1.0000000000000000E-03,0,0,0,0,8,0,1
0.019681,1.8231672335823819E+02,2.1146425739931098E+02,0.0000000000000000E+00,1.0000000000000000E+30,1.0000000000000001E-05,1.0000000000000000E-03,0,0,0,0,8,0,1
0.019741,1.8268633919864271E+02,2.0049956419185747E+02,0.0000000000000000E+00,1.0000000000000000E+30,1.0000000000000001E-05,1.0000000000000000E-03,0,0,0,0,8,0,1
0.019801,1.8357459353241609E+02,1.6447344343090606E+02,0.0000000000000000E+00,1.0000000000000000E+30,1.0000000000000001E-05,1.0000000000000000E-03,0,0,0,0,8,0,1
0.019861,1.8385652440383760E+02,1.5796178980626360E+02,0.0000000000000000E+00,1.0000000000000000E+30,1.0000000000000001E-05,1.0000000000000000E-03,0,0,0,0,8,0,1
0.019921,1.8336156614350242E+02,1.8933329987676936E+02,0.0000000000000000E+00,1.0000000000000000E+30,1.0000000000000001E-05,1.0000000000000000E-03,0,0,0,0,8,0,1
0.019981,1.8307333398309601E+02,2.1050717662261877E+02,0.0000000000000000E+00,1.0000000000000000E+30,1.0000000000000001E-05,1.0000000000000000E-03,0,0,0,0,8,0,1
0.020041,1.8361960200045684E+02,1.9094481874679462E+02,0.0000000000000000E+00,1.0000000000000000E+30,1.0000000000000001E-05,1.0000000000000000E-03,0,0,0,0,8,0,1
0.020101,1.8436396093980923E+02,1.6187462308167173E+02,0.0000000000000000E+00,1.0000000000000000E+30,1.0000000000000001E-05,1.0000000000000000E-03,0,0,0,0,8,0,1
0.020161,1.8441112190635096E+02,1.6688469238363788E+02,0.0000000000000000E+00,1.0000000000000000E+30,1.0000000000000001E-05,1.0000000000000000E-03,0,0,0,0,8,0,1
0.020221,1.8394074155240048E+02,1.9699588905779888E+02,0.0000000000000000E+00,1.0000000000000000E+30,1.0000000000000001E-05,1.0000000000000000E-03,0,0,0,0,8,0,1
0.020281,1.8388714783004616E+02,2.0671765373988330E+02,0.0000000000000000E+00,1.0000000000000000E+30,1.0000000000000001E-05,1.0000000000000000E-03,0,0,0,0,8,0,1
0.020341,1.8452082654605209E+02,1.8297989399728189E+02,0.0000000000000000E+00,1.0000000000000000E+30,1.0000000000000001E-05,1.0000000000000000E-03,0,0,0,0,8,0,1
0.020401,1.8508377021343998E+02,1.6275345347819587E+02,0.0000000000000000E+00,1.0000000000000000E+30,1.0000000000000001E-05,1.0000000000000000E-03,0,0,0,0,8,0,1
0.020461,1.8496276152902618E+02,1.7595727252630482E+02,0.0000000000000000E+00,1.0000000000000000E+30,1.0000000000000001E-05,1.0000000000000000E-03,0,0,0,0,8,0,1
0.020521,1.8458461601638905E+02,2.0151507161905442E+02,0.0000000000000000E+00,1.0000000000000000E+30,1.0000000000000001E-05,1.0000000000000000E-03,0,0,0,0,8,0,1
0.020581,1.8473400347793083E+02,2.0133083156433796E+02,0.0000000000000000E+00,1.0000000000000000E+30,1.0000000000000001E-05,1.0000000000000000E-03,0,0,0,0,8,0,1
0.020641,1.8537620036911827E+02,1.7723621980015844E+02,0.0000000000000000E+00,1.0000000000000000E+30,1.0000000000000001E-05,1.0000000000000000E-03,0,0,0,0,8,0,1
0.0207,1.8574995769264720E+02,1.6611968481073731E+02,0.0000000000000000E+00,1.0000000000000000E+30,1.0000000000000001E-05,1.0000000000000000E-03,0,0,0,0,8,0,1
0.02076,1.8553876340196078E+02,1.8366165690291922E+02,0.0000000000000000E+00,1.0000000000000000E+30,1.0000000000000001E-05,1.0000000000000000E-03,0,0,0,0,8,0,1
0.02082,1.8528746762947816E+02,2.0304258013522175E+02,0.0000000000000000E+00,1.0000000000000000E+30,1.0000000000000001E-05,1.0000000000000000E-03,0,0,0,0,8,0,1
0.02088,1.8558206065025087E+02,1.9578841720292601E+02,0.0000000000000000E+00,1.0000000000000000E+30,1.0000000000000001E-05,1.0000000000000000E-03,0,0,0,0,8,0,1
0.02094,1.8617261276438262E+02,1.7421580300961858E+02,0.0000000000000000E+00,1.0000000000000000E+30,1.0000000000000001E-05,1.0000000000000000E-03,0,0,0,0,8,0,1
0.021,1.8638548442265665E+02,1.7108951372602812E+02,0.0000000000000000E+00,1.0000000000000000E+30,1.0000000000000001E-05,1.0000000000000000E-03,0,0,0,0,8,0,1
0.02106,1.8613938703866421E+02,1.9027153369778060E+02,0.0000000000000000E+00,1.0000000000000000E+30,1.0000000000000001E-05,1.0000000000000000E-03,0,0,0,0,8,0,1
0.02112,1.8603452068003622E+02,2.0252884117009734E+02,0.0000000000000000E+00,1.0000000000000000E+30,1.0000000000000001E-05,1.0000000000000000E-03,0,0,0,0,8,0,1
0.02118,1.8643124431157932E+02,1.9032186289925099E+02,0.0000000000000000E+00,1.0000000000000000E+30,1.0000000000000001E-05,1.0000000000000000E-03,0,0,0,0,8,0,1
0.02124,1.8693112749696516E+02,1.7315469788110309E+02,0.0000000000000000E+00,1.0000000000000000E+30,1.0000000000000001E-05,1.0000000000000000E-03,0,0,0,0,8,0,1
0.0213,1.8700459855931456E+02,1.7683616138331297E+02,0.0000000000000000E+00,1.0000000000000000E+30,1.0000000000000001E-05,1.0000000000000000E-03,0,0,0,0,8,0,1
0.02136,1.8677830790561512E+02,1.9504499537280850E+02,0.0000000000000000E+00,1.0000000000000000E+30,1.0000000000000001E-05,1.0000000000000000E-03,0,0,0,0,8,0,1
0.02142,1.8681496201895888E+02,2.0039669863474589E+02,0.0000000000000000E+00,1.0000000000000000E+30,1.0000000000000001E-05,1.0000000000000000E-03,0,0,0,0,8,0,1
0.02148,1.8725986183481263E+02,1.8587160825151750E+02,0.0000000000000000E+00,1.0000000000000000E+30,1.0000000000000001E-05,1.0000000000000000E-03,0,0,0,0,8,0,1
0.02154,1.8764818908501650E+02,1.7413379164593815E+02,0.0000000000000000E+00,1.0000000000000000E+30,1.0000000000000001E-05,1.0000000000000000E-03,0,0,0,0,8,0,1
0.0216,1.8762338348721232E+02,1.8260317024656200E+02,0.0000000000000000E+00,1.0000000000000000E+30,1.0000000000000001E-05,1.0000000000000000E-03,0,0,0,0,8,0,1
0.02166,1.8745639040468939E+02,1.9790397271293563E+02,0.0000000000000000E+00,1.0000000000000000E+30,1.0000000000000001E-05,1.0000000000000000E-03,0,0,0,0,8,0,1
0.02172,1.8761409009975401E+02,1.9733891849729775E+02,0.0000000000000000E+00,1.0000000000000000E+30,1.0000000000000001E-05,1.0000000000000000E-03,0,0,0,0,8,0,1
0.02178,1.8806007694575911E+02,1.8279801301261205E+02,0.0000000000000000E+00,1.0000000000000000E+30,1.0000000000000001E-05,1.0000000000000000E-03,0,0,0,0,8,0,1
0.02184,1.8833424593495124E+02,1.7664539679562617E+02,0.0000000000000000E+00,1.0000000000000000E+30,1.0000000000000001E-05,1.0000000000000000E-03,0,0,0,0,8,0,1
0.0219,1.8825428290049109E+02,1.8775181265062804E+02,0.0000000000000000E+00,1.0000000000000000E+30,1.0000000000000001E-05,1.0000000000000000E-03,0,0,0,0,8,0,1
0.02196,1.8816965461291923E+02,1.9903788802359813E+02,0.0000000000000000E+00,1.0000000000000000E+30,1.0000000000000001E-05,1.0000000000000000E-03,0,0,0,0,8,0,1
0.02202,1.8841839808217463E+02,1.9404466894718533E+02,0.0000000000000000E+00,1.0000000000000000E+30,1.0000000000000001E-05,1.0000000000000000E-03,0,0,0,0,8,0,1
0.02208,1.8882932100323762E+02,1.8121665040969592E+02,0.0000000000000000E+00,1.0000000000000000E+30,1.0000000000000001E-05,1.0000000000000000E-03,0,0,0,0,8,0,1
0.02214,1.8900079383664126E+02,1.8008666057920306E+02,0.0000000000000000E+00,1.0000000000000000E+30,1.0000000000000001E-05,1.0000000000000000E-03,0,0,0,0,8,0,1
0.0222,1.8890530313149571E+02,1.9191704092644792E+02,0.0000000000000000E+00,1.0000000000000000E+30,1.0000000000000001E-05,1.0000000000000000E-03,0,0,0,0,8,0,1
0.02226,1.8891080847373962E+02,1.9881196540427322E+02,0.0000000000000000E+00,1.0000000000000000E+30,1.0000000000000001E-05,1.0000000000000000E-03,0,0,0,0,8,0,1
0.02232,1.8921683581858852E+02,1.9104741652513133E+02,0.0000000000000000E+00,1.0000000000000000E+30,1.0000000000000001E-05,1.0000000000000000E-03,0,0,0,0,8,0,1
0.02238,1.8956928822154072E+02,1.8106147809011756E+02,0.0000000000000000E+00,1.0000000000000000E+30,1.0000000000000001E-05,1.0000000000000000E-03,0,0,0,0,8,0,1
0.02244,1.8965896525385730E+02,1.8392299745812790E+02,0.0000000000000000E+00,1.0000000000000000E+30,1.0000000000000001E-05,1.0000000000000000E-03,0,0,0,0,8,0,1
0.0225,1.8958012166754432E+02,1.9494022430549546E+02,0.0000000000000000E+00,1.0000000000000000E+30,1.0000000000000001E-05,1.0000000000000000E-03,0,0,0,0,8,0,1
0.02256,1.8967097742955920E+02,1.9766558449344845E+02,0.0000000000000000E+00,1.0000000000000000E+30,1.0000000000000001E-05,1.0000000000000000E-03,0,0,0,0,8,0,1
0.02262,1.9000166192320972E+02,1.8871882182674608E+02,0.0000000000000000E+00,1.0000000000000000E+30,1.0000000000000001E-05,1.0000000000000000E-03,0,0,0,0,8,0,1
0.02268,1.9028475856232151E+02,1.8210682212348055E+02,0.0000000000000000E+00,1.0000000000000000E+30,1.0000000000000001E-05,1.0000000000000000E-03,0,0,0,0,8,0,1
0.02274,1.9031830888308014E+02,1.8769956136689947E+02,0.0000000000000000E+00,1.0000000000000000E+30,1.0000000000000001E-05,1.0000000000000000E-03,0,0,0,0,8,0,1
0.0228,1.9027872177189167E+02,1.9680017328697917E+02,0.0000000000000000E+00,1.0000000000000000E+30,1.0000000000000001E-05,1.0000000000000000E-03,0,0,0,0,8,0,1
0.02286,1.9044121902628328E+02,1.9602414536337386E+02,0.0000000000000000E+00,1.0000000000000000E+30,1.0000000000000001E-05,1.0000000000000000E-03,0,0,0,0,8,0,1
0.02292,1.9076862979361181E+02,1.8725396587950948E+02,0.0000000000000000E+00,1.0000000000000000E+30,1.0000000000000001E-05,1.0000000000000000E-03,0,0,0,0,8,0,1
0.02298,1.9098231002508649E+02,1.8404063031166601E+02,0.0000000000000000E+00,1.0000000000000000E+30,1.0000000000000001E-05,1.0000000000000000E-03,0,0,0,0,8,0,1
0.02304,1.9098603016214960E+02,1.9105320431721267E+02,0.0000000000000000E+00,1.0000000000000000E+30,1.0000000000000001E-05,1.0000000000000000E-03,0,0,0,0,8,0,1
0.0231,1.9099827675372663E+02,1.9762744106828902E+02,0.0000000000000000E+00,1.0000000000000000E+30,1.0000000000000001E-05,1.0000000000000000E-03,0,0,0,0,8,0,1
0.02316,1.9121344653847973E+02,1.9429065619759683E+02,0.0000000000000000E+00,1.0000000000000000E+30,1.0000000000000001E-05,1.0000000000000000E-03,0,0,0,0,8,0,1
0.02322,1.9151661891517941E+02,1.8670681797006040E+02,0.0000000000000000E+00,1.0000000000000000E+30,1.0000000000000001E-05,1.0000000000000000E-03,0,0,0,0,8,0,1
0.02328,1.9166899554592737E+02,1.8648941357458841E+02,0.0000000000000000E+00,1.0000000000000000E+30,1.0000000000000001E-05,1.0000000000000000E-03,0,0,0,0,8,0,1
0.02334,1.9166659553582596E+02,1.9378301282311926E+02,0.0000000000000000E+00,1.0000000000000000E+30,1.0000000000000001E-05,1.0000000000000000E-03,0,0,0,0,8,0,1
0.0234,1.9173409965583616E+02,1.9766123083896289E+02,0.0000000000000000E+00,1.0000000000000000E+30,1.0000000000000001E-05,1.0000000000000000E-03,0,0,0,0,8,0,1
0.02346,1.9198118756747994E+02,1.9278336511647160E+02,0.0000000000000000E+00,1.0000000000000000E+30,1.0000000000000001E-05,1.0000000000000000E-03,0,0,0,0,8,0,1
0.02352,1.9224701030952502E+02,1.8701756384911522E+02,0.0000000000000000E+00,1.0000000000000000E+30,1.0000000000000001E-05,1.0000000000000000E-03,0,0,0,0,8,0,1
0.02358,1.9235153348987197E+02,1.8913399522717387E+02,0.0000000000000000E+00,1.0000000000000000E+30,1.0000000000000001E-05,1.0000000000000000E-03,0,0,0,0,8,0,1
0.02364,1.9236186257041757E+02,1.9580362302360308E+02,0.0000000000000000E+00,1.0000000000000000E+30,1.0000000000000001E-05,1.0000000000000000E-03,0,0,0,0,8,0,1
0.0237,1.9248069689186522E+02,1.9717401593752143E+02,0.0000000000000000E+00,1.0000000000000000E+30,1.0000000000000001E-05,1.0000000000000000E-03,0,0,0,0,8,0,1
0.02376,1.9274005125201336E+02,1.9171059477437694E+02,0.0000000000000000E+00,1.0000000000000000E+30,1.0000000000000001E-05,1.0000000000000000E-03,0,0,0,0,8,0,1
0.02382,1.9296296511528854E+02,1.8803248027778099E+02,0.0000000000000000E+00,1.0000000000000000E+30,1.0000000000000001E-05,1.0000000000000000E-03,0,0,0,0,8,0,1
0.02388,1.9303556520858388E+02,1.9169869503942863E+02,0.0000000000000000E+00,1.0000000000000000E+30,1.0000000000000001E-05,1.0000000000000000E-03,0,0,0,0,8,0,1
0.02394,1.9307152047670587E+02,1.9712378705559789E+02,0.0000000000000000E+00,1.0000000000000000E+30,1.0000000000000001E-05,1.0000000000000000E-03,0,0,0,0,8,0,1
0.024,1.9323264541557043E+02,1.9642763375298404E+02,0.0000000000000000E+00,1.0000000000000000E+30,1.0000000000000001E-05,1.0000000000000000E-03,0,0,0,0,8,0,1
0.02406,1.9348775003622092E+02,1.9117545151385019E+02,0.0000000000000000E+00,1.0000000000000000E+30,1.0000000000000001E-05,1.0000000000000000E-03,0,0,0,0,8,0,1
0.02412,1.9366858229383348E+02,1.8955640033632449E+02,0.0000000000000000E+00,1.0000000000000000E+30,1.0000000000000001E-05,1.0000000000000000E-03,0,0,0,0,8,0,1
0.02418,1.9372523860213815E+02,1.9398140961366835E+02,0.0000000000000000E+00,1.0000000000000000E+30,1.0000000000000001E-05,1.0000000000000000E-03,0,0,0,0,8,0,1
0.02424,1.9379362000085268E+02,1.9782572565424553E+02,0.0000000000000000E+00,1.0000000000000000E+30,1.0000000000000001E-05,1.0000000000000000E-03,0,0,0,0,8,0,1
0.0243,1.9398512233300846E+02,1.9565340454566527E+02,0.0000000000000000E+00,1.0000000000000000E+30,1.0000000000000001E-05,1.0000000000000000E-03,0,0,0,0,8,0,1
0.02436,1.9422385583525789E+02,1.9120431143271864E+02,0.0000000000000000E+00,1.0000000000000000E+30,1.0000000000000001E-05,1.0000000000000000E-03,0,0,0,0,8,0,1
0.02442,1.9436818980342724E+02,1.9136844938568760E+02,0.0000000000000000E+00,1.0000000000000000E+30,1.0000000000000001E-05,1.0000000000000000E-03,0,0,0,0,8,0,1
0.02448,1.9442304058850226E+02,1.9587127382527140E+02,0.0000000000000000E+00,1.0000000000000000E+30,1.0000000000000001E-05,1.0000000000000000E-03,0,0,0,0,8,0,1
0.02454,1.9452517677496303E+02,1.9806573399030796E+02,0.0000000000000000E+00,1.0000000000000000E+30,1.0000000000000001E-05,1.0000000000000000E-03,0,0,0,0,8,0,1
0.0246,1.9473435770528499E+02,1.9504249434638831E+02,0.0000000000000000E+00,1.0000000000000000E+30,1.0000000000000001E-05,1.0000000000000000E-03,0,0,0,0,8,0,1
0.02466,1.9494941154483723E+02,1.9174700291272671E+02,0.0000000000000000E+00,1.0000000000000000E+30,1.0000000000000001E-05,1.0000000000000000E-03,0,0,0,0,8,0,1
0.02472,1.9506582004817184E+02,1.9327259759192080E+02,0.0000000000000000E+00,1.0000000000000000E+30,1.0000000000000001E-05,1.0000000000000000E-03,0,0,0,0,8,0,1
0.02478,1.9512989214276314E+02,1.9732226832488831E+02,0.0000000000000000E+00,1.0000000000000000E+30,1.0000000000000001E-05,1.0000000000000000E-03,0,0,0,0,8,0,1
0.02484,1.9526281117629102E+02,1.9801190655486499E+02,0.0000000000000000E+00,1.0000000000000000E+30,1.0000000000000001E-05,1.0000000000000000E-03,0,0,0,0,8,0,1
0.0249,1.9547785609434496E+02,1.9471084574448497E+02,0.0000000000000000E+00,1.0000000000000000E+30,1.0000000000000001E-05,1.0000000000000000E-03,0,0,0,0,8,0,1
0.02496,1.9566648240694440E+02,1.9270330579307688E+02,0.0000000000000000E+00,1.0000000000000000E+30,1.0000000000000001E-05,1.0000000000000000E-03,0,0,0,0,8,0,1
0.02502,1.9576480339132092E+02,1.9510201223665723E+02,0.0000000000000000E+00,1.0000000000000000E+30,1.0000000000000001E-05,1.0000000000000000E-03,0,0,0,0,8,0,1
0.02508,1.9584542264153066E+02,1.9834968743149545E+02,0.0000000000000000E+00,1.0000000000000000E+30,1.0000000000000001E-05,1.0000000000000000E-03,0,0,0,0,8,0,1
0.02514,1.9600323850178521E+02,1.9782390990203149E+02,0.0000000000000000E+00,1.0000000000000000E+30,1.0000000000000001E-05,1.0000000000000000E-03,0,0,0,0,8,0,1
0.0252,1.9621440438679994E+02,1.9471246153657543E+02,0.0000000000000000E+00,1.0000000000000000E+30,1.0000000000000001E-05,1.0000000000000000E-03,0,0,0,0,8,0,1
0.02526,1.9637759626585324E+02,1.9394640903000936E+02,0.0000000000000000E+00,1.0000000000000000E+30,1.0000000000000001E-05,1.0000000000000000E-03,0,0,0,0,8,0,1
0.02532,1.9646752204051924E+02,1.9674767063775423E+02,0.0000000000000000E+00,1.0000000000000000E+30,1.0000000000000001E-05,1.0000000000000000E-03,0,0,0,0,8,0,1
0.02538,1.9656831177787564E+02,1.9901445012971274E+02,0.0000000000000000E+00,1.0000000000000000E+30,1.0000000000000001E-05,1.0000000000000000E-03,0,0,0,0,8,0,1
0.02544,1.9674359066738822E+02,1.9763887414896905E+02,0.0000000000000000E+00,1.0000000000000000E+30,1.0000000000000001E-05,1.0000000000000000E-03,0,0,0,0,8,0,1
0.0255,1.9694389231300104E+02,1.9505878461893474E+02,0.0000000000000000E+00,1.0000000000000000E+30,1.0000000000000001E-05,1.0000000000000000E-03,0,0,0,0,8,0,1
0.02556,1.9708540754932523E+02,1.9535288501652184E+02,0.0000000000000000E+00,1.0000000000000000E+30,1.0000000000000001E-05,1.0000000000000000E-03,0,0,0,0,8,0,1
0.02562,1.9717534234205627E+02,1.9814735122222760E+02,0.0000000000000000E+00,1.0000000000000000E+30,1.0000000000000001E-05,1.0000000000000000E-03,0,0,0,0,8,0,1
0.02568,1.9729667707477756E+02,1.9940777895479135E+02,0.0000000000000000E+00,1.0000000000000000E+30,1.0000000000000001E-05,1.0000000000000000E-03,0,0,0,0,8,0,1
0.02574,1.9748167486106863E+02,1.9756590368057226E+02,0.0000000000000000E+00,1.0000000000000000E+30,1.0000000000000001E-05,1.0000000000000000E-03,0,0,0,0,8,0,1
0.0258,1.9766707439438295E+02,1.9571291386155875E+02,0.0000000000000000E+00,1.0000000000000000E+30,1.0000000000000001E-05,1.0000000000000000E-03,0,0,0,0,8,0,1
0.02586,1.9779233364037395E+02,1.9679869206032353E+02,0.0000000000000000E+00,1.0000000000000000E+30,1.0000000000000001E-05,1.0000000000000000E-03,0,0,0,0,8,0,1
0.02592,1.9788870260993596E+02,1.9927568709174452E+02,0.0000000000000000E+00,1.0000000000000000E+30,1.0000000000000001E-05,1.0000000000000000E-03,0,0,0,0,8,0,1
0.02598,1.9802845338893755E+02,1.9963603757188619E+02,0.0000000000000000E+00,1.0000000000000000E+30,1.0000000000000001E-05,1.0000000000000000E-03,0,0,0,0,8,0,1
0.02604,1.9821608817582305E+02,1.9767054054788275E+02,0.0000000000000000E+00,1.0000000000000000E+30,1.0000000000000001E-05,1.0000000000000000E-03,0,0,0,0,8,0,1
0.0261,1.9838527154656504E+02,1.9660895816466720E+02,0.0000000000000000E+00,1.0000000000000000E+30,1.0000000000000001E-05,1.0000000000000000E-03,0,0,0,0,8,0,1
0.02616,1.9850032895684325E+02,1.9818419084623321E+02,0.0000000000000000E+00,1.0000000000000000E+30,1.0000000000000001E-05,1.0000000000000000E-03,0,0,0,0,8,0,1
0.02622,1.9860727844237798E+02,2.0014885945072643E+02,0.0000000000000000E+00,1.0000000000000000E+30,1.0000000000000001E-05,1.0000000000000000E-03,0,0,0,0,8,0,1
0.02628,1.9876165098451614E+02,1.9979566259571041E+02,0.0000000000000000E+00,1.0000000000000000E+30,1.0000000000000001E-05,1.0000000000000000E-03,0,0,0,0,8,0,1
0.02634,1.9894619321887109E+02,1.9798219424979229E+02,0.0000000000000000E+00,1.0000000000000000E+30,1.0000000000000001E-05,1.0000000000000000E-03,0,0,0,0,8,0,1
0.0264,1.9910004366647689E+02,1.9766883793671897E+02,0.0000000000000000E+00,1.0000000000000000E+30,1.0000000000000001E-05,1.0000000000000000E-03,0,0,0,0,8,0,1
0.02646,1.9921075548485149E+02,1.9945275868193275E+02,0.0000000000000000E+00,1.0000000000000000E+30,1.0000000000000001E-05,1.0000000000000000E-03,0,0,0,0,8,0,1
0.02652,1.9933018907983470E+02,2.0080946661221225E+02,0.0000000000000000E+00,1.0000000000000000E+30,1.0000000000000001E-05,1.0000000000000000E-03,0,0,0,0,8,0,1
0.02658,1.9949457286019302E+02,1.9997001008243137E+02,0.0000000000000000E+00,1.0000000000000000E+30,1.0000000000000001E-05,1.0000000000000000E-03,0,0,0,0,8,0,1
0.02664,1.9967200967260513E+02,1.9850134851645939E+02,0.0000000000000000E+00,1.0000000000000000E+30,1.0000000000000001E-05,1.0000000000000000E-03,0,0,0,0,8,0,1
0.0267,1.9981301206419741E+02,1.9881610269935052E+02,0.0000000000000000E+00,1.0000000000000000E+30,1.0000000000000001E-05,1.0000000000000000E-03,0,0,0,0,8,0,1
0.02676,1.9992436394692615E+02,2.0056711988963016E+02,0.0000000000000000E+00,1.0000000000000000E+30,1.0000000000000001E-05,1.0000000000000000E-03,0,0,0,0,8,0,1
0.02682,2.0003474880504712E+02,2.0131298092581773E+02,0.0000000000000000E+00,1.0000000000000000E+30,1.0000000000000001E-05,1.0000000000000000E-03,0,0,0,0,8,0,1
0.02688,2.0006180354679532E+02,2.0020355023066062E+02,0.0000000000000000E+00,1.0000000000000000E+30,1.0000000000000001E-05,1.0000000000000000E-03,0,0,0,0,8,0,1
0.02694,2.0006080854587969E+02,1.9894580230768710E+02,0.0000000000000000E+00,1.0000000000000000E+30,1.0000000000000001E-05,1.0000000000000000E-03,0,0,0,0,8,0,1
0.027,2.0004830427500323E+02,1.9938505490881457E+02,0.0000000000000000E+00,1.0000000000000000E+30,1.0000000000000001E-05,1.0000000000000000E-03,0,0,0,0,8,0,1
0.02706,2.0004379675714395E+02,2.0075858324890970E+02,0.0000000000000000E+00,1.0000000000000000E+30,1.0000000000000001E-05,1.0000000000000000E-03,0,0,0,0,8,0,1
0.02712,2.0005325340225517E+02,2.0103407295870861E+02,0.0000000000000000E+00,1.0000000000000000E+30,1.0000000000000001E-05,1.0000000000000000E-03,0,0,0,0,8,0,1
0.02718,2.0006227443919369E+02,1.9989608525708147E+02,0.0000000000000000E+00,1.0000000000000000E+30,1.0000000000000001E-05,1.0000000000000000E-03,0,0,0,0,8,0,1
0.02724,2.0005782218299925E+02,1.9905625435162318E+02,0.0000000000000000E+00,1.0000000000000000E+30,1.0000000000000001E-05,1.0000000000000000E-03,0,0,0,0,8,0,1
0.0273,2.0004720885017323E+02,1.9971585695316909E+02,0.0000000000000000E+00,1.0000000000000000E+30,1.0000000000000001E-05,1.0000000000000000E-03,0,0,0,0,8,0,1
0.02736,2.0004612057488498E+02,2.0082486611845158E+02,0.0000000000000000E+00,1.0000000000000000E+30,1.0000000000000001E-05,1.0000000000000000E-03,0,0,0,0,8,0,1
0.02742,2.0005544686034693E+02,2.0075410845376297E+02,0.0000000000000000E+00,1.0000000000000000E+30,1.0000000000000001E-05,1.0000000000000000E-03,0,0,0,0,8,0,1
0.02748,2.0006115880722746E+02,1.9969109548746084E+02,0.0000000000000000E+00,1.0000000000000000E+30,1.0000000000000001E-05,1.0000000000000000E-03,0,0,0,0,8,0,1
0.02754,2.0005524716040091E+02,1.9922011977823212E+02,0.0000000000000000E+00,1.0000000000000000E+30,1.0000000000000001E-05,1.0000000000000000E-03,0,0,0,0,8,0,1
0.0276,2.0004695569933571E+02,1.9998362187291082E+02,0.0000000000000000E+00,1.0000000000000000E+30,1.0000000000000001E-05,1.0000000000000000E-03,0,0,0,0,8,0,1
0.02766,2.0004839888302547E+02,2.0080588150399353E+02,0.0000000000000000E+00,1.0000000000000000E+30,1.0000000000000001E-05,1.0000000000000000E-03,0,0,0,0,8,0,1
0.02772,2.0005683455578495E+02,2.0049452066879721E+02,0.0000000000000000E+00,1.0000000000000000E+30,1.0000000000000001E-05,1.0000000000000000E-03,0,0,0,0,8,0,1
0.02778,2.0005969763305123E+02,1.9957575077655636E+02,0.0000000000000000E+00,1.0000000000000000E+30,1.0000000000000001E-05,1.0000000000000000E-03,0,0,0,0,8,0,1
0.02784,2.0005323580395705E+02,1.9940754431045318E+02,0.0000000000000000E+00,1.0000000000000000E+30,1.0000000000000001E-05,1.0000000000000000E-03,0,0,0,0,8,0,1
0.0279,2.0004732347082009E+02,2.0018214356957716E+02,0.0000000000000000E+00,1.0000000000000000E+30,1.0000000000000001E-05,1.0000000000000000E-03,0,0,0,0,8,0,1
0.02796,2.0005045375782470E+02,2.0072811612737775E+02,0.0000000000000000E+00,1.0000000000000000E+30,1.0000000000000001E-05,1.0000000000000000E-03,0,0,0,0,8,0,1
0.02802,2.0005752539128650E+02,2.0027074368376987E+02,0.0000000000000000E+00,1.0000000000000000E+30,1.0000000000000001E-05,1.0000000000000000E-03,0,0,0,0,8,0,1
0.02808,2.0005811088775349E+02,1.9953442454125781E+02,0.0000000000000000E+00,1.0000000000000000E+30,1.0000000000000001E-05,1.0000000000000000E-03,0,0,0,0,8,0,1
0.02814,2.0005180145054840E+02,1.9959674824160581E+02,0.0000000000000000E+00,1.0000000000000000E+30,1.0000000000000001E-05,1.0000000000000000E-03,0,0,0,0,8,0,1
0.0282,2.0004810024890435E+02,2.0031394871632452E+02,0.0000000000000000E+00,1.0000000000000000E+30,1.0000000000000001E-05,1.0000000000000000E-03,0,0,0,0,8,0,1
0.02826,2.0005217177681331E+02,2.0061460328235674E+02,0.0000000000000000E+00,1.0000000000000000E+30,1.0000000000000001E-05,1.0000000000000000E-03,0,0,0,0,8,0,1
0.02832,2.0005765856236980E+02,2.0009194318575089E+02,0.0000000000000000E+00,1.0000000000000000E+30,1.0000000000000001E-05,1.0000000000000000E-03,0,0,0,0,8,0,1
0.02838,2.0005656711524421E+02,1.9955079255833292E+02,0.0000000000000000E+00,1.0000000000000000E+30,1.0000000000000001E-05,1.0000000000000000E-03,0,0,0,0,8,0,1
0.02844,2.0005090470162679E+02,1.9977199110856387E+02,0.0000000000000000E+00,1.0000000000000000E+30,1.0000000000000001E-05,1.0000000000000000E-03,0,0,0,0,8,0,1
0.0285,2.0004910306256781E+02,2.0038619932507638E+02,0.0000000000000000E+00,1.0000000000000000E+30,1.0000000000000001E-05,1.0000000000000000E-03,0,0,0,0,8,0,1
0.02856,2.0005350271589407E+02,2.0048563354956991E+02,0.0000000000000000E+00,1.0000000000000000E+30,1.0000000000000001E-05,1.0000000000000000E-03,0,0,0,0,8,0,1
0.02862,2.0005738212018181E+02,1.9996094743231004E+02,0.0000000000000000E+00,1.0000000000000000E+30,1.0000000000000001E-05,1.0000000000000000E-03,0,0,0,0,8,0,1
0.02868,2.0005518561864190E+02,1.9960583599016149E+02,0.0000000000000000E+00,1.0000000000000000E+30,1.0000000000000001E-05,1.0000000000000000E-03,0,0,0,0,8,0,1
0.02874,2.0005047142678850E+02,1.9992153149215696E+02,0.0000000000000000E+00,1.0000000000000000E+30,1.0000000000000001E-05,1.0000000000000000E-03,0,0,0,0,8,0,1
0.0288,2.0005018214314475E+02,2.0040957902519133E+02,0.0000000000000000E+00,1.0000000000000000E+30,1.0000000000000001E-05,1.0000000000000000E-03,0,0,0,0,8,0,1
0.02886,2.0005444280974382E+02,2.0035689465252139E+02,0.0000000000000000E+00,1.0000000000000000E+30,1.0000000000000001E-05,1.0000000000000000E-03,0,0,0,0,8,0,1
0.02892,2.0005683777449985E+02,1.9987491823384545E+02,0.0000000000000000E+00,1.0000000000000000E+30,1.0000000000000001E-05,1.0000000000000000E-03,0,0,0,0,8,0,1
0.02898,2.0005403898430237E+02,1.9968352574822194E+02,0.0000000000000000E+00,1.0000000000000000E+30,1.0000000000000001E-05,1.0000000000000000E-03,0,0,0,0,8,0,1
0.02904,2.0005040774942887E+02,2.0003981633308814E+02,0.0000000000000000E+00,1.0000000000000000E+30,1.0000000000000001E-05,1.0000000000000000E-03,0,0,0,0,8,0,1
0.0291,2.0005122409414136E+02,2.0039588185536223E+02,0.0000000000000000E+00,1.0000000000000000E+30,1.0000000000000001E-05,1.0000000000000000E-03,0,0,0,0,8,0,1
0.02916,2.0005502188204676E+02,2.0023894812770195E+02,0.0000000000000000E+00,1.0000000000000000E+30,1.0000000000000001E-05,1.0000000000000000E-03,0,0,0,0,8,0,1
0.02922,2.0005614898771768E+02,1.9982843888178826E+02,0.0000000000000000E+00,1.0000000000000000E+30,1.0000000000000001E-05,1.0000000000000000E-03,0,0,0,0,8,0,1
0.02928,2.0005315765939406E+02,1.9977063615630007E+02,0.0000000000000000E+00,1.0000000000000000E+30,1.0000000000000001E-05,1.0000000000000000E-03,0,0,0,0,8,0,1
0.02934,2.0005061324795437E+02,2.0012581454131197E+02,0.0000000000000000E+00,1.0000000000000000E+30,1.0000000000000001E-05,1.0000000000000000E-03,0,0,0,0,8,0,1
0.0294,2.0005215033592663E+02,2.0035693654262215E+02,0.0000000000000000E+00,1.0000000000000000E+30,1.0000000000000001E-05,1.0000000000000000E-03,0,0,0,0,8,0,1
0.02946,2.0005529205240398E+02,2.0013874540425905E+02,0.0000000000000000E+00,1.0000000000000000E+30,1.0000000000000001E-05,1.0000000000000000E-03,0,0,0,0,8,0,1
0.02952,2.0005541532499885E+02,1.9981438749043556E+02,0.0000000000000000E+00,1.0000000000000000E+30,1.0000000000000001E-05,1.0000000000000000E-03,0,0,0,0,8,0,1
0.02958,2.0005254083876434E+02,1.9985731445468340E+02,0.0000000000000000E+00,1.0000000000000000E+30,1.0000000000000001E-05,1.0000000000000000E-03,0,0,0,0,8,0,1
0.02964,2.0005099316807906E+02,2.0018151197908927E+02,0.0000000000000000E+00,1.0000000000000000E+30,1.0000000000000001E-05,1.0000000000000000E-03,0,0,0,0,8,0,1
0.0297,2.0005291407887043E+02,2.0030298024562475E+02,0.0000000000000000E+00,1.0000000000000000E+30,1.0000000000000001E-05,1.0000000000000000E-03,0,0,0,0,8,0,1
0.02976,2.0005531723011575E+02,2.0005992433128091E+02,0.0000000000000000E+00,1.0000000000000000E+30,1.0000000000000001E-05,1.0000000000000000E-03,0,0,0,0,8,0,1
0.02982,2.0005471220753995E+02,1.9982543324232788E+02,0.0000000000000000E+00,1.0000000000000000E+30,1.0000000000000001E-05,1.0000000000000000E-03,0,0,0,0,8,0,1
0.02988,2.0005216657283430E+02,1.9993650413486333E+02,0.0000000000000000E+00,1.0000000000000000E+30,1.0000000000000001E-05,1.0000000000000000E-03,0,0,0,0,8,0,1
0.02994,2.0005146535219703E+02,2.0021054921026268E+02,0.0000000000000000E+00,1.0000000000000000E+30,1.0000000000000001E-05,1.0000000000000000E-03,0,0,0,0,8,0,1
0.03,2.0005349713897087E+02,2.0024312479565120E+02,0.0000000000000000E+00,1.0000000000000000E+30,1.0000000000000001E-05,1.0000000000000000E-03,0,0,0,0,8,0,1
