"time","q@INJ01","volume@INJ01","maxTimeStep","tolerance","fixedh","errCtrl","writeLevel","extraDisconPrints","runStats","runType","theSolverType","fixedorder"
0,0.0000000000000000E+000,0.0000000000000000E+000,1.0000000000000000E+030,1.0000000000000001E-005,1.0000000000000000E-003,0,0,0,0,8,0,1
4e-005,-9.8316162497525118E-009,-6.5537589238515152E-015,1.0000000000000000E+030,1.0000000000000001E-005,1.0000000000000000E-003,0,0,0,0,8,0,1
7e-005,-9.8316092657116939E-009,-1.1469563598463347E-014,1.0000000000000000E+030,1.0000000000000001E-005,1.0000000000000000E-003,0,0,0,0,8,0,1
0.0001,-9.8316162497525118E-009,-1.6385368696044305E-014,1.0000000000000000E+030,1.0000000000000001E-005,1.0000000000000000E-003,0,0,0,0,8,0,1
0.00013,-9.8316162497525118E-009,-2.1301173673517673E-014,1.0000000000000000E+030,1.0000000000000001E-005,1.0000000000000000E-003,0,0,0,0,8,0,1
0.00016,-9.8316162497525118E-009,-2.6216978142041745E-014,1.0000000000000000E+030,1.0000000000000001E-005,1.0000000000000000E-003,0,0,0,0,8,0,1
0.0002,-9.8315952976300564E-009,-3.2771383181144229E-014,1.0000000000000000E+030,1.0000000000000001E-005,1.0000000000000000E-003,0,0,0,0,8,0,1
0.00023,-9.8316372018749688E-009,-3.7687186538975011E-014,1.0000000000000000E+030,1.0000000000000001E-005,1.0000000000000000E-003,0,0,0,0,8,0,1
0.00026,-9.8316022816708743E-009,-4.2602989930312805E-014,1.0000000000000000E+030,1.0000000000000001E-005,1.0000000000000000E-003,0,0,0,0,8,0,1
0.00029,-9.8316092657116939E-009,-4.7518793662481954E-014,1.0000000000000000E+030,1.0000000000000001E-005,1.0000000000000000E-003,0,0,0,0,8,0,1
0.00032,-9.8316022816708743E-009,-5.2434597921563960E-014,1.0000000000000000E+030,1.0000000000000001E-005,1.0000000000000000E-003,0,0,0,0,8,0,1
0.00036,-9.8316092657116939E-009,-5.8989004661525262E-014,1.0000000000000000E+030,1.0000000000000001E-005,1.0000000000000000E-003,0,0,0,0,8,0,1
0.00039,-9.8316162497525118E-009,-6.3904811128102273E-014,1.0000000000000000E+030,1.0000000000000001E-005,1.0000000000000000E-003,0,0,0,0,8,0,1
0.00042,-9.8316302178341492E-009,-6.8820620570005791E-014,1.0000000000000000E+030,1.0000000000000001E-005,1.0000000000000000E-003,0,0,0,0,8,0,1
0.00045,-9.8316441859157867E-009,-7.3736437994298070E-014,1.0000000000000000E+030,1.0000000000000001E-005,1.0000000000000000E-003,0,0,0,0,8,0,1
0.00048,-9.8316791061198844E-009,-7.8652272255952729E-014,1.0000000000000000E+030,1.0000000000000001E-005,1.0000000000000000E-003,0,0,0,0,8,0,1
0.00052,-9.8318118028954394E-009,-8.5206771268926272E-014,1.0000000000000000E+030,1.0000000000000001E-005,1.0000000000000000E-003,0,0,0,0,8,0,1
0.00055,-9.8319654517934563E-009,-9.0122720151147455E-014,1.0000000000000000E+030,1.0000000000000001E-005,1.0000000000000000E-003,0,0,0,0,8,0,1
0.00058,-9.8322238613037533E-009,-9.5038778257671592E-014,1.0000000000000000E+030,1.0000000000000001E-005,1.0000000000000000E-003,0,0,0,0,8,0,1
0.00061,-9.8326219516304314E-009,-9.9955003596703774E-014,1.0000000000000000E+030,1.0000000000000001E-005,1.0000000000000000E-003,0,0,0,0,8,0,1
0.00064,-9.8331667068143152E-009,-1.0487147172921466E-013,1.0000000000000000E+030,1.0000000000000001E-005,1.0000000000000000E-003,0,0,0,0,8,0,1
0.00068,-9.8342212969779486E-009,-1.1142730219333559E-013,1.0000000000000000E+030,1.0000000000000001E-005,1.0000000000000000E-003,0,0,0,0,8,0,1
0.00071,-9.8352619190599577E-009,-1.1634471898217536E-013,1.0000000000000000E+030,1.0000000000000001E-005,1.0000000000000000E-003,0,0,0,0,8,0,1
0.00074,-9.8365330144889526E-009,-1.2126272730468519E-013,1.0000000000000000E+030,1.0000000000000001E-005,1.0000000000000000E-003,0,0,0,0,8,0,1
0.00077,-9.8380066471016880E-009,-1.2618143354838905E-013,1.0000000000000000E+030,1.0000000000000001E-005,1.0000000000000000E-003,0,0,0,0,8,0,1
0.0008,-9.8396339286123956E-009,-1.3110092436507617E-013,1.0000000000000000E+030,1.0000000000000001E-005,1.0000000000000000E-003,0,0,0,0,8,0,1
0.00084,-9.8419037418783847E-009,-1.3766155394615228E-013,1.0000000000000000E+030,1.0000000000000001E-005,1.0000000000000000E-003,0,0,0,0,8,0,1
0.00087,-9.8435519755115113E-009,-1.4258300941004853E-013,1.0000000000000000E+030,1.0000000000000001E-005,1.0000000000000000E-003,0,0,0,0,8,0,1
0.0009,-9.8450395762057800E-009,-1.4750524510328091E-013,1.0000000000000000E+030,1.0000000000000001E-005,1.0000000000000000E-003,0,0,0,0,8,0,1
0.00093,-9.8462478152673194E-009,-1.5242814452378127E-013,1.0000000000000000E+030,1.0000000000000001E-005,1.0000000000000000E-003,0,0,0,0,8,0,1
0.00096,-9.8470998682471378E-009,-1.5735154101648265E-013,1.0000000000000000E+030,1.0000000000000001E-005,1.0000000000000000E-003,0,0,0,0,8,0,1
0.001,-9.8475328787778541E-009,-1.6391648457357809E-013,1.0000000000000000E+030,1.0000000000000001E-005,1.0000000000000000E-003,0,0,0,0,8,0,1
0.00103,-9.8473233575533138E-009,-1.6884020823786312E-013,1.0000000000000000E+030,1.0000000000000001E-005,1.0000000000000000E-003,0,0,0,0,8,0,1
0.00106,-9.8466947938796765E-009,-1.7376369661269653E-013,1.0000000000000000E+030,1.0000000000000001E-005,1.0000000000000000E-003,0,0,0,0,8,0,1
0.00109,-9.8457030600835118E-009,-1.7868675395770813E-013,1.0000000000000000E+030,1.0000000000000001E-005,1.0000000000000000E-003,0,0,0,0,8,0,1
0.00112,-9.8444459327362404E-009,-1.8360923045117650E-013,1.0000000000000000E+030,1.0000000000000001E-005,1.0000000000000000E-003,0,0,0,0,8,0,1
0.00116,-9.8425881778785752E-009,-1.9017148067127784E-013,1.0000000000000000E+030,1.0000000000000001E-005,1.0000000000000000E-003,0,0,0,0,8,0,1
0.00119,-9.8412332739598234E-009,-1.9509235833093320E-013,1.0000000000000000E+030,1.0000000000000001E-005,1.0000000000000000E-003,0,0,0,0,8,0,1
0.00122,-9.8400110668165886E-009,-2.0001259525699702E-013,1.0000000000000000E+030,1.0000000000000001E-005,1.0000000000000000E-003,0,0,0,0,8,0,1
0.00125,-9.8390193330203693E-009,-2.0493229040703804E-013,1.0000000000000000E+030,1.0000000000000001E-005,1.0000000000000000E-003,0,0,0,0,8,0,1
0.00128,-9.8382929927752483E-009,-2.0985157060365913E-013,1.0000000000000000E+030,1.0000000000000001E-005,1.0000000000000000E-003,0,0,0,0,8,0,1
0.00132,-9.8377412535505797E-009,-2.1641019558978809E-013,1.0000000000000000E+030,1.0000000000000001E-005,1.0000000000000000E-003,0,0,0,0,8,0,1
0.00135,-9.8375596684892994E-009,-2.2132900474674149E-013,1.0000000000000000E+030,1.0000000000000001E-005,1.0000000000000000E-003,0,0,0,0,8,0,1
0.00138,-9.8375247482852066E-009,-2.2624777002573391E-013,1.0000000000000000E+030,1.0000000000000001E-005,1.0000000000000000E-003,0,0,0,0,8,0,1
0.00141,-9.8375247482852066E-009,-2.3116653163039956E-013,1.0000000000000000E+030,1.0000000000000001E-005,1.0000000000000000E-003,0,0,0,0,8,0,1
0.00144,-9.8374968121219317E-009,-2.3608528879229009E-013,1.0000000000000000E+030,1.0000000000000001E-005,1.0000000000000000E-003,0,0,0,0,8,0,1
0.00148,-9.8373082430198303E-009,-2.4264355616834519E-013,1.0000000000000000E+030,1.0000000000000001E-005,1.0000000000000000E-003,0,0,0,0,8,0,1
0.00151,-9.8370079292646176E-009,-2.4756211830847667E-013,1.0000000000000000E+030,1.0000000000000001E-005,1.0000000000000000E-003,0,0,0,0,8,0,1
0.00154,-9.8365819027746828E-009,-2.5248049245805302E-013,1.0000000000000000E+030,1.0000000000000001E-005,1.0000000000000000E-003,0,0,0,0,8,0,1
0.00157,-9.8360790518357412E-009,-2.5739863545598568E-013,1.0000000000000000E+030,1.0000000000000001E-005,1.0000000000000000E-003,0,0,0,0,8,0,1
0.0016,-9.8355203285702481E-009,-2.6231650562719640E-013,1.0000000000000000E+030,1.0000000000000001E-005,1.0000000000000000E-003,0,0,0,0,8,0,1
0.00164,-9.8347870042842645E-009,-2.6887323485822503E-013,1.0000000000000000E+030,1.0000000000000001E-005,1.0000000000000000E-003,0,0,0,0,8,0,1
0.00167,-9.8343330416310449E-009,-2.7379049001368956E-013,1.0000000000000000E+030,1.0000000000000001E-005,1.0000000000000000E-003,0,0,0,0,8,0,1
0.0017,-9.8339838395901102E-009,-2.7870755020128134E-013,1.0000000000000000E+030,1.0000000000000001E-005,1.0000000000000000E-003,0,0,0,0,8,0,1
0.00173,-9.8337533662430964E-009,-2.8362447219306050E-013,1.0000000000000000E+030,1.0000000000000001E-005,1.0000000000000000E-003,0,0,0,0,8,0,1
0.00176,-9.8336555896716309E-009,-2.8854131619629186E-013,1.0000000000000000E+030,1.0000000000000001E-005,1.0000000000000000E-003,0,0,0,0,8,0,1
0.0018,-9.8336555896716309E-009,-2.9509707739739616E-013,1.0000000000000000E+030,1.0000000000000001E-005,1.0000000000000000E-003,0,0,0,0,8,0,1
0.00183,-9.8337044779573595E-009,-3.0001391774627741E-013,1.0000000000000000E+030,1.0000000000000001E-005,1.0000000000000000E-003,0,0,0,0,8,0,1
0.00186,-9.8337533662430964E-009,-3.0493078490938729E-013,1.0000000000000000E+030,1.0000000000000001E-005,1.0000000000000000E-003,0,0,0,0,8,0,1
0.00189,-9.8337533662430964E-009,-3.0984766551668680E-013,1.0000000000000000E+030,1.0000000000000001E-005,1.0000000000000000E-003,0,0,0,0,8,0,1
0.00192,-9.8337044779573595E-009,-3.1476453119123585E-013,1.0000000000000000E+030,1.0000000000000001E-005,1.0000000000000000E-003,0,0,0,0,8,0,1
0.00196,-9.8335019407736173E-009,-3.2132026349201391E-013,1.0000000000000000E+030,1.0000000000000001E-005,1.0000000000000000E-003,0,0,0,0,8,0,1
0.00199,-9.8332714674265952E-009,-3.2623694439041403E-013,1.0000000000000000E+030,1.0000000000000001E-005,1.0000000000000000E-003,0,0,0,0,8,0,1
0.00202,-9.8329921057938313E-009,-3.3115349444931765E-013,1.0000000000000000E+030,1.0000000000000001E-005,1.0000000000000000E-003,0,0,0,0,8,0,1
0.00205,-9.8326917920386203E-009,-3.3606989913974276E-013,1.0000000000000000E+030,1.0000000000000001E-005,1.0000000000000000E-003,0,0,0,0,8,0,1
0.00208,-9.8323914782834077E-009,-3.4098615196049514E-013,1.0000000000000000E+030,1.0000000000000001E-005,1.0000000000000000E-003,0,0,0,0,8,0,1
0.00212,-9.8320143400791882E-009,-3.4754093133645793E-013,1.0000000000000000E+030,1.0000000000000001E-005,1.0000000000000000E-003,0,0,0,0,8,0,1
0.00215,-9.8317559305688929E-009,-3.5245684960951334E-013,1.0000000000000000E+030,1.0000000000000001E-005,1.0000000000000000E-003,0,0,0,0,8,0,1
0.00218,-9.8315045050994088E-009,-3.5737264866679830E-013,1.0000000000000000E+030,1.0000000000000001E-005,1.0000000000000000E-003,0,0,0,0,8,0,1
0.00221,-9.8312391115482923E-009,-3.6228831930602522E-013,1.0000000000000000E+030,1.0000000000000001E-005,1.0000000000000000E-003,0,0,0,0,8,0,1
0.00224,-9.8309527658746906E-009,-3.6720385335184524E-013,1.0000000000000000E+030,1.0000000000000001E-005,1.0000000000000000E-003,0,0,0,0,8,0,1
0.00228,-9.8305127713030952E-009,-3.7375765584903881E-013,1.0000000000000000E+030,1.0000000000000001E-005,1.0000000000000000E-003,0,0,0,0,8,0,1
0.00231,-9.8301286490580529E-009,-3.7867278953305801E-013,1.0000000000000000E+030,1.0000000000000001E-005,1.0000000000000000E-003,0,0,0,0,8,0,1
0.00234,-9.8297096066089326E-009,-3.8358772630070414E-013,1.0000000000000000E+030,1.0000000000000001E-005,1.0000000000000000E-003,0,0,0,0,8,0,1
0.00237,-9.8292765960781534E-009,-3.8850244864068352E-013,1.0000000000000000E+030,1.0000000000000001E-005,1.0000000000000000E-003,0,0,0,0,8,0,1
0.0024,-9.8288575536290084E-009,-3.9341695905455856E-013,1.0000000000000000E+030,1.0000000000000001E-005,1.0000000000000000E-003,0,0,0,0,8,0,1
0.00244,-9.8284105750165884E-009,-3.9996935165121274E-013,1.0000000000000000E+030,1.0000000000000001E-005,1.0000000000000000E-003,0,0,0,0,8,0,1
0.00247,-9.8282220059144721E-009,-4.0488349236475009E-013,1.0000000000000000E+030,1.0000000000000001E-005,1.0000000000000000E-003,0,0,0,0,8,0,1
0.0025,-9.8281731176287369E-009,-4.0979758052417940E-013,1.0000000000000000E+030,1.0000000000000001E-005,1.0000000000000000E-003,0,0,0,0,8,0,1
0.00253,-9.8283267665267571E-009,-4.1471170445345608E-013,1.0000000000000000E+030,1.0000000000000001E-005,1.0000000000000000E-003,0,0,0,0,8,0,1
0.00256,-9.8286899366493507E-009,-4.1962596360907511E-013,1.0000000000000000E+030,1.0000000000000001E-005,1.0000000000000000E-003,0,0,0,0,8,0,1
0.0026,-9.8295070694251805E-009,-4.2617870730476041E-013,1.0000000000000000E+030,1.0000000000000001E-005,1.0000000000000000E-003,0,0,0,0,8,0,1
0.00263,-9.8303591224050816E-009,-4.3109369995795520E-013,1.0000000000000000E+030,1.0000000000000001E-005,1.0000000000000000E-003,0,0,0,0,8,0,1
0.00266,-9.8313927604463076E-009,-4.3600917946137501E-013,1.0000000000000000E+030,1.0000000000000001E-005,1.0000000000000000E-003,0,0,0,0,8,0,1
0.00269,-9.8325590952630587E-009,-4.4092521555848041E-013,1.0000000000000000E+030,1.0000000000000001E-005,1.0000000000000000E-003,0,0,0,0,8,0,1
0.00272,-9.8338232066512804E-009,-4.4584186351530974E-013,1.0000000000000000E+030,1.0000000000000001E-005,1.0000000000000000E-003,0,0,0,0,8,0,1
0.00276,-9.8355552487743425E-009,-4.5239839754108644E-013,1.0000000000000000E+030,1.0000000000000001E-005,1.0000000000000000E-003,0,0,0,0,8,0,1
0.00279,-9.8368472963257894E-009,-4.5731655963201593E-013,1.0000000000000000E+030,1.0000000000000001E-005,1.0000000000000000E-003,0,0,0,0,8,0,1
0.00282,-9.8380625194282345E-009,-4.6223535361086380E-013,1.0000000000000000E+030,1.0000000000000001E-005,1.0000000000000000E-003,0,0,0,0,8,0,1
0.00285,-9.8391659978775584E-009,-4.6715472268897933E-013,1.0000000000000000E+030,1.0000000000000001E-005,1.0000000000000000E-003,0,0,0,0,8,0,1
0.00288,-9.8401158274288687E-009,-4.7207460134650701E-013,1.0000000000000000E+030,1.0000000000000001E-005,1.0000000000000000E-003,0,0,0,0,8,0,1
0.00292,-9.8411424814291841E-009,-4.7863509296115855E-013,1.0000000000000000E+030,1.0000000000000001E-005,1.0000000000000000E-003,0,0,0,0,8,0,1
0.00295,-9.8416802525721971E-009,-4.8355583191140504E-013,1.0000000000000000E+030,1.0000000000000001E-005,1.0000000000000000E-003,0,0,0,0,8,0,1
0.00298,-9.8420434226947493E-009,-4.8847678825945441E-013,1.0000000000000000E+030,1.0000000000000001E-005,1.0000000000000000E-003,0,0,0,0,8,0,1
0.00301,-9.8422250077560246E-009,-4.9339787182565823E-013,1.0000000000000000E+030,1.0000000000000001E-005,1.0000000000000000E-003,0,0,0,0,8,0,1
0.00304,-9.8422459598784783E-009,-4.9831899780564894E-013,1.0000000000000000E+030,1.0000000000000001E-005,1.0000000000000000E-003,0,0,0,0,8,0,1
0.00308,-9.8420713588580225E-009,-5.0488043946607293E-013,1.0000000000000000E+030,1.0000000000000001E-005,1.0000000000000000E-003,0,0,0,0,8,0,1
0.00311,-9.8418269174293812E-009,-5.0980140369129935E-013,1.0000000000000000E+030,1.0000000000000001E-005,1.0000000000000000E-003,0,0,0,0,8,0,1
0.00314,-9.8415335877150146E-009,-5.1472223003284394E-013,1.0000000000000000E+030,1.0000000000000001E-005,1.0000000000000000E-003,0,0,0,0,8,0,1
0.00317,-9.8412262899190022E-009,-5.1964290403530424E-013,1.0000000000000000E+030,1.0000000000000001E-005,1.0000000000000000E-003,0,0,0,0,8,0,1
0.0032,-9.8409329602046339E-009,-5.2456342753884368E-013,1.0000000000000000E+030,1.0000000000000001E-005,1.0000000000000000E-003,0,0,0,0,8,0,1
0.00324,-9.8406047102861563E-009,-5.3112392050866464E-013,1.0000000000000000E+030,1.0000000000000001E-005,1.0000000000000000E-003,0,0,0,0,8,0,1
0.00327,-9.8404161411840598E-009,-5.3604416381277742E-013,1.0000000000000000E+030,1.0000000000000001E-005,1.0000000000000000E-003,0,0,0,0,8,0,1
0.0033,-9.8402694763268724E-009,-5.4096432664831895E-013,1.0000000000000000E+030,1.0000000000000001E-005,1.0000000000000000E-003,0,0,0,0,8,0,1
0.00333,-9.8401647157145956E-009,-5.4588443174173255E-013,1.0000000000000000E+030,1.0000000000000001E-005,1.0000000000000000E-003,0,0,0,0,8,0,1
0.00336,-9.8400809072247759E-009,-5.5080449030305236E-013,1.0000000000000000E+030,1.0000000000000001E-005,1.0000000000000000E-003,0,0,0,0,8,0,1
0.0034,-9.8399621785308633E-009,-5.5736450278777187E-013,1.0000000000000000E+030,1.0000000000000001E-005,1.0000000000000000E-003,0,0,0,0,8,0,1
0.00343,-9.8398434498369475E-009,-5.6228445029804265E-013,1.0000000000000000E+030,1.0000000000000001E-005,1.0000000000000000E-003,0,0,0,0,8,0,1
0.00346,-9.8396758328573063E-009,-5.6720432240005998E-013,1.0000000000000000E+030,1.0000000000000001E-005,1.0000000000000000E-003,0,0,0,0,8,0,1
0.00349,-9.8394523435511170E-009,-5.7212409394861052E-013,1.0000000000000000E+030,1.0000000000000001E-005,1.0000000000000000E-003,0,0,0,0,8,0,1
0.00352,-9.8391659978775584E-009,-5.7704374330568281E-013,1.0000000000000000E+030,1.0000000000000001E-005,1.0000000000000000E-003,0,0,0,0,8,0,1
0.00356,-9.8387399713876318E-009,-5.8360305164241679E-013,1.0000000000000000E+030,1.0000000000000001E-005,1.0000000000000000E-003,0,0,0,0,8,0,1
0.00359,-9.8383837853058892E-009,-5.8852233465136570E-013,1.0000000000000000E+030,1.0000000000000001E-005,1.0000000000000000E-003,0,0,0,0,8,0,1
0.00362,-9.8380345832649612E-009,-5.9344143403161257E-013,1.0000000000000000E+030,1.0000000000000001E-005,1.0000000000000000E-003,0,0,0,0,8,0,1
0.00365,-9.8377133173873081E-009,-5.9836034991437084E-013,1.0000000000000000E+030,1.0000000000000001E-005,1.0000000000000000E-003,0,0,0,0,8,0,1
0.00368,-9.8374339557545624E-009,-6.0327911841849104E-013,1.0000000000000000E+030,1.0000000000000001E-005,1.0000000000000000E-003,0,0,0,0,8,0,1
0.00372,-9.8371545941218084E-009,-6.0983729372671364E-013,1.0000000000000000E+030,1.0000000000000001E-005,1.0000000000000000E-003,0,0,0,0,8,0,1
0.00375,-9.8370218973462567E-009,-6.1475582797820645E-013,1.0000000000000000E+030,1.0000000000000001E-005,1.0000000000000000E-003,0,0,0,0,8,0,1
0.00378,-9.8369380888564304E-009,-6.1967431294497045E-013,1.0000000000000000E+030,1.0000000000000001E-005,1.0000000000000000E-003,0,0,0,0,8,0,1
0.00381,-9.8368961846115213E-009,-6.2459276960683376E-013,1.0000000000000000E+030,1.0000000000000001E-005,1.0000000000000000E-003,0,0,0,0,8,0,1
0.00384,-9.8368752324890627E-009,-6.2951121150346264E-013,1.0000000000000000E+030,1.0000000000000001E-005,1.0000000000000000E-003,0,0,0,0,8,0,1
0.00388,-9.8368403122849715E-009,-6.3606911945997949E-013,1.0000000000000000E+030,1.0000000000000001E-005,1.0000000000000000E-003,0,0,0,0,8,0,1
0.00391,-9.8367844399584234E-009,-6.4098752654261749E-013,1.0000000000000000E+030,1.0000000000000001E-005,1.0000000000000000E-003,0,0,0,0,8,0,1
0.00394,-9.8366726953053238E-009,-6.4590589272264377E-013,1.0000000000000000E+030,1.0000000000000001E-005,1.0000000000000000E-003,0,0,0,0,8,0,1
0.00397,-9.8364911102440402E-009,-6.5082418644668580E-013,1.0000000000000000E+030,1.0000000000000001E-005,1.0000000000000000E-003,0,0,0,0,8,0,1
0.004,-9.8362327007337531E-009,-6.5574237056507867E-013,1.0000000000000000E+030,1.0000000000000001E-005,1.0000000000000000E-003,0,0,0,0,8,0,1
0.00404,-9.8357577859580831E-009,-6.6229970170311050E-013,1.0000000000000000E+030,1.0000000000000001E-005,1.0000000000000000E-003,0,0,0,0,8,0,1
0.00407,-9.8353038233048701E-009,-6.6721744635005707E-013,1.0000000000000000E+030,1.0000000000000001E-005,1.0000000000000000E-003,0,0,0,0,8,0,1
0.0041,-9.8347870042842645E-009,-6.7213494384581907E-013,1.0000000000000000E+030,1.0000000000000001E-005,1.0000000000000000E-003,0,0,0,0,8,0,1
0.00413,-9.8342003448554899E-009,-6.7705216336656768E-013,1.0000000000000000E+030,1.0000000000000001E-005,1.0000000000000000E-003,0,0,0,0,8,0,1
0.00417,-9.8333692439980591E-009,-6.8360798018913652E-013,1.0000000000000000E+030,1.0000000000000001E-005,1.0000000000000000E-003,0,0,0,0,8,0,1
0.0042,-9.8326917920386203E-009,-6.8852446087527413E-013,1.0000000000000000E+030,1.0000000000000001E-005,1.0000000000000000E-003,0,0,0,0,8,0,1
0.00423,-9.8320003719975508E-009,-6.9344059908724948E-013,1.0000000000000000E+030,1.0000000000000001E-005,1.0000000000000000E-003,0,0,0,0,8,0,1
0.00426,-9.8313019679156617E-009,-6.9835638731350268E-013,1.0000000000000000E+030,1.0000000000000001E-005,1.0000000000000000E-003,0,0,0,0,8,0,1
0.00429,-9.8306035638337461E-009,-7.0327182432931943E-013,1.0000000000000000E+030,1.0000000000000001E-005,1.0000000000000000E-003,0,0,0,0,8,0,1
0.00433,-9.8296956385272919E-009,-7.0982520598386249E-013,1.0000000000000000E+030,1.0000000000000001E-005,1.0000000000000000E-003,0,0,0,0,8,0,1
0.00436,-9.8290740588943980E-009,-7.1473986336397779E-013,1.0000000000000000E+030,1.0000000000000001E-005,1.0000000000000000E-003,0,0,0,0,8,0,1
0.00439,-9.8285083515880556E-009,-7.1965422777189605E-013,1.0000000000000000E+030,1.0000000000000001E-005,1.0000000000000000E-003,0,0,0,0,8,0,1
0.00442,-9.8280543889348144E-009,-7.2456834081236051E-013,1.0000000000000000E+030,1.0000000000000001E-005,1.0000000000000000E-003,0,0,0,0,8,0,1
0.00445,-9.8277051868938583E-009,-7.2948225665012421E-013,1.0000000000000000E+030,1.0000000000000001E-005,1.0000000000000000E-003,0,0,0,0,8,0,1
0.00449,-9.8274537614243676E-009,-7.3603395764310504E-013,1.0000000000000000E+030,1.0000000000000001E-005,1.0000000000000000E-003,0,0,0,0,8,0,1
0.00452,-9.8274467773835530E-009,-7.4094767406656884E-013,1.0000000000000000E+030,1.0000000000000001E-005,1.0000000000000000E-003,0,0,0,0,8,0,1
0.00455,-9.8275934422407520E-009,-7.4586143291202995E-013,1.0000000000000000E+030,1.0000000000000001E-005,1.0000000000000000E-003,0,0,0,0,8,0,1
0.00458,-9.8279496283225277E-009,-7.5077531628163932E-013,1.0000000000000000E+030,1.0000000000000001E-005,1.0000000000000000E-003,0,0,0,0,8,0,1
0.00461,-9.8284594633023203E-009,-7.5568941236846066E-013,1.0000000000000000E+030,1.0000000000000001E-005,1.0000000000000000E-003,0,0,0,0,8,0,1
0.00465,-9.8293673886088010E-009,-7.6224200667908100E-013,1.0000000000000000E+030,1.0000000000000001E-005,1.0000000000000000E-003,0,0,0,0,8,0,1
0.00468,-9.8301845213846060E-009,-7.6715688966683986E-013,1.0000000000000000E+030,1.0000000000000001E-005,1.0000000000000000E-003,0,0,0,0,8,0,1
0.00471,-9.8310714945686363E-009,-7.7207220337571804E-013,1.0000000000000000E+030,1.0000000000000001E-005,1.0000000000000000E-003,0,0,0,0,8,0,1
0.00474,-9.8320213241200061E-009,-7.7698799472238974E-013,1.0000000000000000E+030,1.0000000000000001E-005,1.0000000000000000E-003,0,0,0,0,8,0,1
0.00477,-9.8329571855897352E-009,-7.8190428859670152E-013,1.0000000000000000E+030,1.0000000000000001E-005,1.0000000000000000E-003,0,0,0,0,8,0,1
0.00481,-9.8341305044473043E-009,-7.8846005116221086E-013,1.0000000000000000E+030,1.0000000000000001E-005,1.0000000000000000E-003,0,0,0,0,8,0,1
0.00484,-9.8349266851006407E-009,-7.9337735962841745E-013,1.0000000000000000E+030,1.0000000000000001E-005,1.0000000000000000E-003,0,0,0,0,8,0,1
0.00487,-9.8356320732233493E-009,-7.9829503698424179E-013,1.0000000000000000E+030,1.0000000000000001E-005,1.0000000000000000E-003,0,0,0,0,8,0,1
0.0049,-9.8362536528562101E-009,-8.0321300975249121E-013,1.0000000000000000E+030,1.0000000000000001E-005,1.0000000000000000E-003,0,0,0,0,8,0,1
0.00493,-9.8367355516726915E-009,-8.0813125557938849E-013,1.0000000000000000E+030,1.0000000000000001E-005,1.0000000000000000E-003,0,0,0,0,8,0,1
0.00497,-9.8372803068565570E-009,-8.1468926735701726E-013,1.0000000000000000E+030,1.0000000000000001E-005,1.0000000000000000E-003,0,0,0,0,8,0,1
0.005,-9.8375876046525710E-009,-8.1960798460095493E-013,1.0000000000000000E+030,1.0000000000000001E-005,1.0000000000000000E-003,0,0,0,0,8,0,1
0.00503,-9.8378390301220419E-009,-8.2452684961931519E-013,1.0000000000000000E+030,1.0000000000000001E-005,1.0000000000000000E-003,0,0,0,0,8,0,1
0.00506,-9.8380625194282345E-009,-8.2944582673911238E-013,1.0000000000000000E+030,1.0000000000000001E-005,1.0000000000000000E-003,0,0,0,0,8,0,1
0.00509,-9.8382650566119717E-009,-8.3436490891961738E-013,1.0000000000000000E+030,1.0000000000000001E-005,1.0000000000000000E-003,0,0,0,0,8,0,1
0.00513,-9.8385304501630783E-009,-8.4092383789001668E-013,1.0000000000000000E+030,1.0000000000000001E-005,1.0000000000000000E-003,0,0,0,0,8,0,1
0.00516,-9.8387190192651781E-009,-8.4584315339508847E-013,1.0000000000000000E+030,1.0000000000000001E-005,1.0000000000000000E-003,0,0,0,0,8,0,1
0.00519,-9.8389215564489137E-009,-8.5076256163976242E-013,1.0000000000000000E+030,1.0000000000000001E-005,1.0000000000000000E-003,0,0,0,0,8,0,1
0.00522,-9.8391240936326493E-009,-8.5568206758178200E-013,1.0000000000000000E+030,1.0000000000000001E-005,1.0000000000000000E-003,0,0,0,0,8,0,1
0.00525,-9.8392986946531117E-009,-8.6060166805121176E-013,1.0000000000000000E+030,1.0000000000000001E-005,1.0000000000000000E-003,0,0,0,0,8,0,1
0.00529,-9.8395012318368423E-009,-8.6716127040696276E-013,1.0000000000000000E+030,1.0000000000000001E-005,1.0000000000000000E-003,0,0,0,0,8,0,1
0.00532,-9.8396129764899403E-009,-8.7208105251971105E-013,1.0000000000000000E+030,1.0000000000000001E-005,1.0000000000000000E-003,0,0,0,0,8,0,1
0.00535,-9.8396967849797600E-009,-8.7700088216295153E-013,1.0000000000000000E+030,1.0000000000000001E-005,1.0000000000000000E-003,0,0,0,0,8,0,1
0.00538,-9.8397596413471277E-009,-8.8192073906847476E-013,1.0000000000000000E+030,1.0000000000000001E-005,1.0000000000000000E-003,0,0,0,0,8,0,1
0.00541,-9.8397177371022154E-009,-8.8684060071809489E-013,1.0000000000000000E+030,1.0000000000000001E-005,1.0000000000000000E-003,0,0,0,0,8,0,1
0.00545,-9.8396409126532135E-009,-8.9340038598595245E-013,1.0000000000000000E+030,1.0000000000000001E-005,1.0000000000000000E-003,0,0,0,0,8,0,1
0.00548,-9.8395431360817563E-009,-8.9832018054192295E-013,1.0000000000000000E+030,1.0000000000000001E-005,1.0000000000000000E-003,0,0,0,0,8,0,1
0.00551,-9.8394313914286600E-009,-9.0323992391724759E-013,1.0000000000000000E+030,1.0000000000000001E-005,1.0000000000000000E-003,0,0,0,0,8,0,1
0.00554,-9.8393196467755637E-009,-9.0815961171626254E-013,1.0000000000000000E+030,1.0000000000000001E-005,1.0000000000000000E-003,0,0,0,0,8,0,1
0.00557,-9.8392218702041065E-009,-9.1307924544273945E-013,1.0000000000000000E+030,1.0000000000000001E-005,1.0000000000000000E-003,0,0,0,0,8,0,1
0.00561,-9.8391450457551047E-009,-9.1963869418712331E-013,1.0000000000000000E+030,1.0000000000000001E-005,1.0000000000000000E-003,0,0,0,0,8,0,1
0.00564,-9.8391101255510119E-009,-9.2455825363668043E-013,1.0000000000000000E+030,1.0000000000000001E-005,1.0000000000000000E-003,0,0,0,0,8,0,1
0.00567,-9.8391240936326493E-009,-9.2947781182070270E-013,1.0000000000000000E+030,1.0000000000000001E-005,1.0000000000000000E-003,0,0,0,0,8,0,1
0.0057,-9.8392009180816512E-009,-9.3439739072726560E-013,1.0000000000000000E+030,1.0000000000000001E-005,1.0000000000000000E-003,0,0,0,0,8,0,1
0.00573,-9.8392986946531117E-009,-9.3931701240220788E-013,1.0000000000000000E+030,1.0000000000000001E-005,1.0000000000000000E-003,0,0,0,0,8,0,1
0.00577,-9.8394802797143919E-009,-9.4587660141092442E-013,1.0000000000000000E+030,1.0000000000000001E-005,1.0000000000000000E-003,0,0,0,0,8,0,1
0.0058,-9.8396339286123956E-009,-9.5079637843235957E-013,1.0000000000000000E+030,1.0000000000000001E-005,1.0000000000000000E-003,0,0,0,0,8,0,1
0.00583,-9.8397805934695831E-009,-9.5571623150288698E-013,1.0000000000000000E+030,1.0000000000000001E-005,1.0000000000000000E-003,0,0,0,0,8,0,1
0.00586,-9.8399063062043168E-009,-9.6063615470888198E-013,1.0000000000000000E+030,1.0000000000000001E-005,1.0000000000000000E-003,0,0,0,0,8,0,1
0.00589,-9.8399761466124991E-009,-9.6555612716858318E-013,1.0000000000000000E+030,1.0000000000000001E-005,1.0000000000000000E-003,0,0,0,0,8,0,1
0.00593,-9.8399761466124991E-009,-9.7211612110790952E-013,1.0000000000000000E+030,1.0000000000000001E-005,1.0000000000000000E-003,0,0,0,0,8,0,1
0.00596,-9.8398783700410403E-009,-9.7703608980622257E-013,1.0000000000000000E+030,1.0000000000000001E-005,1.0000000000000000E-003,0,0,0,0,8,0,1
0.00599,-9.8396758328573063E-009,-9.8195598333908471E-013,1.0000000000000000E+030,1.0000000000000001E-005,1.0000000000000000E-003,0,0,0,0,8,0,1
0.00602,-9.8393685350612940E-009,-9.8687574852587519E-013,1.0000000000000000E+030,1.0000000000000001E-005,1.0000000000000000E-003,0,0,0,0,8,0,1
0.00605,-9.8389355245305479E-009,-9.9179532895512896E-013,1.0000000000000000E+030,1.0000000000000001E-005,1.0000000000000000E-003,0,0,0,0,8,0,1
0.00609,-9.8382022002446057E-009,-9.9835438382900010E-013,1.0000000000000000E+030,1.0000000000000001E-005,1.0000000000000000E-003,0,0,0,0,8,0,1
0.00612,-9.8375107802035692E-009,-1.0032733154255104E-012,1.0000000000000000E+030,1.0000000000000001E-005,1.0000000000000000E-003,0,0,0,0,8,0,1
0.00615,-9.8367495197543306E-009,-1.0081918853669706E-012,1.0000000000000000E+030,1.0000000000000001E-005,1.0000000000000000E-003,0,0,0,0,8,0,1
0.00618,-9.8359114348560918E-009,-1.0131100534545695E-012,1.0000000000000000E+030,1.0000000000000001E-005,1.0000000000000000E-003,0,0,0,0,8,0,1
0.00621,-9.8350314457129224E-009,-1.0180277891877027E-012,1.0000000000000000E+030,1.0000000000000001E-005,1.0000000000000000E-003,0,0,0,0,8,0,1
0.00625,-9.8337952704880055E-009,-1.0245840652031755E-012,1.0000000000000000E+030,1.0000000000000001E-005,1.0000000000000000E-003,0,0,0,0,8,0,1
0.00628,-9.8328873451815446E-009,-1.0295006894374228E-012,1.0000000000000000E+030,1.0000000000000001E-005,1.0000000000000000E-003,0,0,0,0,8,0,1
0.00631,-9.8320003719975508E-009,-1.0344168623114020E-012,1.0000000000000000E+030,1.0000000000000001E-005,1.0000000000000000E-003,0,0,0,0,8,0,1
0.00634,-9.8311762551809213E-009,-1.0393326099671274E-012,1.0000000000000000E+030,1.0000000000000001E-005,1.0000000000000000E-003,0,0,0,0,8,0,1
0.00637,-9.8304219787724526E-009,-1.0442479643417695E-012,1.0000000000000000E+030,1.0000000000000001E-005,1.0000000000000000E-003,0,0,0,0,8,0,1
0.00641,-9.8295629417517319E-009,-1.0508012333122316E-012,1.0000000000000000E+030,1.0000000000000001E-005,1.0000000000000000E-003,0,0,0,0,8,0,1
0.00644,-9.8290391386903035E-009,-1.0557158502803574E-012,1.0000000000000000E+030,1.0000000000000001E-005,1.0000000000000000E-003,0,0,0,0,8,0,1
0.00647,-9.8286480324044350E-009,-1.0606302465417948E-012,1.0000000000000000E+030,1.0000000000000001E-005,1.0000000000000000E-003,0,0,0,0,8,0,1
0.0065,-9.8283966069349493E-009,-1.0655444869080021E-012,1.0000000000000000E+030,1.0000000000000001E-005,1.0000000000000000E-003,0,0,0,0,8,0,1
0.00653,-9.8282150218736542E-009,-1.0704586418191008E-012,1.0000000000000000E+030,1.0000000000000001E-005,1.0000000000000000E-003,0,0,0,0,8,0,1
0.00657,-9.8282778782410252E-009,-1.0770108060849332E-012,1.0000000000000000E+030,1.0000000000000001E-005,1.0000000000000000E-003,0,0,0,0,8,0,1
0.0066,-9.8284454952206846E-009,-1.0819249817317717E-012,1.0000000000000000E+030,1.0000000000000001E-005,1.0000000000000000E-003,0,0,0,0,8,0,1
0.00663,-9.8287178728126273E-009,-1.0868392683413274E-012,1.0000000000000000E+030,1.0000000000000001E-005,1.0000000000000000E-003,0,0,0,0,8,0,1
0.00666,-9.8290880269760387E-009,-1.0917537173963846E-012,1.0000000000000000E+030,1.0000000000000001E-005,1.0000000000000000E-003,0,0,0,0,8,0,1
0.00669,-9.8295210375068196E-009,-1.0966683770954012E-012,1.0000000000000000E+030,1.0000000000000001E-005,1.0000000000000000E-003,0,0,0,0,8,0,1
0.00673,-9.8301915054254255E-009,-1.1032216143551304E-012,1.0000000000000000E+030,1.0000000000000001E-005,1.0000000000000000E-003,0,0,0,0,8,0,1
0.00676,-9.8306943563643936E-009,-1.1081368359561312E-012,1.0000000000000000E+030,1.0000000000000001E-005,1.0000000000000000E-003,0,0,0,0,8,0,1
0.00679,-9.8311972073033750E-009,-1.1130523115070284E-012,1.0000000000000000E+030,1.0000000000000001E-005,1.0000000000000000E-003,0,0,0,0,8,0,1
0.00682,-9.8316721220790649E-009,-1.1179680353076739E-012,1.0000000000000000E+030,1.0000000000000001E-005,1.0000000000000000E-003,0,0,0,0,8,0,1
0.00685,-9.8321121166506520E-009,-1.1228839835983751E-012,1.0000000000000000E+030,1.0000000000000001E-005,1.0000000000000000E-003,0,0,0,0,8,0,1
0.00689,-9.8326219516304314E-009,-1.1294388993316731E-012,1.0000000000000000E+030,1.0000000000000001E-005,1.0000000000000000E-003,0,0,0,0,8,0,1
0.00692,-9.8329641696305564E-009,-1.1343552964946430E-012,1.0000000000000000E+030,1.0000000000000001E-005,1.0000000000000000E-003,0,0,0,0,8,0,1
0.00695,-9.8332644833857740E-009,-1.1392718531664927E-012,1.0000000000000000E+030,1.0000000000000001E-005,1.0000000000000000E-003,0,0,0,0,8,0,1
0.00698,-9.8335438450185280E-009,-1.1441885612223775E-012,1.0000000000000000E+030,1.0000000000000001E-005,1.0000000000000000E-003,0,0,0,0,8,0,1
0.00701,-9.8338232066512804E-009,-1.1491054083112504E-012,1.0000000000000000E+030,1.0000000000000001E-005,1.0000000000000000E-003,0,0,0,0,8,0,1
0.00705,-9.8342143129371273E-009,-1.1556614196271470E-012,1.0000000000000000E+030,1.0000000000000001E-005,1.0000000000000000E-003,0,0,0,0,8,0,1
0.00708,-9.8345146266923334E-009,-1.1605786011372882E-012,1.0000000000000000E+030,1.0000000000000001E-005,1.0000000000000000E-003,0,0,0,0,8,0,1
0.00711,-9.8348498606516355E-009,-1.1654959440011248E-012,1.0000000000000000E+030,1.0000000000000001E-005,1.0000000000000000E-003,0,0,0,0,8,0,1
0.00714,-9.8351850946109509E-009,-1.1704134516787621E-012,1.0000000000000000E+030,1.0000000000000001E-005,1.0000000000000000E-003,0,0,0,0,8,0,1
0.00717,-9.8355342966518839E-009,-1.1753311319735496E-012,1.0000000000000000E+030,1.0000000000000001E-005,1.0000000000000000E-003,0,0,0,0,8,0,1
0.00721,-9.8359812752642807E-009,-1.1818883053793570E-012,1.0000000000000000E+030,1.0000000000000001E-005,1.0000000000000000E-003,0,0,0,0,8,0,1
0.00724,-9.8362885730603013E-009,-1.1868063732262233E-012,1.0000000000000000E+030,1.0000000000000001E-005,1.0000000000000000E-003,0,0,0,0,8,0,1
0.00727,-9.8365399985297738E-009,-1.1917245896321147E-012,1.0000000000000000E+030,1.0000000000000001E-005,1.0000000000000000E-003,0,0,0,0,8,0,1
0.0073,-9.8367355516726915E-009,-1.1966429131129632E-012,1.0000000000000000E+030,1.0000000000000001E-005,1.0000000000000000E-003,0,0,0,0,8,0,1
0.00733,-9.8368961846115213E-009,-1.2015613246131965E-012,1.0000000000000000E+030,1.0000000000000001E-005,1.0000000000000000E-003,0,0,0,0,8,0,1
0.00737,-9.8370009452238030E-009,-1.2081192939260817E-012,1.0000000000000000E+030,1.0000000000000001E-005,1.0000000000000000E-003,0,0,0,0,8,0,1
0.0074,-9.8370288813870730E-009,-1.2130378034398657E-012,1.0000000000000000E+030,1.0000000000000001E-005,1.0000000000000000E-003,0,0,0,0,8,0,1
0.00743,-9.8370358654278925E-009,-1.2179563204339338E-012,1.0000000000000000E+030,1.0000000000000001E-005,1.0000000000000000E-003,0,0,0,0,8,0,1
0.00746,-9.8370288813870730E-009,-1.2228748365214179E-012,1.0000000000000000E+030,1.0000000000000001E-005,1.0000000000000000E-003,0,0,0,0,8,0,1
0.00749,-9.8370428494687121E-009,-1.2277933538629759E-012,1.0000000000000000E+030,1.0000000000000001E-005,1.0000000000000000E-003,0,0,0,0,8,0,1
0.00753,-9.8371196739177156E-009,-1.2343514024519082E-012,1.0000000000000000E+030,1.0000000000000001E-005,1.0000000000000000E-003,0,0,0,0,8,0,1
0.00756,-9.8372314185708251E-009,-1.2392699886314900E-012,1.0000000000000000E+030,1.0000000000000001E-005,1.0000000000000000E-003,0,0,0,0,8,0,1
0.00759,-9.8374269717137461E-009,-1.2441886517003600E-012,1.0000000000000000E+030,1.0000000000000001E-005,1.0000000000000000E-003,0,0,0,0,8,0,1
0.00762,-9.8376853812240315E-009,-1.2491074261676642E-012,1.0000000000000000E+030,1.0000000000000001E-005,1.0000000000000000E-003,0,0,0,0,8,0,1
0.00765,-9.8379996630608701E-009,-1.2540263463696489E-012,1.0000000000000000E+030,1.0000000000000001E-005,1.0000000000000000E-003,0,0,0,0,8,0,1
0.00769,-9.8385234661222555E-009,-1.2605851850271050E-012,1.0000000000000000E+030,1.0000000000000001E-005,1.0000000000000000E-003,0,0,0,0,8,0,1
0.00772,-9.8389425085713691E-009,-1.2655045521604035E-012,1.0000000000000000E+030,1.0000000000000001E-005,1.0000000000000000E-003,0,0,0,0,8,0,1
0.00775,-9.8393894871837493E-009,-1.2704241373666126E-012,1.0000000000000000E+030,1.0000000000000001E-005,1.0000000000000000E-003,0,0,0,0,8,0,1
0.00778,-9.8398155136736759E-009,-1.2753439416026910E-012,1.0000000000000000E+030,1.0000000000000001E-005,1.0000000000000000E-003,0,0,0,0,8,0,1
0.00781,-9.8402205880411421E-009,-1.2802639546433371E-012,1.0000000000000000E+030,1.0000000000000001E-005,1.0000000000000000E-003,0,0,0,0,8,0,1
0.00785,-9.8406675666535224E-009,-1.2868242578672215E-012,1.0000000000000000E+030,1.0000000000000001E-005,1.0000000000000000E-003,0,0,0,0,8,0,1
0.00788,-9.8409120080821654E-009,-1.2917446563697346E-012,1.0000000000000000E+030,1.0000000000000001E-005,1.0000000000000000E-003,0,0,0,0,8,0,1
0.00791,-9.8410516888985481E-009,-1.2966651534380357E-012,1.0000000000000000E+030,1.0000000000000001E-005,1.0000000000000000E-003,0,0,0,0,8,0,1
0.00794,-9.8411005771842751E-009,-1.3015856977568048E-012,1.0000000000000000E+030,1.0000000000000001E-005,1.0000000000000000E-003,0,0,0,0,8,0,1
0.00797,-9.8410097846536358E-009,-1.3065062318511540E-012,1.0000000000000000E+030,1.0000000000000001E-005,1.0000000000000000E-003,0,0,0,0,8,0,1
0.00801,-9.8407164549392493E-009,-1.3130668217666893E-012,1.0000000000000000E+030,1.0000000000000001E-005,1.0000000000000000E-003,0,0,0,0,8,0,1
0.00804,-9.8403393167350563E-009,-1.3179870898340737E-012,1.0000000000000000E+030,1.0000000000000001E-005,1.0000000000000000E-003,0,0,0,0,8,0,1
0.00807,-9.8398644019594028E-009,-1.3229071370183876E-012,1.0000000000000000E+030,1.0000000000000001E-005,1.0000000000000000E-003,0,0,0,0,8,0,1
0.0081,-9.8392079021224691E-009,-1.3278269002258908E-012,1.0000000000000000E+030,1.0000000000000001E-005,1.0000000000000000E-003,0,0,0,0,8,0,1
0.00813,-9.8384675937957090E-009,-1.3327463228931236E-012,1.0000000000000000E+030,1.0000000000000001E-005,1.0000000000000000E-003,0,0,0,0,8,0,1
0.00817,-9.8373431632239231E-009,-1.3393049325992380E-012,1.0000000000000000E+030,1.0000000000000001E-005,1.0000000000000000E-003,0,0,0,0,8,0,1
0.0082,-9.8364003177133976E-009,-1.3442233681775097E-012,1.0000000000000000E+030,1.0000000000000001E-005,1.0000000000000000E-003,0,0,0,0,8,0,1
0.00823,-9.8354015998763322E-009,-1.3491413199753942E-012,1.0000000000000000E+030,1.0000000000000001E-005,1.0000000000000000E-003,0,0,0,0,8,0,1
0.00826,-9.8343749458759589E-009,-1.3540587659115658E-012,1.0000000000000000E+030,1.0000000000000001E-005,1.0000000000000000E-003,0,0,0,0,8,0,1
0.00829,-9.8333343237939629E-009,-1.3589756950296537E-012,1.0000000000000000E+030,1.0000000000000001E-005,1.0000000000000000E-003,0,0,0,0,8,0,1
0.00833,-9.8319724358342759E-009,-1.3655307978705905E-012,1.0000000000000000E+030,1.0000000000000001E-005,1.0000000000000000E-003,0,0,0,0,8,0,1
0.00836,-9.8309946701196046E-009,-1.3704465379669660E-012,1.0000000000000000E+030,1.0000000000000001E-005,1.0000000000000000E-003,0,0,0,0,8,0,1
0.00839,-9.8300588086498623E-009,-1.3753617979323729E-012,1.0000000000000000E+030,1.0000000000000001E-005,1.0000000000000000E-003,0,0,0,0,8,0,1
0.00842,-9.8291858035475059E-009,-1.3802766054111289E-012,1.0000000000000000E+030,1.0000000000000001E-005,1.0000000000000000E-003,0,0,0,0,8,0,1
0.00845,-9.8283686707716744E-009,-1.3851909909108337E-012,1.0000000000000000E+030,1.0000000000000001E-005,1.0000000000000000E-003,0,0,0,0,8,0,1
0.00849,-9.8273490008120793E-009,-1.3917428957369524E-012,1.0000000000000000E+030,1.0000000000000001E-005,1.0000000000000000E-003,0,0,0,0,8,0,1
0.00852,-9.8265807563219500E-009,-1.3966563816127284E-012,1.0000000000000000E+030,1.0000000000000001E-005,1.0000000000000000E-003,0,0,0,0,8,0,1
0.00855,-9.8256588629338103E-009,-1.4015694503908820E-012,1.0000000000000000E+030,1.0000000000000001E-005,1.0000000000000000E-003,0,0,0,0,8,0,1
0.00858,-9.8242969749740323E-009,-1.4064819635759534E-012,1.0000000000000000E+030,1.0000000000000001E-005,1.0000000000000000E-003,0,0,0,0,8,0,1
0.00861,-9.8219503372587204E-009,-1.4113935797988180E-012,1.0000000000000000E+030,1.0000000000000001E-005,1.0000000000000000E-003,0,0,0,0,8,0,1
0.00865,-9.8153853388882216E-009,-1.4179396510040411E-012,1.0000000000000000E+030,1.0000000000000001E-005,1.0000000000000000E-003,0,0,0,0,8,0,1
0.00868,-9.8052724477805792E-009,-1.4228450555475406E-012,1.0000000000000000E+030,1.0000000000000001E-005,1.0000000000000000E-003,0,0,0,0,8,0,1
0.00871,-9.7869393406254495E-009,-1.4277435170950531E-012,1.0000000000000000E+030,1.0000000000000001E-005,1.0000000000000000E-003,0,0,0,0,8,0,1
0.00874,-9.7548756092094174E-009,-1.4326296420745151E-012,1.0000000000000000E+030,1.0000000000000001E-005,1.0000000000000000E-003,0,0,0,0,8,0,1
0.00877,-9.7008889736322197E-009,-1.4374946390519330E-012,1.0000000000000000E+030,1.0000000000000001E-005,1.0000000000000000E-003,0,0,0,0,8,0,1
0.00881,-9.5740448240728646E-009,-1.4439237900642847E-012,1.0000000000000000E+030,1.0000000000000001E-005,1.0000000000000000E-003,0,0,0,0,8,0,1
0.00884,-9.4158702671605159E-009,-1.4486739176868233E-012,1.0000000000000000E+030,1.0000000000000001E-005,1.0000000000000000E-003,0,0,0,0,8,0,1
0.00887,-9.1787341441354428E-009,-1.4533262577832488E-012,1.0000000000000000E+030,1.0000000000000001E-005,1.0000000000000000E-003,0,0,0,0,8,0,1
0.0089,-8.8347002910230238E-009,-1.4578345225386918E-012,1.0000000000000000E+030,1.0000000000000001E-005,1.0000000000000000E-003,0,0,0,0,8,0,1
0.00893,-8.3522567143407294E-009,-1.4621375275062099E-012,1.0000000000000000E+030,1.0000000000000001E-005,1.0000000000000000E-003,0,0,0,0,8,0,1
0.00897,-7.4391771709831492E-009,-1.4674196302624922E-012,1.0000000000000000E+030,1.0000000000000001E-005,1.0000000000000000E-003,0,0,0,0,8,0,1
0.009,-6.5183942234223064E-009,-1.4709179058402968E-012,1.0000000000000000E+030,1.0000000000000001E-005,1.0000000000000000E-003,0,0,0,0,8,0,1
0.00903,-5.3782844429375211E-009,-1.4739013029657791E-012,1.0000000000000000E+030,1.0000000000000001E-005,1.0000000000000000E-003,0,0,0,0,8,0,1
0.00906,-4.0169691161884016E-009,-1.4762589403012399E-012,1.0000000000000000E+030,1.0000000000000001E-005,1.0000000000000000E-003,0,0,0,0,8,0,1
0.00909,-2.4438766913138523E-009,-1.4778824574013762E-012,1.0000000000000000E+030,1.0000000000000001E-005,1.0000000000000000E-003,0,0,0,0,8,0,1
0.00913,-4.6318162507625381E-011,-1.4787304807340237E-012,1.0000000000000000E+030,1.0000000000000001E-005,1.0000000000000000E-003,0,0,0,0,8,0,1
0.00916,1.9537576274988106E-009,-1.4782596327462401E-012,1.0000000000000000E+030,1.0000000000000001E-005,1.0000000000000000E-003,0,0,0,0,8,0,1
0.00919,4.1129787299396972E-009,-1.4767493275592836E-012,1.0000000000000000E+030,1.0000000000000001E-005,1.0000000000000000E-003,0,0,0,0,8,0,1
0.00922,6.4290962749732876E-009,-1.4741204154524994E-012,1.0000000000000000E+030,1.0000000000000001E-005,1.0000000000000000E-003,0,0,0,0,8,0,1
0.00925,8.9102117409004447E-009,-1.4702925913567945E-012,1.0000000000000000E+030,1.0000000000000001E-005,1.0000000000000000E-003,0,0,0,0,8,0,1
0.00929,1.2504394673108275E-008,-1.4631735103262513E-012,1.0000000000000000E+030,1.0000000000000001E-005,1.0000000000000000E-003,0,0,0,0,8,0,1
0.00932,1.5442035788718691E-008,-1.4561960269880780E-012,1.0000000000000000E+030,1.0000000000000001E-005,1.0000000000000000E-003,0,0,0,0,8,0,1
0.00935,1.8608718434272003E-008,-1.4476926803565530E-012,1.0000000000000000E+030,1.0000000000000001E-005,1.0000000000000000E-003,0,0,0,0,8,0,1
0.00938,2.2016622757530341E-008,-1.4375458786491308E-012,1.0000000000000000E+030,1.0000000000000001E-005,1.0000000000000000E-003,0,0,0,0,8,0,1
0.00941,2.5668346800721768E-008,-1.4256339052304303E-012,1.0000000000000000E+030,1.0000000000000001E-005,1.0000000000000000E-003,0,0,0,0,8,0,1
0.00945,3.0903548070827087E-008,-1.4067982715175854E-012,1.0000000000000000E+030,1.0000000000000001E-005,1.0000000000000000E-003,0,0,0,0,8,0,1
0.00948,3.5086512796707813E-008,-1.3903091300474453E-012,1.0000000000000000E+030,1.0000000000000001E-005,1.0000000000000000E-003,0,0,0,0,8,0,1
0.00951,3.9474067817580353E-008,-1.3716769801279323E-012,1.0000000000000000E+030,1.0000000000000001E-005,1.0000000000000000E-003,0,0,0,0,8,0,1
0.00954,4.4060283661978721E-008,-1.3508013726613827E-012,1.0000000000000000E+030,1.0000000000000001E-005,1.0000000000000000E-003,0,0,0,0,8,0,1
0.00957,4.8851487845975822E-008,-1.3275819234393687E-012,1.0000000000000000E+030,1.0000000000000001E-005,1.0000000000000000E-003,0,0,0,0,8,0,1
0.00961,-3.2195820314946800E-003,-7.9251040827537428E-010,1.0000000000000000E+030,1.0000000000000001E-005,1.0000000000000000E-003,0,0,0,0,8,0,1
0.00964,6.6733161190433571E-002,1.0630499195941673E-008,1.0000000000000000E+030,1.0000000000000001E-005,1.0000000000000000E-003,0,0,0,0,8,0,1
0.00967,2.6647317114995495E-001,8.7900235849676145E-008,1.0000000000000000E+030,1.0000000000000001E-005,1.0000000000000000E-003,0,0,0,0,8,0,1
0.0097,5.7734827272519429E-001,2.9597271315608987E-007,1.0000000000000000E+030,1.0000000000000001E-005,1.0000000000000000E-003,0,0,0,0,8,0,1
0.00973,9.3092604327458617E-001,6.7208674981303727E-007,1.0000000000000000E+030,1.0000000000000001E-005,1.0000000000000000E-003,0,0,0,0,8,0,1
0.00977,1.4370041654599921E+000,1.4597265683435024E-006,1.0000000000000000E+030,1.0000000000000001E-005,1.0000000000000000E-003,0,0,0,0,8,0,1
0.0098,1.8352999265320029E+000,2.2771711806285624E-006,1.0000000000000000E+030,1.0000000000000001E-005,1.0000000000000000E-003,0,0,0,0,8,0,1
0.00983,2.2355284670092428E+000,3.2955769274508508E-006,1.0000000000000000E+030,1.0000000000000001E-005,1.0000000000000000E-003,0,0,0,0,8,0,1
0.00986,2.5999588875252484E+000,4.5067904861281851E-006,1.0000000000000000E+030,1.0000000000000001E-005,1.0000000000000000E-003,0,0,0,0,8,0,1
0.00989,2.8972169814919164E+000,5.8841774618573572E-006,1.0000000000000000E+030,1.0000000000000001E-005,1.0000000000000000E-003,0,0,0,0,8,0,1
0.00993,3.3897956881301083E+000,7.9453237018469562E-006,1.0000000000000000E+030,1.0000000000000001E-005,1.0000000000000000E-003,0,0,0,0,8,0,1
0.00996,3.8007956269240224E+000,9.7517833107572883E-006,1.0000000000000000E+030,1.0000000000000001E-005,1.0000000000000000E-003,0,0,0,0,8,0,1
0.00999,3.9867197581635803E+000,1.1707937696163226E-005,1.0000000000000000E+030,1.0000000000000001E-005,1.0000000000000000E-003,0,0,0,0,8,0,1
0.01002,3.9810620134058547E+000,1.3706052508816238E-005,1.0000000000000000E+030,1.0000000000000001E-005,1.0000000000000000E-003,0,0,0,0,8,0,1
0.01005,3.8838864505787178E+000,1.5673614582486743E-005,1.0000000000000000E+030,1.0000000000000001E-005,1.0000000000000000E-003,0,0,0,0,8,0,1
0.01009,3.7963759711390543E+000,1.8226764071080912E-005,1.0000000000000000E+030,1.0000000000000001E-005,1.0000000000000000E-003,0,0,0,0,8,0,1
0.01012,3.8263916785638639E+000,2.0129148485525199E-005,1.0000000000000000E+030,1.0000000000000001E-005,1.0000000000000000E-003,0,0,0,0,8,0,1
0.01015,3.9142178183830505E+000,2.2062994897914778E-005,1.0000000000000000E+030,1.0000000000000001E-005,1.0000000000000000E-003,0,0,0,0,8,0,1
0.01018,4.0092309293235502E+000,2.4044456941922663E-005,1.0000000000000000E+030,1.0000000000000001E-005,1.0000000000000000E-003,0,0,0,0,8,0,1
0.01021,4.0806954341729753E+000,2.6068061160103320E-005,1.0000000000000000E+030,1.0000000000000001E-005,1.0000000000000000E-003,0,0,0,0,8,0,1
0.01025,4.1505108681155960E+000,2.8812125051982856E-005,1.0000000000000000E+030,1.0000000000000001E-005,1.0000000000000000E-003,0,0,0,0,8,0,1
0.01028,4.2141768169586502E+000,3.0902445495738881E-005,1.0000000000000000E+030,1.0000000000000001E-005,1.0000000000000000E-003,0,0,0,0,8,0,1
0.01031,4.2967433644012933E+000,3.3029653801298255E-005,1.0000000000000000E+030,1.0000000000000001E-005,1.0000000000000000E-003,0,0,0,0,8,0,1
0.01034,4.3765447430085018E+000,3.5198803464099287E-005,1.0000000000000000E+030,1.0000000000000001E-005,1.0000000000000000E-003,0,0,0,0,8,0,1
0.01037,4.4189503750512600E+000,3.7399806513640878E-005,1.0000000000000000E+030,1.0000000000000001E-005,1.0000000000000000E-003,0,0,0,0,8,0,1
0.01041,4.3875125335802032E+000,4.0340571455966155E-005,1.0000000000000000E+030,1.0000000000000001E-005,1.0000000000000000E-003,0,0,0,0,8,0,1
0.01044,4.3219841449181899E+000,4.2518390139660333E-005,1.0000000000000000E+030,1.0000000000000001E-005,1.0000000000000000E-003,0,0,0,0,8,0,1
0.01047,4.2711694476639259E+000,4.4665073635249001E-005,1.0000000000000000E+030,1.0000000000000001E-005,1.0000000000000000E-003,0,0,0,0,8,0,1
0.0105,4.2763238719017966E+000,4.6799185615570247E-005,1.0000000000000000E+030,1.0000000000000001E-005,1.0000000000000000E-003,0,0,0,0,8,0,1
0.01053,4.3455186496323828E+000,4.8952403433098487E-005,1.0000000000000000E+030,1.0000000000000001E-005,1.0000000000000000E-003,0,0,0,0,8,0,1
0.01057,4.4807508033208325E+000,5.1894474428335032E-005,1.0000000000000000E+030,1.0000000000000001E-005,1.0000000000000000E-003,0,0,0,0,8,0,1
0.0106,4.5513501040933404E+000,5.4154659080057664E-005,1.0000000000000000E+030,1.0000000000000001E-005,1.0000000000000000E-003,0,0,0,0,8,0,1
0.01063,4.5609191739012616E+000,5.6435409007355698E-005,1.0000000000000000E+030,1.0000000000000001E-005,1.0000000000000000E-003,0,0,0,0,8,0,1
0.01066,4.5153864892906066E+000,5.8706182000670553E-005,1.0000000000000000E+030,1.0000000000000001E-005,1.0000000000000000E-003,0,0,0,0,8,0,1
0.01069,4.4497294200515833E+000,6.0947377844162552E-005,1.0000000000000000E+030,1.0000000000000001E-005,1.0000000000000000E-003,0,0,0,0,8,0,1
0.01073,4.4017668190031420E+000,6.3893663258904104E-005,1.0000000000000000E+030,1.0000000000000001E-005,1.0000000000000000E-003,0,0,0,0,8,0,1
0.01076,4.4229886149311533E+000,6.6097824959754630E-005,1.0000000000000000E+030,1.0000000000000001E-005,1.0000000000000000E-003,0,0,0,0,8,0,1
0.01079,4.4841808487894790E+000,6.8323469582376933E-005,1.0000000000000000E+030,1.0000000000000001E-005,1.0000000000000000E-003,0,0,0,0,8,0,1
0.01082,4.5592241917562992E+000,7.0584318364558864E-005,1.0000000000000000E+030,1.0000000000000001E-005,1.0000000000000000E-003,0,0,0,0,8,0,1
0.01085,4.6246180346951329E+000,7.2880977911394610E-005,1.0000000000000000E+030,1.0000000000000001E-005,1.0000000000000000E-003,0,0,0,0,8,0,1
0.01089,4.6846286919955826E+000,7.5985529494452880E-005,1.0000000000000000E+030,1.0000000000000001E-005,1.0000000000000000E-003,0,0,0,0,8,0,1
0.01092,4.7210316282754796E+000,7.8336866835404566E-005,1.0000000000000000E+030,1.0000000000000001E-005,1.0000000000000000E-003,0,0,0,0,8,0,1
0.01095,4.7663217727311240E+000,8.0708096790492912E-005,1.0000000000000000E+030,1.0000000000000001E-005,1.0000000000000000E-003,0,0,0,0,8,0,1
0.01098,4.8290506869418177E+000,8.3106171613293021E-005,1.0000000000000000E+030,1.0000000000000001E-005,1.0000000000000000E-003,0,0,0,0,8,0,1
0.01101,4.9080833527893564E+000,8.5539910908565925E-005,1.0000000000000000E+030,1.0000000000000001E-005,1.0000000000000000E-003,0,0,0,0,8,0,1
0.01105,5.0253133766592200E+000,8.8850790123871757E-005,1.0000000000000000E+030,1.0000000000000001E-005,1.0000000000000000E-003,0,0,0,0,8,0,1
0.01108,5.1110958889058997E+000,9.1385153446960061E-005,1.0000000000000000E+030,1.0000000000000001E-005,1.0000000000000000E-003,0,0,0,0,8,0,1
0.01111,5.1874042810927259E+000,9.3960304621550872E-005,1.0000000000000000E+030,1.0000000000000001E-005,1.0000000000000000E-003,0,0,0,0,8,0,1
0.01114,5.2469787030328217E+000,9.6569780464722313E-005,1.0000000000000000E+030,1.0000000000000001E-005,1.0000000000000000E-003,0,0,0,0,8,0,1
0.01117,5.2800308696119451E+000,9.9202854853014971E-005,1.0000000000000000E+030,1.0000000000000001E-005,1.0000000000000000E-003,0,0,0,0,8,0,1
0.01121,5.2648768867169471E+000,1.0272196679225879E-004,1.0000000000000000E+030,1.0000000000000001E-005,1.0000000000000000E-003,0,0,0,0,8,0,1
0.01124,5.2025522849855292E+000,1.0534055404270165E-004,1.0000000000000000E+030,1.0000000000000001E-005,1.0000000000000000E-003,0,0,0,0,8,0,1
0.01127,5.1024171693507503E+000,1.0791804382442175E-004,1.0000000000000000E+030,1.0000000000000001E-005,1.0000000000000000E-003,0,0,0,0,8,0,1
0.0113,4.9796718212757725E+000,1.1043908740350680E-004,1.0000000000000000E+030,1.0000000000000001E-005,1.0000000000000000E-003,0,0,0,0,8,0,1
0.01133,4.8525498046278894E+000,1.1289698012453437E-004,1.0000000000000000E+030,1.0000000000000001E-005,1.0000000000000000E-003,0,0,0,0,8,0,1
0.01137,4.6992821451725506E+000,1.1607949602218692E-004,1.0000000000000000E+030,1.0000000000000001E-005,1.0000000000000000E-003,0,0,0,0,8,0,1
0.0114,4.6012606020677609E+000,1.1840410060842787E-004,1.0000000000000000E+030,1.0000000000000001E-005,1.0000000000000000E-003,0,0,0,0,8,0,1
0.01143,4.5124364797512317E+000,1.2068229292593239E-004,1.0000000000000000E+030,1.0000000000000001E-005,1.0000000000000000E-003,0,0,0,0,8,0,1
0.01146,4.4251390846090404E+000,1.2291676171689755E-004,1.0000000000000000E+030,1.0000000000000001E-005,1.0000000000000000E-003,0,0,0,0,8,0,1
0.01149,4.3342567653894433E+000,1.2510680655528197E-004,1.0000000000000000E+030,1.0000000000000001E-005,1.0000000000000000E-003,0,0,0,0,8,0,1
0.01153,4.2069298305834346E+000,1.2795414117570744E-004,1.0000000000000000E+030,1.0000000000000001E-005,1.0000000000000000E-003,0,0,0,0,8,0,1
0.01156,4.1101828759619403E+000,1.3003339368441652E-004,1.0000000000000000E+030,1.0000000000000001E-005,1.0000000000000000E-003,0,0,0,0,8,0,1
0.01159,4.0144704427828053E+000,1.3206451653835599E-004,1.0000000000000000E+030,1.0000000000000001E-005,1.0000000000000000E-003,0,0,0,0,8,0,1
0.01162,3.9183292648729533E+000,1.3404780912650618E-004,1.0000000000000000E+030,1.0000000000000001E-005,1.0000000000000000E-003,0,0,0,0,8,0,1
0.01165,3.8171086976159643E+000,1.3598199527378602E-004,1.0000000000000000E+030,1.0000000000000001E-005,1.0000000000000000E-003,0,0,0,0,8,0,1
0.01169,3.6638972283622189E+000,1.3847710627259472E-004,1.0000000000000000E+030,1.0000000000000001E-005,1.0000000000000000E-003,0,0,0,0,8,0,1
0.01172,3.5291884483561988E+000,1.4027613318740189E-004,1.0000000000000000E+030,1.0000000000000001E-005,1.0000000000000000E-003,0,0,0,0,8,0,1
0.01175,3.3755116805909409E+000,1.4200305899331398E-004,1.0000000000000000E+030,1.0000000000000001E-005,1.0000000000000000E-003,0,0,0,0,8,0,1
0.01178,3.2041700934159869E+000,1.4364862761233902E-004,1.0000000000000000E+030,1.0000000000000001E-005,1.0000000000000000E-003,0,0,0,0,8,0,1
0.01181,3.0185583046288431E+000,1.4520479467627705E-004,1.0000000000000000E+030,1.0000000000000001E-005,1.0000000000000000E-003,0,0,0,0,8,0,1
0.01185,2.7568319139786919E+000,1.4713054147084663E-004,1.0000000000000000E+030,1.0000000000000001E-005,1.0000000000000000E-003,0,0,0,0,8,0,1
0.01188,2.5591771012568771E+000,1.4845915426695865E-004,1.0000000000000000E+030,1.0000000000000001E-005,1.0000000000000000E-003,0,0,0,0,8,0,1
0.01191,2.3844968522442693E+000,1.4969366828244488E-004,1.0000000000000000E+030,1.0000000000000001E-005,1.0000000000000000E-003,0,0,0,0,8,0,1
0.01194,2.2462969968312168E+000,1.5084991160258977E-004,1.0000000000000000E+030,1.0000000000000001E-005,1.0000000000000000E-003,0,0,0,0,8,0,1
0.01197,2.1350359590257901E+000,1.5194454957333760E-004,1.0000000000000000E+030,1.0000000000000001E-005,1.0000000000000000E-003,0,0,0,0,8,0,1
0.01201,1.9885695666677772E+000,1.5332024096085853E-004,1.0000000000000000E+030,1.0000000000000001E-005,1.0000000000000000E-003,0,0,0,0,8,0,1
0.01204,1.8518884488376106E+000,1.5428168355494123E-004,1.0000000000000000E+030,1.0000000000000001E-005,1.0000000000000000E-003,0,0,0,0,8,0,1
0.01207,1.6730948101516030E+000,1.5516497331608109E-004,1.0000000000000000E+030,1.0000000000000001E-005,1.0000000000000000E-003,0,0,0,0,8,0,1
0.0121,1.4292110316489217E+000,1.5594386906922760E-004,1.0000000000000000E+030,1.0000000000000001E-005,1.0000000000000000E-003,0,0,0,0,8,0,1
0.01213,1.0749004927960755E+000,1.5657570753278634E-004,1.0000000000000000E+030,1.0000000000000001E-005,1.0000000000000000E-003,0,0,0,0,8,0,1
0.01217,2.3304368001792414E-008,1.5698342994716066E-004,1.0000000000000000E+030,1.0000000000000001E-005,1.0000000000000000E-003,0,0,0,0,8,0,1
0.0122,8.8668059268692552E-009,1.5698342995525434E-004,1.0000000000000000E+030,1.0000000000000001E-005,1.0000000000000000E-003,0,0,0,0,8,0,1
0.01223,-4.1259899986197004E-009,1.5698342995627509E-004,1.0000000000000000E+030,1.0000000000000001E-005,1.0000000000000000E-003,0,0,0,0,8,0,1
0.01226,-1.1181149433627435E-008,1.5698342995212308E-004,1.0000000000000000E+030,1.0000000000000001E-005,1.0000000000000000E-003,0,0,0,0,8,0,1
0.01229,-1.1934441081451323E-008,1.5698342994622052E-004,1.0000000000000000E+030,1.0000000000000001E-005,1.0000000000000000E-003,0,0,0,0,8,0,1
0.01233,-8.5540535920876871E-009,1.5698342993903378E-004,1.0000000000000000E+030,1.0000000000000001E-005,1.0000000000000000E-003,0,0,0,0,8,0,1
0.01236,-3.7379985758363980E-009,1.5698342993597514E-004,1.0000000000000000E+030,1.0000000000000001E-005,1.0000000000000000E-003,0,0,0,0,8,0,1
0.01239,-6.2383552769682997E-010,1.5698342993500123E-004,1.0000000000000000E+030,1.0000000000000001E-005,1.0000000000000000E-003,0,0,0,0,8,0,1
0.01242,-6.8243163466202769E-010,1.5698342993481182E-004,1.0000000000000000E+030,1.0000000000000001E-005,1.0000000000000000E-003,0,0,0,0,8,0,1
0.01245,-3.5050808024376780E-009,1.5698342993385045E-004,1.0000000000000000E+030,1.0000000000000001E-005,1.0000000000000000E-003,0,0,0,0,8,0,1
0.01249,-8.4776970729746984E-009,1.5698342992981636E-004,1.0000000000000000E+030,1.0000000000000001E-005,1.0000000000000000E-003,0,0,0,0,8,0,1
0.01252,-1.0676224239169531E-008,1.5698342992494379E-004,1.0000000000000000E+030,1.0000000000000001E-005,1.0000000000000000E-003,0,0,0,0,8,0,1
0.01255,-1.1093143536228072E-008,1.5698342991944450E-004,1.0000000000000000E+030,1.0000000000000001E-005,1.0000000000000000E-003,0,0,0,0,8,0,1
0.01258,-1.0494094423840113E-008,1.5698342991401874E-004,1.0000000000000000E+030,1.0000000000000001E-005,1.0000000000000000E-003,0,0,0,0,8,0,1
0.01261,-9.7062876371910380E-009,1.5698342990898306E-004,1.0000000000000000E+030,1.0000000000000001E-005,1.0000000000000000E-003,0,0,0,0,8,0,1
0.01265,-9.7136558002625087E-009,1.5698342990259394E-004,1.0000000000000000E+030,1.0000000000000001E-005,1.0000000000000000E-003,0,0,0,0,8,0,1
0.01268,-1.0602905779147325E-008,1.5698342989753825E-004,1.0000000000000000E+030,1.0000000000000001E-005,1.0000000000000000E-003,0,0,0,0,8,0,1
0.01271,-1.1678671542801221E-008,1.5698342989195723E-004,1.0000000000000000E+030,1.0000000000000001E-005,1.0000000000000000E-003,0,0,0,0,8,0,1
0.01274,-1.2231227890468951E-008,1.5698342988595528E-004,1.0000000000000000E+030,1.0000000000000001E-005,1.0000000000000000E-003,0,0,0,0,8,0,1
0.01277,-1.2406918417658174E-008,1.5698342987978815E-004,1.0000000000000000E+030,1.0000000000000001E-005,1.0000000000000000E-003,0,0,0,0,8,0,1
0.01281,-1.2453390224258298E-008,1.5698342987149300E-004,1.0000000000000000E+030,1.0000000000000001E-005,1.0000000000000000E-003,0,0,0,0,8,0,1
0.01284,-1.2453823234779603E-008,1.5698342986526640E-004,1.0000000000000000E+030,1.0000000000000001E-005,1.0000000000000000E-003,0,0,0,0,8,0,1
0.01287,-1.2454109580446900E-008,1.5698342985903969E-004,1.0000000000000000E+030,1.0000000000000001E-005,1.0000000000000000E-003,0,0,0,0,8,0,1
0.0129,-1.2454305133585543E-008,1.5698342985281279E-004,1.0000000000000000E+030,1.0000000000000001E-005,1.0000000000000000E-003,0,0,0,0,8,0,1
0.01293,-1.2454472750561521E-008,1.5698342984658595E-004,1.0000000000000000E+030,1.0000000000000001E-005,1.0000000000000000E-003,0,0,0,0,8,0,1
0.01297,-1.2454647351578170E-008,1.5698342983828313E-004,1.0000000000000000E+030,1.0000000000000001E-005,1.0000000000000000E-003,0,0,0,0,8,0,1
0.013,-1.2454731160066160E-008,1.5698342983205572E-004,1.0000000000000000E+030,1.0000000000000001E-005,1.0000000000000000E-003,0,0,0,0,8,0,1
0.01303,-1.2454703223903496E-008,1.5698342982582827E-004,1.0000000000000000E+030,1.0000000000000001E-005,1.0000000000000000E-003,0,0,0,0,8,0,1
0.01306,-1.2454626399456170E-008,1.5698342981960116E-004,1.0000000000000000E+030,1.0000000000000001E-005,1.0000000000000000E-003,0,0,0,0,8,0,1
0.01309,-1.2454472750561521E-008,1.5698342981337372E-004,1.0000000000000000E+030,1.0000000000000001E-005,1.0000000000000000E-003,0,0,0,0,8,0,1
0.01313,-1.2454109580446900E-008,1.5698342980507084E-004,1.0000000000000000E+030,1.0000000000000001E-005,1.0000000000000000E-003,0,0,0,0,8,0,1
0.01316,-1.2453620697600290E-008,1.5698342979884373E-004,1.0000000000000000E+030,1.0000000000000001E-005,1.0000000000000000E-003,0,0,0,0,8,0,1
0.01319,-1.2419545563186448E-008,1.5698342979261930E-004,1.0000000000000000E+030,1.0000000000000001E-005,1.0000000000000000E-003,0,0,0,0,8,0,1
0.01322,-1.2059371601359984E-008,1.5698342978647255E-004,1.0000000000000000E+030,1.0000000000000001E-005,1.0000000000000000E-003,0,0,0,0,8,0,1
0.01325,-1.0335975740470178E-008,1.5698342978080540E-004,1.0000000000000000E+030,1.0000000000000001E-005,1.0000000000000000E-003,0,0,0,0,8,0,1
0.01329,-7.7389461766312627E-009,1.5698342977486841E-004,1.0000000000000000E+030,1.0000000000000001E-005,1.0000000000000000E-003,0,0,0,0,8,0,1
0.01332,-7.3467643409837186E-009,1.5698342977116508E-004,1.0000000000000000E+030,1.0000000000000001E-005,1.0000000000000000E-003,0,0,0,0,8,0,1
0.01335,-8.5583417931962023E-009,1.5698342976724932E-004,1.0000000000000000E+030,1.0000000000000001E-005,1.0000000000000000E-003,0,0,0,0,8,0,1
0.01338,-1.0772143055061393E-008,1.5698342976243283E-004,1.0000000000000000E+030,1.0000000000000001E-005,1.0000000000000000E-003,0,0,0,0,8,0,1
0.01341,-1.2187731285112868E-008,1.5698342975661620E-004,1.0000000000000000E+030,1.0000000000000001E-005,1.0000000000000000E-003,0,0,0,0,8,0,1
0.01345,-1.1828290646862473E-008,1.5698342974836572E-004,1.0000000000000000E+030,1.0000000000000001E-005,1.0000000000000000E-003,0,0,0,0,8,0,1
0.01348,-1.2453907043267591E-008,1.5698342974213893E-004,1.0000000000000000E+030,1.0000000000000001E-005,1.0000000000000000E-003,0,0,0,0,8,0,1
0.01351,-1.2454284181463547E-008,1.5698342973591178E-004,1.0000000000000000E+030,1.0000000000000001E-005,1.0000000000000000E-003,0,0,0,0,8,0,1
0.01354,-1.2455680989596708E-008,1.5698342972968475E-004,1.0000000000000000E+030,1.0000000000000001E-005,1.0000000000000000E-003,0,0,0,0,8,0,1
0.01357,-1.2454745128147492E-008,1.5698342972345782E-004,1.0000000000000000E+030,1.0000000000000001E-005,1.0000000000000000E-003,0,0,0,0,8,0,1
0.01361,-1.2459738717223482E-008,1.5698342971515565E-004,1.0000000000000000E+030,1.0000000000000001E-005,1.0000000000000000E-003,0,0,0,0,8,0,1
0.01364,-1.2455108298262113E-008,1.5698342970892884E-004,1.0000000000000000E+030,1.0000000000000001E-005,1.0000000000000000E-003,0,0,0,0,8,0,1
0.01367,-1.2455234010994097E-008,1.5698342970270161E-004,1.0000000000000000E+030,1.0000000000000001E-005,1.0000000000000000E-003,0,0,0,0,8,0,1
0.0137,-1.2455143218465443E-008,1.5698342969647455E-004,1.0000000000000000E+030,1.0000000000000001E-005,1.0000000000000000E-003,0,0,0,0,8,0,1
0.01373,-1.2467232592857371E-008,1.5698342969024679E-004,1.0000000000000000E+030,1.0000000000000001E-005,1.0000000000000000E-003,0,0,0,0,8,0,1
0.01377,-1.2336966266300664E-008,1.5698342968194307E-004,1.0000000000000000E+030,1.0000000000000001E-005,1.0000000000000000E-003,0,0,0,0,8,0,1
0.0138,-1.2455687973637371E-008,1.5698342967571525E-004,1.0000000000000000E+030,1.0000000000000001E-005,1.0000000000000000E-003,0,0,0,0,8,0,1
0.01383,-1.2455778766166030E-008,1.5698342966948776E-004,1.0000000000000000E+030,1.0000000000000001E-005,1.0000000000000000E-003,0,0,0,0,8,0,1
0.01386,-1.2455841622532013E-008,1.5698342966326002E-004,1.0000000000000000E+030,1.0000000000000001E-005,1.0000000000000000E-003,0,0,0,0,8,0,1
0.01389,-1.2455932415060672E-008,1.5698342965703247E-004,1.0000000000000000E+030,1.0000000000000001E-005,1.0000000000000000E-003,0,0,0,0,8,0,1
0.01393,-1.2456009239507994E-008,1.5698342964872900E-004,1.0000000000000000E+030,1.0000000000000001E-005,1.0000000000000000E-003,0,0,0,0,8,0,1
0.01396,-1.2456079079914648E-008,1.5698342964250129E-004,1.0000000000000000E+030,1.0000000000000001E-005,1.0000000000000000E-003,0,0,0,0,8,0,1
0.01399,-1.2456134952239977E-008,1.5698342963627344E-004,1.0000000000000000E+030,1.0000000000000001E-005,1.0000000000000000E-003,0,0,0,0,8,0,1
0.01402,-1.2456183840524639E-008,1.5698342963004578E-004,1.0000000000000000E+030,1.0000000000000001E-005,1.0000000000000000E-003,0,0,0,0,8,0,1
0.01405,-1.2456267649012625E-008,1.5698342962381788E-004,1.0000000000000000E+030,1.0000000000000001E-005,1.0000000000000000E-003,0,0,0,0,8,0,1
0.01409,-1.2456337489419282E-008,1.5698342961551436E-004,1.0000000000000000E+030,1.0000000000000001E-005,1.0000000000000000E-003,0,0,0,0,8,0,1
0.01412,-1.2456400345785272E-008,1.5698342960928659E-004,1.0000000000000000E+030,1.0000000000000001E-005,1.0000000000000000E-003,0,0,0,0,8,0,1
0.01415,-1.2456449234069933E-008,1.5698342960305872E-004,1.0000000000000000E+030,1.0000000000000001E-005,1.0000000000000000E-003,0,0,0,0,8,0,1
0.01418,-1.2456498122354597E-008,1.5698342959683106E-004,1.0000000000000000E+030,1.0000000000000001E-005,1.0000000000000000E-003,0,0,0,0,8,0,1
0.01421,-1.2456553994679919E-008,1.5698342959060313E-004,1.0000000000000000E+030,1.0000000000000001E-005,1.0000000000000000E-003,0,0,0,0,8,0,1
0.01425,-1.2456623835086577E-008,1.5698342958229912E-004,1.0000000000000000E+030,1.0000000000000001E-005,1.0000000000000000E-003,0,0,0,0,8,0,1
0.01428,-1.2456672723371237E-008,1.5698342957607127E-004,1.0000000000000000E+030,1.0000000000000001E-005,1.0000000000000000E-003,0,0,0,0,8,0,1
0.01431,-1.2456679707411906E-008,1.5698342956984324E-004,1.0000000000000000E+030,1.0000000000000001E-005,1.0000000000000000E-003,0,0,0,0,8,0,1
0.01434,-1.2456763515899895E-008,1.5698342956361525E-004,1.0000000000000000E+030,1.0000000000000001E-005,1.0000000000000000E-003,0,0,0,0,8,0,1
0.01437,-1.2456798436103222E-008,1.5698342955738722E-004,1.0000000000000000E+030,1.0000000000000001E-005,1.0000000000000000E-003,0,0,0,0,8,0,1
0.01441,-1.2456861292469213E-008,1.5698342954908326E-004,1.0000000000000000E+030,1.0000000000000001E-005,1.0000000000000000E-003,0,0,0,0,8,0,1
0.01444,-1.2456903196713207E-008,1.5698342954285533E-004,1.0000000000000000E+030,1.0000000000000001E-005,1.0000000000000000E-003,0,0,0,0,8,0,1
0.01447,-1.2456938116916534E-008,1.5698342953662699E-004,1.0000000000000000E+030,1.0000000000000001E-005,1.0000000000000000E-003,0,0,0,0,8,0,1
0.0145,-1.2456917164794535E-008,1.5698342953039912E-004,1.0000000000000000E+030,1.0000000000000001E-005,1.0000000000000000E-003,0,0,0,0,8,0,1
0.01453,-1.2457021925404522E-008,1.5698342952417103E-004,1.0000000000000000E+030,1.0000000000000001E-005,1.0000000000000000E-003,0,0,0,0,8,0,1
0.01457,-1.2457077797729846E-008,1.5698342951586685E-004,1.0000000000000000E+030,1.0000000000000001E-005,1.0000000000000000E-003,0,0,0,0,8,0,1
0.0146,-1.2457105733892511E-008,1.5698342950963847E-004,1.0000000000000000E+030,1.0000000000000001E-005,1.0000000000000000E-003,0,0,0,0,8,0,1
0.01463,-1.2457147638136503E-008,1.5698342950341037E-004,1.0000000000000000E+030,1.0000000000000001E-005,1.0000000000000000E-003,0,0,0,0,8,0,1
0.01466,-1.2457182558339837E-008,1.5698342949718223E-004,1.0000000000000000E+030,1.0000000000000001E-005,1.0000000000000000E-003,0,0,0,0,8,0,1
0.01469,-1.2457210494502494E-008,1.5698342949095414E-004,1.0000000000000000E+030,1.0000000000000001E-005,1.0000000000000000E-003,0,0,0,0,8,0,1
0.01473,-1.2457259382787156E-008,1.5698342948264980E-004,1.0000000000000000E+030,1.0000000000000001E-005,1.0000000000000000E-003,0,0,0,0,8,0,1
0.01476,-1.2457301287031148E-008,1.5698342947642165E-004,1.0000000000000000E+030,1.0000000000000001E-005,1.0000000000000000E-003,0,0,0,0,8,0,1
0.01479,-1.2457329223193818E-008,1.5698342947019348E-004,1.0000000000000000E+030,1.0000000000000001E-005,1.0000000000000000E-003,0,0,0,0,8,0,1
0.01482,-1.2457357159356477E-008,1.5698342946396490E-004,1.0000000000000000E+030,1.0000000000000001E-005,1.0000000000000000E-003,0,0,0,0,8,0,1
0.01485,-1.2457392079559802E-008,1.5698342945773670E-004,1.0000000000000000E+030,1.0000000000000001E-005,1.0000000000000000E-003,0,0,0,0,8,0,1
0.01489,-1.2457426999763129E-008,1.5698342944943242E-004,1.0000000000000000E+030,1.0000000000000001E-005,1.0000000000000000E-003,0,0,0,0,8,0,1
0.01492,-1.2457461919966459E-008,1.5698342944320414E-004,1.0000000000000000E+030,1.0000000000000001E-005,1.0000000000000000E-003,0,0,0,0,8,0,1
0.01495,-1.2457489856129122E-008,1.5698342943697583E-004,1.0000000000000000E+030,1.0000000000000001E-005,1.0000000000000000E-003,0,0,0,0,8,0,1
0.01498,-1.2457517792291785E-008,1.5698342943074755E-004,1.0000000000000000E+030,1.0000000000000001E-005,1.0000000000000000E-003,0,0,0,0,8,0,1
0.01501,-1.2457552712495114E-008,1.5698342942451916E-004,1.0000000000000000E+030,1.0000000000000001E-005,1.0000000000000000E-003,0,0,0,0,8,0,1
0.01505,-1.2457587632698440E-008,1.5698342941621444E-004,1.0000000000000000E+030,1.0000000000000001E-005,1.0000000000000000E-003,0,0,0,0,8,0,1
0.01508,-1.2457608584820439E-008,1.5698342940998589E-004,1.0000000000000000E+030,1.0000000000000001E-005,1.0000000000000000E-003,0,0,0,0,8,0,1
0.01511,-1.2457629536942436E-008,1.5698342940375761E-004,1.0000000000000000E+030,1.0000000000000001E-005,1.0000000000000000E-003,0,0,0,0,8,0,1
0.01514,-1.2457664457145761E-008,1.5698342939752920E-004,1.0000000000000000E+030,1.0000000000000001E-005,1.0000000000000000E-003,0,0,0,0,8,0,1
0.01517,-1.2457685409267765E-008,1.5698342939130051E-004,1.0000000000000000E+030,1.0000000000000001E-005,1.0000000000000000E-003,0,0,0,0,8,0,1
0.01521,-1.2457713345430428E-008,1.5698342938299612E-004,1.0000000000000000E+030,1.0000000000000001E-005,1.0000000000000000E-003,0,0,0,0,8,0,1
0.01524,-1.2457748265633746E-008,1.5698342937676762E-004,1.0000000000000000E+030,1.0000000000000001E-005,1.0000000000000000E-003,0,0,0,0,8,0,1
0.01527,-1.2457762233715084E-008,1.5698342937053896E-004,1.0000000000000000E+030,1.0000000000000001E-005,1.0000000000000000E-003,0,0,0,0,8,0,1
0.0153,-1.2457783185837077E-008,1.5698342936431043E-004,1.0000000000000000E+030,1.0000000000000001E-005,1.0000000000000000E-003,0,0,0,0,8,0,1
0.01533,-1.2457804137959075E-008,1.5698342935808191E-004,1.0000000000000000E+030,1.0000000000000001E-005,1.0000000000000000E-003,0,0,0,0,8,0,1
0.01537,-1.2457839058162404E-008,1.5698342934977727E-004,1.0000000000000000E+030,1.0000000000000001E-005,1.0000000000000000E-003,0,0,0,0,8,0,1
0.0154,-1.2457866994325068E-008,1.5698342934354875E-004,1.0000000000000000E+030,1.0000000000000001E-005,1.0000000000000000E-003,0,0,0,0,8,0,1
0.01543,-1.2457887946447067E-008,1.5698342933732039E-004,1.0000000000000000E+030,1.0000000000000001E-005,1.0000000000000000E-003,0,0,0,0,8,0,1
0.01546,-1.2457908898569082E-008,1.5698342933109175E-004,1.0000000000000000E+030,1.0000000000000001E-005,1.0000000000000000E-003,0,0,0,0,8,0,1
0.01549,-1.2457929850691081E-008,1.5698342932486328E-004,1.0000000000000000E+030,1.0000000000000001E-005,1.0000000000000000E-003,0,0,0,0,8,0,1
0.01553,-1.2457957786853742E-008,1.5698342931655851E-004,1.0000000000000000E+030,1.0000000000000001E-005,1.0000000000000000E-003,0,0,0,0,8,0,1
0.01556,-1.2457978738975739E-008,1.5698342931032993E-004,1.0000000000000000E+030,1.0000000000000001E-005,1.0000000000000000E-003,0,0,0,0,8,0,1
0.01559,-1.2457992707057072E-008,1.5698342930410127E-004,1.0000000000000000E+030,1.0000000000000001E-005,1.0000000000000000E-003,0,0,0,0,8,0,1
0.01562,-1.2458020643219738E-008,1.5698342929787258E-004,1.0000000000000000E+030,1.0000000000000001E-005,1.0000000000000000E-003,0,0,0,0,8,0,1
0.01565,-1.2458041595341732E-008,1.5698342929164411E-004,1.0000000000000000E+030,1.0000000000000001E-005,1.0000000000000000E-003,0,0,0,0,8,0,1
0.01569,-1.2458069531504393E-008,1.5698342928333929E-004,1.0000000000000000E+030,1.0000000000000001E-005,1.0000000000000000E-003,0,0,0,0,8,0,1
0.01572,-1.2458090483626392E-008,1.5698342927711057E-004,1.0000000000000000E+030,1.0000000000000001E-005,1.0000000000000000E-003,0,0,0,0,8,0,1
0.01575,-1.2458111435748389E-008,1.5698342927088202E-004,1.0000000000000000E+030,1.0000000000000001E-005,1.0000000000000000E-003,0,0,0,0,8,0,1
0.01578,-1.2458132387870383E-008,1.5698342926465323E-004,1.0000000000000000E+030,1.0000000000000001E-005,1.0000000000000000E-003,0,0,0,0,8,0,1
0.01581,-1.2458146355951714E-008,1.5698342925842454E-004,1.0000000000000000E+030,1.0000000000000001E-005,1.0000000000000000E-003,0,0,0,0,8,0,1
0.01585,-1.2458174292114380E-008,1.5698342925011971E-004,1.0000000000000000E+030,1.0000000000000001E-005,1.0000000000000000E-003,0,0,0,0,8,0,1
0.01588,-1.2458188260195712E-008,1.5698342924389113E-004,1.0000000000000000E+030,1.0000000000000001E-005,1.0000000000000000E-003,0,0,0,0,8,0,1
0.01591,-1.2458209212317709E-008,1.5698342923766228E-004,1.0000000000000000E+030,1.0000000000000001E-005,1.0000000000000000E-003,0,0,0,0,8,0,1
0.01594,-1.2458223180399040E-008,1.5698342923143362E-004,1.0000000000000000E+030,1.0000000000000001E-005,1.0000000000000000E-003,0,0,0,0,8,0,1
0.01597,-1.2458251116561698E-008,1.5698342922520491E-004,1.0000000000000000E+030,1.0000000000000001E-005,1.0000000000000000E-003,0,0,0,0,8,0,1
0.016,-1.2458258100602369E-008,1.5698342921897633E-004,1.0000000000000000E+030,1.0000000000000001E-005,1.0000000000000000E-003,0,0,0,0,8,0,1
