"time","TRes","heatCapacitor_T","switch_Controll"
0,2.9314999999999998E+002,2.0000000000000000E+001,0
0.02,2.9334965393876217E+002,2.0199653938762197E+001,0
0.04,2.9354878479700449E+002,2.0398784797004510E+001,0
0.06,2.9374729447447072E+002,2.0597294474470743E+001,0
0.08,2.9394527459782506E+002,2.0795274597825085E+001,0
0.1,2.9414272516706740E+002,2.0992725167067420E+001,0
0.12,2.9433964618219778E+002,2.1189646182197805E+001,0
0.14,2.9453603764321622E+002,2.1386037643216241E+001,0
0.16,2.9473189955012276E+002,2.1581899550122785E+001,0
0.18,2.9492723378292436E+002,2.1777233782924384E+001,0
0.2,2.9512204026936354E+002,2.1972040269363561E+001,0
0.22,2.9531631762070703E+002,2.2166317620707048E+001,0
0.24,2.9551006583695482E+002,2.2360065836954846E+001,0
0.26,2.9570328491810693E+002,2.2553284918106954E+001,0
0.28,2.9589597486416341E+002,2.2745974864163429E+001,0
0.3,2.9608813567512414E+002,2.2938135675124158E+001,0
0.32,2.9627976735098923E+002,2.3129767350989255E+001,0
0.34,2.9647086989175858E+002,2.3320869891758605E+001,0
0.36,2.9666144329743230E+002,2.3511443297432322E+001,0
0.38,2.9685148756801033E+002,2.3701487568010350E+001,0
0.4,2.9704100270349267E+002,2.3891002703492688E+001,0
0.42,2.9722998870387937E+002,2.4079988703879394E+001,0
0.44,2.9741844556917033E+002,2.4268445569170353E+001,0
0.46,2.9760637329936566E+002,2.4456373299365680E+001,0
0.48,2.9779380457816632E+002,2.4643804578166339E+001,0
0.5,2.9798111741383542E+002,2.4831117413835443E+001,0
0.52,2.9816792667323244E+002,2.5017926673232466E+001,0
0.54,2.9835423235635727E+002,2.5204232356357295E+001,0
0.56,2.9854003446321002E+002,2.5390034463210043E+001,0
0.58,2.9872533299379069E+002,2.5575332993790710E+001,0
0.6,2.9891012794809916E+002,2.5760127948099182E+001,0
0.62,2.9909441932613555E+002,2.5944419326135574E+001,0
0.64,2.9914163404293998E+002,2.5991634042940007E+001,1
0.66,2.9912967892317067E+002,2.5979678923170695E+001,1
0.68,2.9911774948569484E+002,2.5967749485694867E+001,1
0.7,2.9910584119967291E+002,2.5955841199672932E+001,1
0.72,2.9909395406510481E+002,2.5943954065104833E+001,1
0.74,2.9908208808199066E+002,2.5932088081990685E+001,1
0.76,2.9907024325033041E+002,2.5920243250330429E+001,1
0.78,2.9905841957012404E+002,2.5908419570124067E+001,1
0.8,2.9904661704137152E+002,2.5896617041371542E+001,1
0.82,2.9903484414805399E+002,2.5884844148054015E+001,1
0.84,2.9902310272165971E+002,2.5873102721659734E+001,1
0.86,2.9901138355539035E+002,2.5861383555390375E+001,1
0.88,2.9899968664924586E+002,2.5849686649245882E+001,1
0.9,2.9898801200322629E+002,2.5838012003226311E+001,1
0.92,2.9897635961733158E+002,2.5826359617331605E+001,1
0.94,2.9896472949156180E+002,2.5814729491561820E+001,1
0.96,2.9895312162591694E+002,2.5803121625916958E+001,1
0.98,2.9894153602039694E+002,2.5791536020396961E+001,1
1,2.9892997267500186E+002,2.5779972675001886E+001,1
1.021,2.9891785511979646E+002,2.5767855119796479E+001,1
1.041,2.9890633740765747E+002,2.5756337407657497E+001,1
1.061,2.9889484195564330E+002,2.5744841955643324E+001,1
1.081,2.9888336876375411E+002,2.5733368763754129E+001,1
1.101,2.9887191783198978E+002,2.5721917831989799E+001,1
1.121,2.9886048916035037E+002,2.5710489160350392E+001,1
1.141,2.9884908274883583E+002,2.5699082748835849E+001,1
1.161,2.9883769859744621E+002,2.5687698597446229E+001,1
1.181,2.9882633670618151E+002,2.5676336706181530E+001,1
1.201,2.9881499707504167E+002,2.5664997075041697E+001,1
1.221,2.9880367970402676E+002,2.5653679704026786E+001,1
1.241,2.9879238459313672E+002,2.5642384593136740E+001,1
1.261,2.9878111174237165E+002,2.5631111742371672E+001,1
1.281,2.9876986115173139E+002,2.5619861151731413E+001,1
1.301,2.9875863282121611E+002,2.5608632821216133E+001,1
1.321,2.9874742675082570E+002,2.5597426750825718E+001,1
1.341,2.9873624294056015E+002,2.5586242940560169E+001,1
1.361,2.9872508139041958E+002,2.5575081390419598E+001,1
1.381,2.9871394210040387E+002,2.5563942100403892E+001,1
1.401,2.9870282507051303E+002,2.5552825070513052E+001,1
1.421,2.9869173030074717E+002,2.5541730300747190E+001,1
1.441,2.9868065779110611E+002,2.5530657791106137E+001,1
1.461,2.9866957898578909E+002,2.5519578985789110E+001,1
1.481,2.9865849829992226E+002,2.5508498299922280E+001,1
1.501,2.9864743865488310E+002,2.5497438654883126E+001,1
1.521,2.9863640005067151E+002,2.5486400050671534E+001,1
1.541,2.9862538248728754E+002,2.5475382487287561E+001,1
1.561,2.9861438596473118E+002,2.5464385964731207E+001,1
1.581,2.9860341048300245E+002,2.5453410483002472E+001,1
1.601,2.9859245604210128E+002,2.5442456042101298E+001,1
1.621,2.9858152264202778E+002,2.5431522642027801E+001,1
1.641,2.9857061028278184E+002,2.5420610282781865E+001,1
1.661,2.9855971896436353E+002,2.5409718964363549E+001,1
1.681,2.9854884868677277E+002,2.5398848686772794E+001,1
1.701,2.9853799945000969E+002,2.5387999450009715E+001,1
1.721,2.9852717125407423E+002,2.5377171254074256E+001,1
1.741,2.9851636409896633E+002,2.5366364098966358E+001,1
1.761,2.9850557798468606E+002,2.5355577984686079E+001,1
1.781,2.9849481291123340E+002,2.5344812911233419E+001,1
1.801,2.9848406887860830E+002,2.5334068878608321E+001,1
1.821,2.9847334588681088E+002,2.5323345886810898E+001,1
1.841,2.9846264393584102E+002,2.5312643935841038E+001,1
1.861,2.9845196302569883E+002,2.5301963025698853E+001,1
1.881,2.9844130315638421E+002,2.5291303156384231E+001,1
1.901,2.9843066432789715E+002,2.5280664327897171E+001,1
1.921,2.9842004654023776E+002,2.5270046540237786E+001,1
1.941,2.9840944979340594E+002,2.5259449793405963E+001,1
1.961,2.9839887408740179E+002,2.5248874087401816E+001,1
1.981,2.9838831942222521E+002,2.5238319422225231E+001,1
2.001,2.9837778926825496E+002,2.5227789268254980E+001,1
2.021,2.9836734860250579E+002,2.5217348602505808E+001,1
2.041,2.9835694385056473E+002,2.5206943850564755E+001,1
2.061,2.9834656280323458E+002,2.5196562803234599E+001,1
2.081,2.9833620012747986E+002,2.5186200127479879E+001,1
2.101,2.9832585582330057E+002,2.5175855823300594E+001,1
2.121,2.9831552989069678E+002,2.5165529890696803E+001,1
2.141,2.9830522232966842E+002,2.5155222329668447E+001,1
2.161,2.9829493314021556E+002,2.5144933140215585E+001,1
2.181,2.9828466232233814E+002,2.5134662322338158E+001,1
2.201,2.9827440987603615E+002,2.5124409876036168E+001,1
2.221,2.9826417580130965E+002,2.5114175801309671E+001,1
2.241,2.9825396009815859E+002,2.5103960098158609E+001,1
2.261,2.9824376769115338E+002,2.5093767691153403E+001,1
2.281,2.9841623398257065E+002,2.5266233982570668E+001,0
2.301,2.9860122477688941E+002,2.5451224776889433E+001,0
2.321,2.9878575986715379E+002,2.5635759867153809E+001,0
2.341,2.9896984331609548E+002,2.5819843316095501E+001,0
2.361,2.9915343919175194E+002,2.6003439191751966E+001,0
2.381,2.9933646116225458E+002,2.6186461162254602E+001,0
2.401,2.9951900097202196E+002,2.6369000972021979E+001,0
2.421,2.9970105862105407E+002,2.6551058621054096E+001,0
2.441,2.9988263410935093E+002,2.6732634109350954E+001,0
2.461,3.0006372743691253E+002,2.6913727436912552E+001,0
2.481,3.0024433860373887E+002,2.7094338603738890E+001,0
2.501,3.0042446760982989E+002,2.7274467609829912E+001,0
2.521,3.0060411445518565E+002,2.7454114455185675E+001,0
2.541,3.0078329165793843E+002,2.7633291657938457E+001,0
2.561,3.0096200711653626E+002,2.7812007116536279E+001,0
2.581,3.0114024368387288E+002,2.7990243683872905E+001,0
2.601,3.0131800135994837E+002,2.8168001359948391E+001,0
2.621,3.0149528014476266E+002,2.8345280144762683E+001,0
2.641,3.0167208003831576E+002,2.8522080038315778E+001,0
2.661,3.0184840104060765E+002,2.8698401040607678E+001,0
2.681,3.0194735116588356E+002,2.8797351165883583E+001,1
2.701,3.0192978218152990E+002,2.8779782181529924E+001,1
2.721,3.0191227597445612E+002,2.8762275974456145E+001,1
2.741,3.0189480073545081E+002,2.8744800735450838E+001,1
2.761,3.0187735646451398E+002,2.8727356464514003E+001,1
2.781,3.0185994316164556E+002,2.8709943161645583E+001,1
2.801,3.0184256082684567E+002,2.8692560826845693E+001,1
2.821,3.0182520946011419E+002,2.8675209460114218E+001,1
2.841,3.0180788906145119E+002,2.8657889061451215E+001,1
2.861,3.0179059963085672E+002,2.8640599630856741E+001,1
2.881,3.0177334116833066E+002,2.8623341168330683E+001,1
2.901,3.0175611367387307E+002,2.8606113673873097E+001,1
2.921,3.0173894072520653E+002,2.8588940725206555E+001,1
2.941,3.0172180186998202E+002,2.8571801869982039E+001,1
2.961,3.0170469559438902E+002,2.8554695594389045E+001,1
2.981,3.0168762189842755E+002,2.8537621898427574E+001,1
3.001,3.0167058078209760E+002,2.8520580782097625E+001,1
3.021,3.0165357224539912E+002,2.8503572245399141E+001,1
3.041,3.0163659628833216E+002,2.8486596288332180E+001,1
3.061,3.0161965291089666E+002,2.8469652910896684E+001,1
3.081,3.0170196150564141E+002,2.8551961505641430E+001,0
3.101,3.0187799070501387E+002,2.8727990705013895E+001,0
3.121,3.0205359278735619E+002,2.8903592787356217E+001,0
3.141,3.0222876775266838E+002,2.9078767752668398E+001,0
3.161,3.0240339053844991E+002,2.9253390538449935E+001,0
3.181,3.0257754475436946E+002,2.9427544754369478E+001,0
3.201,3.0275124231527474E+002,2.9601242315274760E+001,0
3.221,3.0292448322116570E+002,2.9774483221165724E+001,0
3.241,3.0309726747204235E+002,2.9947267472042370E+001,0
3.261,3.0326959506790467E+002,3.0119595067904697E+001,0
3.281,3.0344146600875268E+002,3.0291466008752707E+001,0
3.301,3.0361288029458643E+002,3.0462880294586455E+001,0
3.321,3.0378384825204603E+002,3.0633848252046050E+001,0
3.341,3.0395437471723056E+002,3.0804374717230587E+001,0
3.361,3.0412444705684931E+002,3.0974447056849328E+001,0
3.381,3.0429406527090214E+002,3.1144065270902161E+001,0
3.401,3.0446322935938912E+002,3.1313229359389140E+001,0
3.421,3.0463193932231025E+002,3.1481939322310268E+001,0
3.441,3.0480019515966546E+002,3.1650195159665486E+001,0
3.461,3.0496799687145483E+002,3.1817996871454852E+001,0
3.481,3.0513534445767834E+002,3.1985344457678366E+001,0
3.501,3.0530223791833595E+002,3.2152237918335970E+001,0
3.521,3.0546867725342770E+002,3.2318677253427722E+001,0
3.541,3.0548736021453004E+002,3.2337360214530065E+001,1
3.561,3.0546274535368934E+002,3.2312745353689365E+001,1
3.581,3.0543817538523945E+002,3.2288175385239470E+001,1
3.601,3.0541364902026038E+002,3.2263649020260402E+001,1
3.621,3.0538916625875225E+002,3.2239166258752277E+001,1
3.641,3.0536472710071496E+002,3.2214727100714981E+001,1
3.661,3.0534033154614849E+002,3.2190331546148514E+001,1
3.681,3.0531597959505297E+002,3.2165979595052988E+001,1
3.701,3.0529169169328674E+002,3.2141691693286759E+001,1
3.721,3.0526746092930904E+002,3.2117460929309061E+001,1
3.741,3.0524327633198271E+002,3.2093276331982736E+001,1
3.761,3.0521913790130782E+002,3.2069137901307840E+001,1
3.781,3.0519504563728430E+002,3.2045045637284318E+001,1
3.801,3.0517099953991215E+002,3.2020999539912168E+001,1
3.821,3.0514699960919143E+002,3.1996999609191448E+001,1
3.841,3.0512304584512214E+002,3.1973045845122158E+001,1
3.861,3.0509913824770416E+002,3.1949138247704184E+001,1
3.881,3.0507527681693767E+002,3.1925276816937696E+001,1
3.901,3.0508598943680147E+002,3.1935989436801492E+001,0
3.921,3.0525286431139125E+002,3.2102864311391272E+001,0
3.941,3.0541920538288150E+002,3.2269205382881523E+001,0
3.961,3.0558514583292083E+002,3.2435145832920853E+001,0
3.981,3.0575068566150929E+002,3.2600685661509317E+001,0
4.001,3.0591580832745205E+002,3.2765808327452078E+001,0
4.021,3.0608040248802746E+002,3.2930402488027482E+001,0
4.041,3.0624456922460053E+002,3.3094569224600548E+001,0
4.061,3.0640830853717137E+002,3.3258308537171388E+001,0
4.081,3.0657162042573992E+002,3.3421620425739945E+001,0
4.101,3.0673450489030620E+002,3.3584504890306221E+001,0
4.121,3.0689696193087019E+002,3.3746961930870214E+001,0
4.141,3.0705899154743190E+002,3.3908991547431924E+001,0
4.161,3.0722059373999133E+002,3.4070593739991352E+001,0
4.181,3.0738176850854848E+002,3.4231768508548498E+001,0
4.201,3.0754253742842508E+002,3.4392537428425101E+001,0
4.221,3.0770289571053536E+002,3.4552895710535381E+001,0
4.241,3.0786283006020989E+002,3.4712830060209910E+001,0
4.261,3.0802234047744867E+002,3.4872340477448688E+001,0
4.281,3.0818142696225175E+002,3.5031426962251771E+001,0
4.301,3.0834008951461908E+002,3.5190089514619103E+001,0
4.321,3.0849832813455072E+002,3.5348328134550741E+001,0
4.341,3.0865614282204660E+002,3.5506142822046627E+001,0
4.361,3.0881353357710680E+002,3.5663533577106818E+001,0
4.381,3.0897050039973124E+002,3.5820500399731259E+001,0
4.401,3.0912704328991998E+002,3.5977043289920005E+001,0
4.421,3.0916504292101945E+002,3.6015042921019472E+001,1
4.441,3.0913307820947000E+002,3.5983078209470023E+001,1
4.461,3.0910118860888196E+002,3.5951188608881978E+001,1
4.481,3.0906935555875702E+002,3.5919355558757047E+001,1
4.501,3.0903757905909526E+002,3.5887579059095287E+001,1
4.521,3.0900585910989662E+002,3.5855859109896642E+001,1
4.541,3.0897419571116109E+002,3.5824195711161110E+001,1
4.561,3.0894258886288873E+002,3.5792588862888749E+001,1
4.581,3.0891103856507948E+002,3.5761038565079502E+001,1
4.601,3.0887958436595721E+002,3.5729584365957237E+001,1
4.621,3.0884819039823293E+002,3.5698190398232953E+001,1
4.641,3.0881685635358764E+002,3.5666856353587661E+001,1
4.661,3.0878558223202123E+002,3.5635582232021250E+001,1
4.681,3.0875436803353375E+002,3.5604368033533774E+001,1
4.701,3.0872321375812521E+002,3.5573213758125235E+001,1
4.721,3.0869211940579561E+002,3.5542119405795631E+001,1
4.741,3.0866108497654494E+002,3.5511084976544964E+001,1
4.761,3.0866977595964642E+002,3.5519775959646438E+001,0
4.781,3.0882694971090478E+002,3.5676949710904807E+001,0
4.801,3.0898371030893549E+002,3.5833710308935508E+001,0
4.821,3.0914009512493800E+002,3.5990095124938023E+001,0
4.841,3.0929603949299548E+002,3.6146039492995499E+001,0
4.861,3.0945152981124471E+002,3.6301529811244734E+001,0
4.881,3.0960661846722923E+002,3.6456618467229248E+001,0
4.901,3.0976130546094902E+002,3.6611305460949040E+001,0
4.921,3.0991559079240403E+002,3.6765590792404055E+001,0
4.941,3.1006947446159433E+002,3.6919474461594348E+001,0
4.961,3.1022295646851984E+002,3.7072956468519862E+001,0
4.981,3.1037603681318063E+002,3.7226036813180656E+001,0
5,3.1052109110093562E+002,3.7371091100935644E+001,0
5.02,3.1067340100145458E+002,3.7523401001454602E+001,0
5.04,3.1082532513199180E+002,3.7675325131991826E+001,0
5.06,3.1097685025763315E+002,3.7826850257633168E+001,0
5.08,3.1112797637837866E+002,3.7977976378378685E+001,0
5.1,3.1127870349422830E+002,3.8128703494228319E+001,0
5.12,3.1142903160518210E+002,3.8279031605182126E+001,0
5.14,3.1157896071124003E+002,3.8428960711240052E+001,0
5.16,3.1172849081240207E+002,3.8578490812402094E+001,0
5.18,3.1187762190866823E+002,3.8727621908668254E+001,0
5.2,3.1202635400003857E+002,3.8876354000038589E+001,0
5.22,3.1217468708651307E+002,3.9024687086513097E+001,0
5.24,3.1232262116809164E+002,3.9172621168091666E+001,0
5.26,3.1247015624477439E+002,3.9320156244774410E+001,0
5.28,3.1261729231656130E+002,3.9467292316561327E+001,0
5.3,3.1276402938345228E+002,3.9614029383452305E+001,0
5.32,3.1291036744544743E+002,3.9760367445447457E+001,0
5.34,3.1305630650254676E+002,3.9906306502546784E+001,0
5.36,3.1304731049149314E+002,3.9897310491493158E+001,1
5.38,3.1300759672135524E+002,3.9857596721355264E+001,1
5.4,3.1296797635925128E+002,3.9817976359251304E+001,1
5.42,3.1292842626006501E+002,3.9778426260065032E+001,1
5.44,3.1288894642379643E+002,3.9738946423796449E+001,1
5.46,3.1284953685044553E+002,3.9699536850445554E+001,1
5.48,3.1281019754001233E+002,3.9660197540012348E+001,1
5.5,3.1277092849249681E+002,3.9620928492496830E+001,1
5.52,3.1273173080517222E+002,3.9581730805172242E+001,1
5.54,3.1269264965417671E+002,3.9542649654176728E+001,1
5.56,3.1265364303343028E+002,3.9503643033430308E+001,1
5.58,3.1261471094293285E+002,3.9464710942932868E+001,1
5.6,3.1257585338268450E+002,3.9425853382684522E+001,1
5.62,3.1253707035268513E+002,3.9387070352685157E+001,1
5.64,3.1249836185293475E+002,3.9348361852934772E+001,1
5.66,3.1245972788343346E+002,3.9309727883433482E+001,1
5.68,3.1251592019833180E+002,3.9365920198331821E+001,0
5.7,3.1266275515328971E+002,3.9512755153289731E+001,0
5.72,3.1280924123182541E+002,3.9659241231825433E+001,0
5.74,3.1295537843393902E+002,3.9805378433939040E+001,0
5.76,3.1310108123469024E+002,3.9951081234690264E+001,0
5.78,3.1324637978427074E+002,4.0096379784270766E+001,0
5.8,3.1339130553888322E+002,4.0241305538883239E+001,0
5.82,3.1353585849852772E+002,4.0385858498527739E+001,0
5.84,3.1368003866320413E+002,4.0530038663204152E+001,0
5.86,3.1382384603291257E+002,4.0673846032912593E+001,0
5.88,3.1396728060765292E+002,4.0817280607652947E+001,0
5.9,3.1411034238742531E+002,4.0960342387425328E+001,0
5.92,3.1425303137222966E+002,4.1103031372229680E+001,0
5.94,3.1439535763412414E+002,4.1245357634124161E+001,0
5.96,3.1453733179607400E+002,4.1387331796074022E+001,0
5.98,3.1467893593429136E+002,4.1528935934291383E+001,0
6,3.1482017004877616E+002,4.1670170048776185E+001,0
6.02,3.1496103413952841E+002,4.1811034139528431E+001,0
6.04,3.1510152820654815E+002,4.1951528206548176E+001,0
6.06,3.1524165224983540E+002,4.2091652249835420E+001,0
6.08,3.1538140626939014E+002,4.2231406269390163E+001,0
6.1,3.1552079026521233E+002,4.2370790265212349E+001,0
6.12,3.1565980423730196E+002,4.2509804237301978E+001,0
6.14,3.1579844818565914E+002,4.2648448185659163E+001,0
6.16,3.1593672211028377E+002,4.2786722110283790E+001,0
6.18,3.1607462601117584E+002,4.2924626011175860E+001,0
6.2,3.1621215988833541E+002,4.3062159888335430E+001,0
6.22,3.1634932374176248E+002,4.3199323741762498E+001,0
6.24,3.1648611757145699E+002,4.3336117571457009E+001,0
6.26,3.1662254137741900E+002,4.3472541377419020E+001,0
6.28,3.1675859515964845E+002,4.3608595159648473E+001,0
6.3,3.1689427891814540E+002,4.3744278918145426E+001,0
6.32,3.1702959265290986E+002,4.3879592652909878E+001,0
6.34,3.1716453636394175E+002,4.4014536363941772E+001,0
6.36,3.1729969975591064E+002,4.4149699755910660E+001,0
6.38,3.1731153039442751E+002,4.4161530394427530E+001,1
6.4,3.1726330548173843E+002,4.4113305481738450E+001,1
6.42,3.1721518149754621E+002,4.4065181497546234E+001,1
6.44,3.1716714293048096E+002,4.4017142930480986E+001,1
6.46,3.1711918978054263E+002,4.3969189780542649E+001,1
6.48,3.1707132204773131E+002,4.3921322047731337E+001,1
6.5,3.1702353973204697E+002,4.3873539732046993E+001,1
6.52,3.1697585591834525E+002,4.3825855918345269E+001,1
6.54,3.1692829957576834E+002,4.3778299575768358E+001,1
6.56,3.1688083406257465E+002,4.3730834062574672E+001,1
6.58,3.1683345937876425E+002,4.3683459378764269E+001,1
6.6,3.1678617552433712E+002,4.3636175524337148E+001,1
6.62,3.1673898249929329E+002,4.3588982499293309E+001,1
6.64,3.1669188030363267E+002,4.3541880303632695E+001,1
6.66,3.1664486893735528E+002,4.3494868937355307E+001,1
6.68,3.1667106052173148E+002,4.3521060521731499E+001,0
6.7,3.1680685174730775E+002,4.3656851747307769E+001,0
6.72,3.1694224223423976E+002,4.3792242234239779E+001,0
6.74,3.1707725770818433E+002,4.3927257708184356E+001,0
6.76,3.1721195481206996E+002,4.4061954812069985E+001,0
6.78,3.1734633354589664E+002,4.4196333545896664E+001,0
6.8,3.1748039390966437E+002,4.4330393909664394E+001,0
6.82,3.1761407123330622E+002,4.4464071233306242E+001,0
6.84,3.1774735763112881E+002,4.4597357631128830E+001,0
6.86,3.1788030523288751E+002,4.4730305232887531E+001,0
6.88,3.1801291403858227E+002,4.4862914038582289E+001,0
6.9,3.1814518404821308E+002,4.4995184048213105E+001,0
6.92,3.1827711526178001E+002,4.5127115261780034E+001,0
6.94,3.1840870767928300E+002,4.5258707679283020E+001,0
6.96,3.1853996130072204E+002,4.5389961300722064E+001,0
6.98,3.1867087612609720E+002,4.5520876126097221E+001,0
7,3.1880145215540841E+002,4.5651452155408435E+001,0
7.02,3.1893168938865568E+002,4.5781689388655707E+001,0
7.04,3.1906159572623909E+002,4.5911595726239113E+001,0
7.06,3.1919120739908379E+002,4.6041207399083817E+001,0
7.08,3.1932048450793451E+002,4.6170484507934532E+001,0
7.1,3.1944942705279112E+002,4.6299427052791145E+001,0
7.12,3.1957803503365369E+002,4.6428035033653714E+001,0
7.14,3.1970630845052227E+002,4.6556308450522295E+001,0
7.16,3.1983424730339681E+002,4.6684247303396830E+001,0
7.18,3.1996185159227724E+002,4.6811851592277264E+001,0
7.2,3.2008912131716369E+002,4.6939121317163711E+001,0
7.22,3.2021605647805609E+002,4.7066056478056112E+001,0
7.24,3.2034265707495439E+002,4.7192657074954411E+001,0
7.26,3.2046892310785870E+002,4.7318923107858723E+001,0
7.28,3.2059485457676897E+002,4.7444854576768989E+001,0
7.3,3.2072045148168519E+002,4.7570451481685211E+001,0
7.32,3.2084571382260737E+002,4.7695713822607388E+001,0
7.34,3.2097064159953550E+002,4.7820641599535520E+001,0
7.36,3.2109523481246958E+002,4.7945234812469607E+001,0
7.38,3.2121949346140963E+002,4.8069493461409650E+001,0
7.4,3.2134341754635562E+002,4.8193417546355647E+001,0
7.42,3.2146700706730763E+002,4.8317007067307657E+001,0
7.44,3.2159026202426554E+002,4.8440262024265564E+001,0
7.46,3.2171318241722940E+002,4.8563182417229427E+001,0
7.48,3.2183576824619928E+002,4.8685768246199302E+001,0
7.5,3.2195801951117505E+002,4.8808019511175075E+001,0
7.52,3.2208044553709834E+002,4.8930445537098365E+001,0
7.54,3.2220262196300888E+002,4.9052621963008903E+001,0
7.56,3.2228783349099598E+002,4.9137833490996002E+001,1
7.58,3.2222963749788175E+002,4.9079637497881777E+001,1
7.6,3.2217154606226660E+002,4.9021546062266623E+001,1
7.62,3.2211359384366199E+002,4.8963593843662011E+001,1
7.64,3.2205576442021464E+002,4.8905764420214666E+001,1
7.66,3.2199804583896798E+002,4.8848045838968005E+001,1
7.68,3.2194043809992206E+002,4.8790438099922085E+001,1
7.7,3.2188294120307688E+002,4.8732941203076905E+001,1
7.72,3.2182555514843233E+002,4.8675555148432352E+001,1
7.74,3.2176827993598852E+002,4.8618279935988539E+001,1
7.76,3.2171111556574539E+002,4.8561115565745411E+001,1
7.78,3.2165406203770300E+002,4.8504062037703022E+001,1
7.8,3.2159711935186129E+002,4.8447119351861318E+001,1
7.82,3.2154028750822027E+002,4.8390287508220297E+001,1
7.84,3.2148356650677999E+002,4.8333566506780016E+001,1
7.86,3.2160632900023029E+002,4.8456329000230312E+001,0
7.88,3.2172909801486742E+002,4.8579098014867441E+001,0
7.9,3.2185146119931346E+002,4.8701461199313485E+001,0
7.92,3.2197353859994183E+002,4.8823538599941855E+001,0
7.94,3.2209533021675242E+002,4.8945330216752438E+001,0
7.96,3.2221683604974527E+002,4.9066836049745291E+001,0
7.98,3.2233805609892033E+002,4.9188056098920356E+001,0
8,3.2245889148632170E+002,4.9308891486321727E+001,0
8.02,3.2257924960374157E+002,4.9429249603741596E+001,0
8.04,3.2269892270008546E+002,4.9548922700085484E+001,0
8.06,3.2281838701566136E+002,4.9668387015661381E+001,0
8.08,3.2293764255046921E+002,4.9787642550469229E+001,0
8.1,3.2305668930450901E+002,4.9906689304509030E+001,0
8.12,3.2317552727778076E+002,5.0025527277780782E+001,0
8.14,3.2329415647028446E+002,5.0144156470284486E+001,0
8.16,3.2341243881928813E+002,5.0262438819288150E+001,0
8.18,3.2353035848160880E+002,5.0380358481608823E+001,0
8.2,3.2364800325511374E+002,5.0498003255113758E+001,0
8.22,3.2376537313980288E+002,5.0615373139802898E+001,0
8.24,3.2388246813567628E+002,5.0732468135676299E+001,0
8.26,3.2399928824273388E+002,5.0849288242733905E+001,0
8.28,3.2411583346097569E+002,5.0965833460975716E+001,0
8.3,3.2410626296289178E+002,5.0956262962891799E+001,1
8.32,3.2404444736591296E+002,5.0894447365912981E+001,1
8.34,3.2398274160144945E+002,5.0832741601449470E+001,1
8.36,3.2392114566950130E+002,5.0771145669501323E+001,1
8.38,3.2385971124246419E+002,5.0709711242464209E+001,1
8.4,3.2379839942630110E+002,5.0648399426301125E+001,1
8.42,3.2373720508965550E+002,5.0587205089655527E+001,1
8.44,3.2367612823252733E+002,5.0526128232527356E+001,1
8.46,3.2361516885491670E+002,5.0465168854916726E+001,1
8.48,3.2355432695682345E+002,5.0404326956823468E+001,1
8.5,3.2349360253824773E+002,5.0343602538247751E+001,1
8.52,3.2343299559918944E+002,5.0282995599189462E+001,1
8.54,3.2337250613964864E+002,5.0222506139648658E+001,1
8.56,3.2331213415962526E+002,5.0162134159625282E+001,1
8.58,3.2325187965911942E+002,5.0101879659119447E+001,1
8.6,3.2319174263813102E+002,5.0041742638131041E+001,1
8.62,3.2313172309666004E+002,4.9981723096660062E+001,1
8.64,3.2307182103470660E+002,4.9921821034706625E+001,1
8.66,3.2301201824011514E+002,4.9862018240115162E+001,1
8.68,3.2295232871991448E+002,4.9802328719914499E+001,1
8.7,3.2289275547637146E+002,4.9742755476371485E+001,1
8.72,3.2283329850948593E+002,4.9683298509485951E+001,1
8.74,3.2277395781925799E+002,4.9623957819258010E+001,1
8.76,3.2271473340568764E+002,4.9564733405687662E+001,1
8.78,3.2265562526877477E+002,4.9505625268774793E+001,1
8.8,3.2259663340851955E+002,4.9446633408519574E+001,1
8.82,3.2253775782492181E+002,4.9387757824921835E+001,1
8.84,3.2247899851798167E+002,4.9328998517981688E+001,1
8.86,3.2242035548769911E+002,4.9270355487699135E+001,1
8.88,3.2236182873407409E+002,4.9211828734074118E+001,1
8.9,3.2230341825710661E+002,4.9153418257106637E+001,1
8.92,3.2224512405679673E+002,4.9095124056796749E+001,1
8.94,3.2218694613314437E+002,4.9036946133144397E+001,1
8.96,3.2219420517025463E+002,4.9044205170254656E+001,0
8.98,3.2231541542616407E+002,4.9165415426164088E+001,0
9,3.2243629945743857E+002,4.9286299457438588E+001,0
9.02,3.2255690087489847E+002,4.9406900874898497E+001,0
9.04,3.2267721967854385E+002,4.9527219678543872E+001,0
9.06,3.2279718819970475E+002,4.9647188199704772E+001,0
9.08,3.2291681834770480E+002,4.9766818347704827E+001,0
9.1,3.2303614705712596E+002,4.9886147057125982E+001,0
9.12,3.2315517432796815E+002,5.0005174327968177E+001,0
9.14,3.2327390016023139E+002,5.0123900160231415E+001,0
9.16,3.2339232455391567E+002,5.0242324553915694E+001,0
9.18,3.2351044750902105E+002,5.0360447509021071E+001,0
9.2,3.2362826902554747E+002,5.0478269025547490E+001,0
9.22,3.2374578910349493E+002,5.0595789103494951E+001,0
9.24,3.2386300774286343E+002,5.0713007742863454E+001,0
9.26,3.2397992494365303E+002,5.0829924943653054E+001,0
9.28,3.2409657169320928E+002,5.0946571693209307E+001,0
9.3,3.2411648894101370E+002,5.0966488941013722E+001,1
9.32,3.2405464089305286E+002,5.0904640893052886E+001,1
9.34,3.2399297889505442E+002,5.0842978895054443E+001,1
9.36,3.2393143195347324E+002,5.0781431953473259E+001,1
9.38,3.2386999424689037E+002,5.0719994246890394E+001,1
9.4,3.2380866577530594E+002,5.0658665775305963E+001,1
9.42,3.2374744653871988E+002,5.0597446538719907E+001,1
9.44,3.2368633653713221E+002,5.0536336537132229E+001,1
9.46,3.2362533577054290E+002,5.0475335770542927E+001,1
9.48,3.2356448603288487E+002,5.0414486032884895E+001,1
9.5,3.2350377451347822E+002,5.0353774513478243E+001,1
9.52,3.2344317911703098E+002,5.0293179117031002E+001,1
9.54,3.2338269984354321E+002,5.0232699843543230E+001,1
9.56,3.2332233669301490E+002,5.0172336693014927E+001,1
9.58,3.2326208966544607E+002,5.0112089665446092E+001,1
9.6,3.2320195876083665E+002,5.0051958760836669E+001,1
9.62,3.2314194397918669E+002,4.9991943979186715E+001,1
9.64,3.2308204532049615E+002,4.9932045320496172E+001,1
9.66,3.2302226278476513E+002,4.9872262784765155E+001,1
9.68,3.2296259637199353E+002,4.9812596371993550E+001,1
9.7,3.2290304608218133E+002,4.9753046082181356E+001,1
9.72,3.2284361191532867E+002,4.9693611915328688E+001,1
9.74,3.2278429387143541E+002,4.9634293871435432E+001,1
9.76,3.2272509195050162E+002,4.9575091950501644E+001,1
9.78,3.2266600615252725E+002,4.9516006152527268E+001,1
9.8,3.2260703647751234E+002,4.9457036477512361E+001,1
9.821,3.2254524329608182E+002,4.9395243296081844E+001,1
9.841,3.2248649435556644E+002,4.9336494355566458E+001,1
9.861,3.2242783658077519E+002,4.9277836580775215E+001,1
9.881,3.2236929287490989E+002,4.9219292874909911E+001,1
9.901,3.2231086323797047E+002,4.9160863237970489E+001,1
9.921,3.2225254766995704E+002,4.9102547669957062E+001,1
9.941,3.2219434617086955E+002,4.9044346170869574E+001,1
9.961,3.2217875611021697E+002,4.9028756110216989E+001,0
9.981,3.2230001722886982E+002,4.9150017228869842E+001,0
10,3.2241487833990152E+002,4.9264878339901543E+001,0
