"time","uDC","iAC[1]","iAC[2]","iAC[3]","uAC[1]","uAC[2]","uAC[3]","Losses"
0,5.6568542494923804E+02,-0.0000000000000000E+00,0.0000000000000000E+00,0.0000000000000000E+00,0.0000000000000000E+00,0.0000000000000000E+00,0.0000000000000000E+00,4.8000000000000000E+02
0.0002,5.5900830888259327E+02,6.1466535037983383E-02,-1.0490013736869848E+00,9.8753483864900138E-01,3.1223790795286709E+02,-5.6300921940127728E+02,2.5077131144841016E+02,7.8942533465314364E+02
0.0004,5.5236824888206786E+02,1.2274589578532424E-01,-6.7360932149243613E+00,6.6133473191390371E+00,3.3956325205248243E+02,-5.5638048557386753E+02,2.1681723352138511E+02,7.9930678065037876E+02
0.0006001,5.4582848807311223E+02,1.8357107074084311E-01,-1.5967850972098560E+01,1.5784279901357717E+01,3.6671519741404370E+02,-5.4985914051635712E+02,1.8314394310231339E+02,8.2786197870677915E+02
0.0008001,5.3941690456122717E+02,2.4364123594180498E-01,-2.4856029516130814E+01,2.4612388280189009E+01,3.9355338283981496E+02,-5.4346528609683276E+02,1.4991190325701777E+02,8.5942432795970444E+02
0.0010001,5.3310013883116233E+02,3.0274986049360564E-01,-2.9591302690932146E+01,2.9288552830438540E+01,4.1995405383588189E+02,-5.3715794442860044E+02,1.1720389059271855E+02,8.7794290028048033E+02
0.0012001,5.2679826331204765E+02,3.6066366965934904E-01,-2.6522823777000148E+01,2.6162160107340799E+01,4.4575695848522003E+02,-5.3084988664778211E+02,8.5092928162562004E+01,8.6769447512777640E+02
0.0014001,5.2038428749058539E+02,4.1715410409250531E-01,-1.2256626776083070E+01,1.1839472671990565E+01,4.7078092802230174E+02,-5.2440733479841117E+02,5.3626406776109462E+01,8.1457178157066869E+02
0.0016,5.1375008322244241E+02,4.4994762884360107E-01,-9.2363154337185582E-01,4.7368391452825476E-01,4.8384926191407595E+02,-4.9571740475640280E+02,1.1868142842326847E+01,7.4416830247368659E+02
0.0018,5.0707598088952943E+02,4.9151937576977694E-01,-9.3570447189251571E-01,4.4418509612273877E-01,5.0129810295771949E+02,-4.7763096313420044E+02,-2.3667139823519051E+01,7.3658412252813366E+02
0.002,5.0041716041867318E+02,6.4439464260397639E+00,-6.8425155366303017E+00,3.9856911059053812E-01,5.0442943803403739E+02,-4.5149947359664372E+02,-5.2929964437393664E+01,7.3413438302197164E+02
0.0022001,4.9403195063150110E+02,4.3885486424812015E+01,-4.4227038625200386E+01,3.4155220038837142E-01,4.9811906700553345E+02,-4.1983580447288182E+02,-7.8283262532651605E+01,8.5058016975522139E+02
0.0024001,4.8835792670793677E+02,1.1188518997565500E+02,-1.1216840543482887E+02,2.8321545917386792E-01,4.9258099536442518E+02,-3.8789836887673454E+02,-1.0468262648769064E+02,1.1114984268383801E+03
0.0026001,4.8376596897732401E+02,2.0533280798492385E+02,-2.0555656898085468E+02,2.2376099593084467E-01,4.8817588241243845E+02,-3.5596855105202764E+02,-1.3220733136041079E+02,1.5182349564954993E+03
0.0028001,4.8055772947000435E+02,3.1849400864583220E+02,-3.1865743209609576E+02,1.6342345026356025E-01,4.8519391115910560E+02,-3.2430876242297632E+02,-1.6088514873612931E+02,2.0698958281070809E+03
0.0030001,4.7895509420105634E+02,4.4516384782550313E+02,-4.4526628877240228E+02,1.0244094689916022E-01,4.8384455753800250E+02,-2.9314280343900361E+02,-1.9070175409899889E+02,2.7579466215775765E+03
0.0032001,4.7909492334270357E+02,5.7882008572232962E+02,-5.7886113987824774E+02,4.1054155918167322E-02,4.8425163722174352E+02,-2.6265291709701285E+02,-2.2159872012473068E+02,3.5620585638535290E+03
0.0034001,4.8102588413380880E+02,7.1278316981392754E+02,-7.1276267515686720E+02,-2.0494657060374240E-02,4.8645045850243696E+02,-2.3297789047371310E+02,-2.5347256802872386E+02,4.4477738553589988E+03
0.0036001,4.8470744131056080E+02,8.4037926191442250E+02,-8.4029729932743192E+02,-8.1962586990617023E-02,4.9038713877722250E+02,-2.0421223491205023E+02,-2.8617490386517227E+02,5.3663323905546722E+03
0.0038001,4.9001102108378427E+02,9.5510263150445121E+02,-9.5495952445641603E+02,-1.4310704803515287E-01,4.9592009330863073E+02,-1.7640645108328647E+02,-3.1951364222534426E+02,6.2567599530713269E+03
0.0040001,4.9672331573470507E+02,1.0507737636972804E+03,-1.0505700769663397E+03,-2.0368673094060982E-01,5.0282365602839695E+02,-1.4956836070062991E+02,-3.5325529532776704E+02,7.0500657262194909E+03
0.0042001,5.0455164783984725E+02,1.1216896374055002E+03,-1.1214261748501253E+03,-2.6346255537479563E-01,5.1079374430671078E+02,-1.2366546273481163E+02,-3.8712828157189915E+02,7.6751593103748482E+03
0.0044001,5.1313126703176613E+02,1.1627628148328226E+03,-1.1624406162193552E+03,-3.2219861346750389E-01,5.1945543387611747E+02,-9.8628249105161160E+01,-4.2082718477095625E+02,8.0658976184419371E+03
0.0046001,5.2203440907262552E+02,1.1696462429555675E+03,-1.1692665798547362E+03,-3.7966310083139360E-01,5.2837226748875923E+02,-7.4354393497322292E+01,-4.5401787399143700E+02,8.1685296572766892E+03
0.0048001,5.3078090781018182E+02,1.1388409951860392E+03,-1.1384053659546514E+03,-4.3562923138786525E-01,5.3705708233333235E+02,-5.0713707658335693E+01,-4.8634337467499671E+02,7.9487365097208312E+03
0.005,5.3884634127725792E+02,1.0678304581768914E+03,-1.0673406087024027E+03,-4.8984947448861377E-01,5.4498042451737138E+02,-2.7565230089886541E+01,-5.1741519442748495E+02,7.3978286789450322E+03
0.0052,5.4569084106319087E+02,9.5498480889960604E+02,-9.5444264482249105E+02,-5.4216407711501213E-01,5.5159916722690468E+02,-4.7172739741788519E+00,-5.4688189325272583E+02,6.5354015360218182E+03
0.0054,5.5078041932900771E+02,8.0849591152208882E+02,-7.9052342501769851E+02,-1.7972486504390307E+01,5.5637832750680059E+02,-7.7255016596313908E-01,-5.5560577734083745E+02,5.4262728107126995E+03
0.0056,5.5379784969898776E+02,6.4455526381398272E+02,-5.6004784527393485E+02,-8.4507418540047908E+01,5.5900133600889001E+02,-4.7553995119403680E-01,-5.5852579605769597E+02,4.2378597788387642E+03
0.0058,5.5451878928054941E+02,4.6418101778803930E+02,-2.6377645042300639E+02,-2.0040456736503293E+02,5.5924562898434215E+02,-6.3371819686153685E-02,-5.5918225716465599E+02,3.1077235028019195E+03
0.006,5.5281299555826456E+02,3.1700958007386220E+02,-2.0376501272998357E-01,-3.1680581506113219E+02,3.8060545659474991E+02,1.7684024009995733E+02,-5.5744569669470729E+02,2.2554652991729095E+03
0.0062,5.5034201041221581E+02,3.1771883452207345E+02,-1.4318622022464930E-01,-3.1757564830184879E+02,3.4908127949378002E+02,2.0589491608305372E+02,-5.5497619557683379E+02,2.2420284986568854E+03
0.0064,5.4796982380980171E+02,3.3111444523265925E+02,-8.2042337123646808E-02,-3.3103240289553560E+02,3.1733664261157094E+02,2.3529422344566910E+02,-5.5263086605724004E+02,2.2997441224871091E+03
0.0066,5.4583906321922541E+02,3.5317439886946954E+02,-2.0574670399593837E-02,-3.5315382419906996E+02,2.8555949101659166E+02,2.6498480004234801E+02,-5.5054429105893973E+02,2.4093482728180493E+03
0.0068,5.4403728554411998E+02,3.7967867994509220E+02,4.0974195148853886E-02,-3.7971965414024106E+02,2.5391067546116236E+02,2.9488491158417037E+02,-5.4879558704533270E+02,2.5500926733098950E+03
0.007,5.4259506022169319E+02,4.0631799405999294E+02,1.0236135426837741E-01,-4.0642035541426134E+02,2.2252262396988669E+02,3.2488408059951598E+02,-5.4740670456940268E+02,2.6991771442670711E+03
0.0072,5.4148551566640629E+02,4.2880412365084641E+02,1.6334453988705575E-01,-4.2896746819073348E+02,1.9149874609955222E+02,3.5484344933098453E+02,-5.4634219543053678E+02,2.8319479298054512E+03
0.0074,5.4062535407248004E+02,4.4297940932007850E+02,2.2368307923181824E-01,-4.4320309239931032E+02,1.6091357176186258E+02,3.8459687467653634E+02,-5.4551044643839896E+02,2.9228892104194761E+03
0.0076,5.3987730628736165E+02,4.4492287772986759E+02,2.8313884365392639E-01,-4.4520601657352154E+02,1.3081360987276264E+02,4.1395273666524957E+02,-5.4476634653801216E+02,2.9473300852258753E+03
0.0078,5.3905396590870328E+02,4.3105061998401766E+02,3.4147718841395952E-01,-4.3139209717243159E+02,1.0121889588288286E+02,4.4269642577368927E+02,-5.4391532165657213E+02,2.8836923020352451E+03
0.008,5.3792291066076825E+02,3.9820816036830922E+02,3.9846787871694583E-01,-3.9860662824702615E+02,7.2125181811703015E+01,4.7059345899612913E+02,-5.4271864080783212E+02,2.7160251339211145E+03
0.0082,5.3621299015928673E+02,3.4375274108131077E+02,4.5388599834528170E-01,-3.4420662707965607E+02,4.3506708091881478E+01,4.9739316032270762E+02,-5.4089986841458904E+02,2.4365213463783948E+03
0.0084,5.3362163301354803E+02,2.6562367988659497E+02,5.0751283729895791E-01,-2.6613119272389395E+02,1.5319483650462900E+01,5.2283282846175041E+02,-5.3815231211221339E+02,2.0476878987004375E+03
0.0086,5.2982959162249870E+02,1.5917736169420004E+02,7.0003580288342118E+00,-1.6617771972303424E+02,1.5217685148849114E-01,5.3400170186895707E+02,-5.3415387872044562E+02,1.5630472860021264E+03
0.0088,5.2468720554058234E+02,7.8866220264551146E-01,6.5452685017625470E+01,-6.6241347220270981E+01,-6.4663958151072620E-02,5.2881784206777263E+02,-5.2875317810962156E+02,1.1026747243456898E+03
0.009,5.1891721855985509E+02,3.0282597403143541E-01,7.6068709624795630E+01,-7.6371535598827066E+01,-1.1012116798107036E+02,5.2306861281924739E+02,-4.1294744483817698E+02,1.0376135398436002E+03
0.0092001,5.1347178861855207E+02,2.4368893842373041E-01,1.1411067817627429E+02,-1.1435436711469802E+02,-1.3700501819020542E+02,5.1769921849283605E+02,-3.8069420030263058E+02,1.1739060181401435E+03
0.0094001,5.0869540166237994E+02,1.8361944814611775E-01,1.7525932342137077E+02,-1.7544294286951688E+02,-1.6471272321140438E+02,5.1304507818819093E+02,-3.4833235497678663E+02,1.4287189649724028E+03
0.0096001,5.0486035421918439E+02,1.2282529579445622E-01,2.5447869146208274E+02,-2.5460151675787719E+02,-1.9327149878950237E+02,5.0936841619863389E+02,-3.1609691740913155E+02,1.7945114846934334E+03
0.0098001,5.0217146521141444E+02,6.1546408113827056E-02,3.4629338006880295E+02,-3.4635492647691677E+02,-2.2265831541161046E+02,5.0686310048339448E+02,-2.8420478507178404E+02,2.2595170516436156E+03
0.0100001,5.0075845649678160E+02,2.4624878221857216E-05,4.4493811952742391E+02,-4.4493814415230213E+02,-2.5281134872591790E+02,5.0564732235468250E+02,-2.5283597362876458E+02,2.8045885622369169E+03
0.0102001,5.0067303976350195E+02,-6.1497255540530205E-02,5.4450097210874526E+02,-5.4443947485320473E+02,-2.8362914340708932E+02,5.0576096977645437E+02,-2.2213182636936506E+02,3.4013484705689734E+03
0.0104001,5.0188793529251615E+02,-1.2277643438710584E-01,6.3906935780086269E+02,-6.3894658136647558E+02,-3.1497074767111371E+02,5.0716493817881002E+02,-1.9219419050769631E+02,4.0119611468788271E+03
0.0106001,5.0429783822821315E+02,-1.8357107073825318E-01,7.2287560554667880E+02,-7.2269203447594055E+02,-3.4665682106857503E+02,5.0974238782800967E+02,-1.6308556675943464E+02,4.5906179925345805E+03
0.0108001,5.0772230405150020E+02,-2.4364123593886688E-01,7.9043875079127463E+02,-7.9019510955533576E+02,-3.7847169623374452E+02,5.1330191288762990E+02,-1.3483021665388540E+02,5.0866276194756520E+03
0.0110001,5.1191048177689783E+02,-3.0274986049050767E-01,8.3669939447655906E+02,-8.3639664461606856E+02,-4.1016635378151489E+02,5.1758254432296440E+02,-1.0741619054144954E+02,5.4488159161502454E+03
0.0112001,5.1654758195521003E+02,-3.6066366965587804E-01,8.5714460338952449E+02,-8.5678393971986861E+02,-4.4146224900472845E+02,5.2226046769026982E+02,-8.0798218685541372E+01,5.6307826571364603E+03
0.0114001,5.2126292777004005E+02,-4.1715410408869502E-01,8.4792006308917155E+02,-8.4750290898508285E+02,-4.7205590988213498E+02,5.2695729852188799E+02,-5.4901388639753009E+01,5.5964482164214969E+03
0.0116001,5.2563940222304745E+02,-4.7199822185234552E-01,8.0592698715822473E+02,-8.0545498893637239E+02,-5.0162420858005601E+02,5.3124972331001663E+02,-2.9625514729960571E+01,5.3252673706755768E+03
0.0118001,5.2922407338243784E+02,-5.2497957826994934E-01,7.2890163356228561E+02,-7.2837665398401566E+02,-5.2983019350731479E+02,5.3468028376562700E+02,-4.8500902583122070E+00,4.8164932359579798E+03
0.0120001,5.3157426652464278E+02,-1.9208879544485171E+01,6.2478021543747070E+02,-6.0557133589298553E+02,-5.3621718382817448E+02,5.3680354569816109E+02,-5.8636186998660378E-01,4.1074532415897802E+03
0.0122001,5.3246297800524030E+02,-9.0476577920614830E+01,5.0986259715174475E+02,-4.1938601923112992E+02,-5.3706224365509092E+02,5.3739115276749237E+02,-3.2890911240144760E-01,3.3372207677007846E+03
0.0124001,5.3174537864344961E+02,-2.1399712737475701E+02,3.8372309567524189E+02,-1.6972596830048488E+02,-5.3634202677909423E+02,5.3629775566429112E+02,4.4271114803109413E-02,2.6081832408275054E+03
0.0126001,5.2947265716385959E+02,-3.1711626809639330E+02,3.1734002909233010E+02,-2.2376099593679144E-01,-5.3410604588234526E+02,3.7893363278995440E+02,1.5517241309239085E+02,2.1981823309158372E+03
0.0128001,5.2723924966301752E+02,-3.5290041399884166E+02,3.5306383744911147E+02,-1.6342345026984564E-01,-5.3194415073106506E+02,3.4768388221209881E+02,1.8426026851896631E+02,2.3715332801949949E+03
0.0130001,5.2557446670332592E+02,-4.0169051191705984E+02,4.0179295286396558E+02,-1.0244094690576570E-01,-5.3037689021675010E+02,3.1640896978168007E+02,2.1396792043506997E+02,2.6276763523076411E+03
0.0132001,5.2462001846433964E+02,-4.5869057249228337E+02,4.5873162664820842E+02,-4.1054155925069849E-02,-5.2953638250707922E+02,2.8529528974313195E+02,2.4424109276394734E+02,2.9466781110634361E+03
0.0134001,5.2445226139160491E+02,-5.1891441626397273E+02,5.1889392160691955E+02,2.0494657053199954E-02,-5.2948901178820256E+02,2.5449716712018304E+02,2.7499184466801955E+02,3.3040677657081756E+03
0.0136001,5.2508049896870079E+02,-5.7731131286565312E+02,5.7722935027866993E+02,8.1962586983200386E-02,-5.3023398031736588E+02,2.2413565568583024E+02,3.0609832463153566E+02,3.6702906416372671E+03
0.0138001,5.2644696786749387E+02,-6.2889266769144365E+02,6.2874956064341609E+02,1.4310704802752597E-01,-5.3170354794531295E+02,1.9429817840544104E+02,3.3740536953987191E+02,4.0113217006673840E+03
0.0140001,5.2842850426552536E+02,-6.6885688945193033E+02,6.6865320272099768E+02,2.0368673093268511E-01,-5.3376494816424588E+02,1.6503900677251679E+02,3.6872594139172918E+02,4.2904295877180493E+03
0.0142001,5.3083984716170426E+02,-6.9270962199738062E+02,6.9244615944201416E+02,2.6346255536647761E-01,-5.3622393187936461E+02,1.3638055652529755E+02,3.9984337535406706E+02,4.4709397760049887E+03
0.0144001,5.3343849864949334E+02,-6.9637663617689248E+02,6.9605443756343368E+02,3.2219861345884404E-01,-5.3882985345488169E+02,1.0831545889887315E+02,4.3051439455600848E+02,4.5197185412708532E+03
0.0146001,5.3593102613620385E+02,-6.7630684962512851E+02,6.7592718652430608E+02,3.7966310082244775E-01,-5.4128217895914804E+02,8.0809349236989590E+01,4.6047282972215851E+02,4.4110006078081769E+03
0.0148001,5.3798065919891928E+02,-6.2956317020965434E+02,6.2912754097827565E+02,4.3562923137869536E-01,-5.4323826469118330E+02,5.3804298841846105E+01,4.8943396584933720E+02,4.1301225708526063E+03
0.0150001,5.3921600485139834E+02,-5.5389913719718811E+02,5.5340926106480936E+02,4.8987613237877553E-01,-5.4432222571142984E+02,2.7222801728505857E+01,5.1709942398292389E+02,3.6767081591048823E+03
0.0152001,5.3924068009360712E+02,-4.4781965666956791E+02,4.4727746695348043E+02,5.4218971608749666E-01,-5.4413468984186022E+02,9.7221578259484431E-01,5.4316247405926538E+02,3.0668823422370497E+03
0.0154001,5.3770380797083749E+02,-3.2439149817787967E+02,2.9621599642430243E+02,2.8175501753577244E+01,-5.4232333143830022E+02,2.6804022663054639E-01,5.4205529121166967E+02,2.3619323276806158E+03
0.0156001,5.3450254606544308E+02,-1.9805854918276071E+02,8.5354515793737164E+01,1.1270403338902354E+02,-5.3878488184299181E+02,-2.7349490245796915E-02,5.3881223133323761E+02,1.7117324014980632E+03
0.0158001,5.2999349637748924E+02,-1.6071674822049468E+02,2.6350999090596450E-01,1.6045323822958872E+02,-3.9891192623626830E+02,-1.3540167182057650E+02,5.3431359805684474E+02,1.4329846825830091E+03
0.0160001,5.2561705232928989E+02,-1.8926789953842211E+02,2.0373490448171722E-01,1.8906416463394041E+02,-3.6686471649925147E+02,-1.6312960828283357E+02,5.2999432478208507E+02,1.5417692209536549E+03
0.0162001,5.2175406187303224E+02,-2.3690347419867740E+02,1.4315576946711561E-01,2.3676031842921029E+02,-3.3469129315383321E+02,-1.9153538053109133E+02,5.2622667368492455E+02,1.7524057903817986E+03
0.0164001,5.1862764116121411E+02,-2.9885594378335691E+02,8.2011664032082904E-02,2.9877393211932480E+02,-3.0261798561445767E+02,-2.2060623957079278E+02,5.2322422518525048E+02,2.0517114207830491E+03
0.0166001,5.1639495835775597E+02,-3.7002257780062479E+02,2.0543896026685476E-02,3.7000203390459808E+02,-2.7083892900556123E+02,-2.5029501243500027E+02,5.2113394144056156E+02,2.4227996534233303E+03
0.0168001,5.1514361744816529E+02,-4.4509409599751422E+02,-4.1004949350715733E-02,4.4513510094686495E+02,-2.3951390855653040E+02,-2.8051889891215444E+02,5.2003280746868484E+02,2.8430415581416023E+03
0.0170001,5.1488978894513093E+02,-5.1868754090111031E+02,-1.0239196692641005E-01,5.1878993286803677E+02,-2.0876707914230445E+02,-3.1115914846057899E+02,5.1992622760288350E+02,3.2832098381442306E+03
0.0172001,5.1557812367217366E+02,-5.8548035645813127E+02,-1.6337489018709142E-01,5.8564373134831840E+02,-1.7868657693591535E+02,-3.4206163049773357E+02,5.2074820743364899E+02,3.7079680913461284E+03
0.0174001,5.1708344543285739E+02,-6.4034264195453579E+02,-2.2371304739509909E-01,6.4056635500193090E+02,-1.4932501993756728E+02,-3.7303829104549004E+02,5.2236331098305732E+02,4.0777057867189214E+03
0.0176001,5.1921417822636658E+02,-6.7846460110642886E+02,-2.8316831140981885E-01,6.7874776941783864E+02,-1.2070087411726138E+02,-4.0386946869510848E+02,5.2457034281236986E+02,4.3515580075014068E+03
0.0178001,5.2171742464369254E+02,-6.9547632297211669E+02,-3.4150603946671226E-01,6.9581782901158340E+02,-9.2800642499087701E+01,-4.3430702347149787E+02,5.2710766597058557E+02,4.4913037245182459E+03
0.0180001,5.2428557503510729E+02,-6.8755721133432405E+02,-3.9849599920511602E-01,6.8795570733352918E+02,-6.5581816153726777E+01,-4.6407821385444345E+02,5.2966003000817022E+02,4.4657218929047704E+03
0.0182001,5.2656429279646818E+02,-6.5153261824122274E+02,-4.5391327729018016E-01,6.5198653151851295E+02,-3.8976509156090970E+01,-4.9289024035909455E+02,5.3186674951518557E+02,4.2549126419716385E+03
0.0184001,5.2816169043012178E+02,-5.8495552998074334E+02,-5.0753916704305235E-01,5.8546306914778643E+02,-1.2895684477402369E+01,-5.2043535905911403E+02,5.3333104353651640E+02,3.8540688248028841E+03
0.0186001,5.2866737300296950E+02,-4.8234061788115008E+02,-8.2170621068221532E+00,4.9055767998797222E+02,-4.7412308165121431E-01,-5.3316508191260937E+02,5.3363920499426058E+02,3.2772318845516993E+03
0.0188001,5.2783867260614898E+02,-3.2173765835099016E+02,-6.5585235563052336E+01,3.8732289391404248E+02,-2.5615216663584306E-01,-5.3229051660643677E+02,5.3254666877307261E+02,2.6461309700730812E+03
0.0190001,5.2559321882941413E+02,-9.9893224548348030E+01,-1.7795838029375915E+02,2.7785160484210718E+02,7.8065077680435024E-02,-5.3004796917336193E+02,5.2996990409568161E+02,2.0621508527497463E+03
0.0192001,5.2221351646322069E+02,-2.4368893844143713E-01,-2.5234561124616263E+02,2.5258930018460407E+02,1.4151410815680242E+02,-5.2671739844373656E+02,3.8520329028693419E+02,1.8508951835036648E+03
0.0194001,5.1917327953042172E+02,-1.8361944816405185E-01,-2.9701401849067196E+02,2.9719763793883601E+02,1.7007340623190549E+02,-5.2376644424712754E+02,3.5369303801522199E+02,2.0577509588490407E+03
0.0196001,5.1683654433764127E+02,-1.2282529581261770E-01,-3.5711222416008889E+02,3.5723504945590150E+02,1.9936221529353656E+02,-5.2154984922486369E+02,3.2218763393132718E+02,2.3612473242603883E+03
0.0198001,5.1537574796944273E+02,-6.1546408132073793E-02,-4.2759709134288033E+02,4.2765863775101241E+02,2.2934174720720205E+02,-5.2022996409282450E+02,2.9088821688562246E+02,2.7442242062151358E+03
0.0200001,5.1489432265693222E+02,-2.4624896525438089E-05,-5.0318307605863725E+02,5.0318310068353378E+02,2.5993751255927572E+02,-5.1989965003970178E+02,2.5996213748042607E+02,3.1839637144867797E+03
0.0202001,5.1542434442115973E+02,6.1497255522226624E-02,-5.7847464470716193E+02,5.7841314745163970E+02,2.9103875461410121E+02,-5.2058019220878191E+02,2.2954143759468062E+02,3.6510727264946913E+03
0.0204001,5.1692596435659584E+02,1.2277643436891594E-01,-6.4810074169439736E+02,6.4797796526002844E+02,3.2249877853090686E+02,-5.2222099991658615E+02,1.9972222138567926E+02,4.1096967278182037E+03
0.0206001,5.1928862956129842E+02,1.8357107072029066E-01,-7.0684826501944372E+02,7.0666469394872342E+02,3.5413617441086012E+02,-5.2470109453054249E+02,1.7056492011968234E+02,4.5191062063412764E+03
0.0208001,5.2233406029724256E+02,2.4364123592113174E-01,-7.4979153976400846E+02,7.4954789852808733E+02,3.8573691256562643E+02,-5.2783234556912885E+02,1.4209543300350239E+02,4.8365326491981314E+03
0.0210001,5.2582091041809008E+02,3.0274986047299990E-01,-7.7241487835736530E+02,7.7211212849689230E+02,4.1705726973110757E+02,-5.3136437623965753E+02,1.1430710650855002E+02,5.0209790661566858E+03
0.0212001,5.2945100030833396E+02,3.6066366963882501E-01,-7.7072547978097668E+02,7.7036481611133786E+02,4.4782752623216891E+02,-5.3499102216220376E+02,8.7163495930034941E+01,5.0376052397838312E+03
0.0214001,5.3287697637093743E+02,4.1715410407221043E-01,-7.4135414369392231E+02,7.4093698958985010E+02,4.7775635674747491E+02,-5.3835819226905255E+02,6.0601835521577556E+01,4.8622032165960918E+03
0.0216001,5.3571121925460784E+02,4.7199822183631568E-01,-6.8164155464182170E+02,6.8116955641998538E+02,5.0653582170778316E+02,-5.4107294958150078E+02,3.4537127873717623E+01,4.4852427192816494E+03
0.0218001,5.3753579522340965E+02,5.2497957825448793E-01,-5.8970821968656071E+02,5.8918324010830622E+02,5.3384685283367412E+02,-5.4271360243380695E+02,8.8667496001328345E+00,3.9149833515770611E+03
0.0220001,5.3793228807661353E+02,1.3278945547692672E+01,-4.7085269402478468E+02,4.5757374847709201E+02,5.4241533536856252E+02,-5.4285962972719756E+02,4.4429435863503386E-01,3.1859990620168219E+03
0.0222001,5.3668811924693159E+02,7.8682831979976925E+01,-3.4468022226370755E+02,2.6599739028373062E+02,5.4111040050265547E+02,-5.4129771487364485E+02,1.8731437098938386E-01,2.4417896613679618E+03
0.0224001,5.3372011961592943E+02,1.9879624275287819E+02,-2.1219764055917270E+02,1.3401397806294513E+01,5.3813003764908422E+02,-5.3794464298953221E+02,-1.8539465955194601E-01,1.7912891201756133E+03
0.0226001,5.2986589763958864E+02,2.2225725818138125E+02,-2.2248101917733584E+02,2.2376099595458840E-01,5.3430956774148194E+02,-3.7903539372842130E+02,-1.5527417401306070E+02,1.7174188327738714E+03
0.0228001,5.2637012856422871E+02,2.5875436305525511E+02,-2.5891778650554301E+02,1.6342345028786995E-01,5.3088673945692142E+02,-3.4715517658403917E+02,-1.8373156287288228E+02,1.8774566498486552E+03
0.0230001,5.2346645864424795E+02,3.1033979869650699E+02,-3.1044223964343092E+02,1.0244094692394615E-01,5.2808618512994417E+02,-3.1526361724736739E+02,-2.1282256788257678E+02,2.1266297964093847E+03
0.0232001,5.2132395329373662E+02,3.7214870005203915E+02,-3.7218975420798250E+02,4.1054155943334503E-02,5.2606724035680304E+02,-2.8356071867712620E+02,-2.4250652167967684E+02,2.4480676528778713E+03
0.0234001,5.2004510698008744E+02,4.3908165574909958E+02,-4.3906116109206465E+02,-2.0494657034923688E-02,5.2492220082962081E+02,-2.5221376165003028E+02,-2.7270843917959047E+02,2.8202560732350321E+03
0.0236001,5.1966356927410720E+02,5.0593300328522417E+02,-5.0585104069825917E+02,-8.1962586964984138E-02,5.2467430498021645E+02,-2.2135581802636364E+02,-3.0331848695385281E+02,3.2159796140982298E+03
0.0238001,5.2014359788415095E+02,5.6752108619986507E+02,-5.6737797915185558E+02,-1.4310704800944130E-01,5.2527744752845729E+02,-1.9108512820605557E+02,-3.3419231932240166E+02,3.6024841503991970E+03
0.0240001,5.2138124512915442E+02,6.1881752451769682E+02,-6.1861383778678203E+02,-2.0368673091480421E-01,5.2661762449258924E+02,-1.6146534494562894E+02,-3.6515227954696030E+02,3.9429003444621735E+03
0.0242001,5.2320724512890774E+02,6.5507258155572822E+02,-6.5480911900037938E+02,-2.6346255534887059E-01,5.2851607110614759E+02,-1.3252662614749261E+02,-3.9598944495865504E+02,4.1988154628562770E+03
0.0244001,5.2539153067202096E+02,6.7193380670148917E+02,-6.7161160808804755E+02,-3.2219861344158041E-01,5.3073401596126382E+02,-1.0426754016069606E+02,-4.2646647580056776E+02,4.3337393799076181E+03
0.0246001,5.2764927211085956E+02,6.6555529264235508E+02,-6.6517562954154948E+02,-3.7966310080559579E-01,5.3297893840483289E+02,-7.6657728968258027E+01,-4.5632120943657492E+02,4.3170945587228716E+03
0.0248001,5.2964829653685342E+02,6.3269510302756657E+02,-6.3225947379620425E+02,-4.3562923136232107E-01,5.3491218255319814E+02,-4.9641257781040679E+01,-4.8527092477215746E+02,4.1282811659446052E+03
0.0250001,5.3101771465809588E+02,5.7079869765885655E+02,-5.7030882152649360E+02,-4.8987613236294414E-01,5.3615775100181554E+02,-2.3140564381614354E+01,-5.1301718662020107E+02,3.7603354764251562E+03
0.0252001,5.3135770494872145E+02,4.7831668221239647E+02,-4.7727411340548286E+02,-1.0425688069136354E+00,5.3631222407441032E+02,-4.7623106836749685E-01,-5.3583599300604283E+02,3.2200512851576168E+03
0.0254001,5.3034131786071453E+02,3.7173371630041174E+02,-3.3459520278056601E+02,-3.7138513519845759E+01,5.3504657739190031E+02,-2.9745639180430317E-01,-5.3474912100009601E+02,2.5854177526096109E+03
0.0256001,5.2787604039405664E+02,2.6079858084498005E+02,-1.3138368357528410E+02,-1.2941489726969596E+02,5.3226715851527797E+02,-1.9687843367819369E-03,-5.3226518973094119E+02,1.9843436786992415E+03
0.0258001,5.2410345817947905E+02,2.1067852720172172E+02,-2.6350999092357097E-01,-2.1041501721079814E+02,3.9601687476511842E+02,1.3250662033181999E+02,-5.2852349509693840E+02,1.6543709422034876E+03
0.0260001,5.2045500725949978E+02,2.4827483398584025E+02,-2.0373490449959822E-01,-2.4807109908134063E+02,3.6434270601077742E+02,1.6060759777647837E+02,-5.2495030378725573E+02,1.8158881871917552E+03
0.0262001,5.1743187936381787E+02,3.0361861581053660E+02,-1.4315576948519998E-01,-3.0347546004105141E+02,3.3259692130534324E+02,1.8944100866451691E+02,-5.2203792996986022E+02,2.0801225072921225E+03
0.0264001,5.1523821800057817E+02,3.7177613265232446E+02,-8.2011664050299013E-02,-3.7169412098827416E+02,3.0099619754861635E+02,2.1898445148673528E+02,-5.1998064903535169E+02,2.4324106969675522E+03
0.0266001,5.1401022514293368E+02,4.4751228513573813E+02,-2.0543896044961655E-02,-4.4749174123969317E+02,2.6972405442186437E+02,2.4918013783302723E+02,-5.1890419225489154E+02,2.8533029891348524E+03
0.0268001,5.1381301599209519E+02,5.2542208464762507E+02,4.1004949332450920E-02,-5.2546308959695750E+02,2.3892893707655003E+02,2.7993392741390937E+02,-5.1886286449045940E+02,3.3168503797261119E+03
0.0270001,5.1463925277443559E+02,6.0006552243093847E+02,1.0239196690822999E-01,-6.0016791439784674E+02,2.0872318921673471E+02,3.1111525851682927E+02,-5.1983844773356395E+02,3.7901754910038021E+03
0.0272001,5.1640958250713220E+02,6.6610278206755243E+02,1.6337489016906634E-01,-6.6626615695772148E+02,1.7918292787593629E+02,3.4255798141972946E+02,-5.2174090929566569E+02,4.2344430896362746E+03
0.0274001,5.1897486286682670E+02,7.1842674231398439E+02,2.2371304737730149E-01,-7.1865045536136165E+02,1.5034881079431062E+02,3.7406208188443577E+02,-5.2441089267874645E+02,4.6071794666491160E+03
0.0276001,5.2212011998416847E+02,7.5228978763374494E+02,2.8316831139231863E-01,-7.5257295594513721E+02,1.2222766721167579E+02,4.0539626177202251E+02,-5.2762392898369831E+02,4.8657279406097714E+03
0.0278001,5.2557014305796861E+02,7.6342208018934321E+02,3.4150603944957791E-01,-7.6376358622879275E+02,9.4794943551349832E+01,4.3630132450662569E+02,-5.3109626805797552E+02,4.9714869957179635E+03
0.0280001,5.2899658399682971E+02,7.4813864627210921E+02,3.9849599918841611E-01,-7.4853714227129763E+02,6.7997897306289985E+01,4.6649429499030680E+02,-5.3449219229659684E+02,4.8944721755922055E+03
0.0282001,5.3202639666082450E+02,7.0343288753473576E+02,4.5391327727397979E-01,-7.0388680081200971E+02,4.1759455851664228E+01,4.9567318703846740E+02,-5.3743264289013155E+02,4.6176835964991069E+03
0.0284001,5.3425142042909170E+02,6.2705443705197774E+02,5.0753916702741542E-01,-6.2756197621900515E+02,1.5982642259954105E+01,5.2352231682602905E+02,-5.3950495908598316E+02,4.1407542062421089E+03
0.0286001,5.3524273829603408E+02,5.1538546105695639E+02,4.9262444922380242E+00,-5.2031170554919436E+02,5.1045870610596467E-01,5.3976689723643995E+02,-5.4027735594254591E+02,3.4802777928715932E+03
0.0288001,5.3471086248454662E+02,3.4719554553448370E+02,5.4828379129780245E+01,-4.0202392466426397E+02,2.9236687403783890E-01,5.3916663691084136E+02,-5.3945900378487909E+02,2.7542208516834953E+03
0.0290001,5.3255846033931562E+02,1.1757270072140429E+02,1.5954362763783237E+02,-2.7711632835923666E+02,-4.1970884945556008E-02,5.3699404674280549E+02,-5.3695207585786000E+02,2.0785839835093502E+03
0.0292001,5.2901737265629140E+02,2.4368893845914386E-01,2.3130417984424142E+02,-2.3154786878270056E+02,-1.4489498803027445E+02,5.3347915820838762E+02,-3.8858417017811314E+02,1.7642742842172120E+03
0.0294001,5.2562252766975803E+02,1.8361944818201437E-01,2.6499647242102520E+02,-2.6518009186920722E+02,-1.7326600632929856E+02,5.3015164445987602E+02,-3.5688563813057749E+02,1.9105520670605756E+03
0.0296001,5.2278956039316495E+02,1.2282529583075075E-01,3.1486432816217581E+02,-3.1498715345800656E+02,-2.0229646950547166E+02,5.2741835766686700E+02,-3.2512188816139542E+02,2.1509626427034100E+03
0.0298001,5.2070237088913245E+02,6.1546408150320531E-02,3.7608865243414135E+02,-3.7615019884229167E+02,-2.3195354494390563E+02,5.2545355958447840E+02,-2.9350001464057277E+02,2.4692096981065083E+03
0.0300001,5.1947869824876943E+02,2.4624914829018962E-05,4.4358571763291144E+02,-4.4358574225782627E+02,-2.6217009846284316E+02,5.2436482186514013E+02,-2.6219472340229703E+02,2.8445982432455676E+03
0.0302001,5.1916744289760663E+02,-6.1497255504036730E-02,5.1213518607304900E+02,-5.1207368881754496E+02,-2.9284396070784032E+02,5.2419060441444992E+02,-2.3134664370660960E+02,3.2507192072201724E+03
0.0304001,5.1974771688642340E+02,-1.2277643435072605E-01,5.7651078725764228E+02,-5.7638801082329155E+02,-3.2383806208212894E+02,5.2489956703722032E+02,-2.0106150495509138E+02,3.6553398427016755E+03
0.0306001,5.2112963779330425E+02,-1.8357107070221446E-01,6.3161068922295692E+02,-6.3142711815225471E+02,-3.5498143917625953E+02,5.2639162407941762E+02,-1.7141018490315804E+02,4.0215754219478499E+03
0.0308001,5.2315684243071837E+02,-2.4364123590351028E-01,6.7258462034092372E+02,-6.7234097910502021E+02,-3.8607109595855610E+02,5.2850071237260954E+02,-1.4242961641405344E+02,4.3102626846567018E+03
0.0310001,5.2561065777967929E+02,-3.0274986045571950E-01,6.9495488000721571E+02,-6.9465213014675999E+02,-4.1687468369262422E+02,5.3099920417997123E+02,-1.1412452048734707E+02,4.4833083973714520E+03
0.0312001,5.2821582932138472E+02,-3.6066366962188567E-01,6.9472852200583361E+02,-6.9436785833621173E+02,-4.4713394508361603E+02,5.3360385988203757E+02,-8.6469914798421485E+01,4.5076620297144309E+03
0.0314001,5.3064767202824964E+02,-4.1715410405709008E-01,6.6849819958886815E+02,-6.6808104548481106E+02,-4.7656885092662378E+02,5.3598318064247064E+02,-5.9414329715846804E+01,4.3594725529120615E+03
0.0316001,5.3254047747825211E+02,-4.7199822182369644E-01,6.1352942170062170E+02,-6.1305742347879800E+02,-5.0488234191920515E+02,5.3776599001696400E+02,-3.2883648097758851E+01,4.0279449390698414E+03
0.0318001,5.3349698256782108E+02,-5.2497957824402874E-01,5.2783227933979447E+02,-5.2730729976155044E+02,-5.3176557466098791E+02,5.3855104609889383E+02,-6.7854714379059260E+00,3.5184170537179798E+03
0.0320001,5.3312619759175072E+02,-1.6885619605076556E+01,4.1836224114946276E+02,-4.0147662154438621E+02,-5.3756037076593680E+02,5.3794496138328554E+02,-3.8459061734863553E-01,2.8658093736179640E+03
0.0322001,5.3125787808033579E+02,-8.7969154198302789E+01,3.0374774703625155E+02,-2.1577859283794876E+02,-5.3564852407516821E+02,5.3577633338599856E+02,-1.2780931083034375E-01,2.2114415719077324E+03
0.0324001,5.2783960807215522E+02,-1.9902729820070843E+02,1.9931051365991112E+02,-2.8321545920270175E-01,-5.3223688180752583E+02,4.0772631211270175E+02,1.2451056969482408E+02,1.6147634220905134E+03
0.0326001,5.2396482919693744E+02,-2.2577169629392040E+02,2.2599545728987874E+02,-2.2376099595834917E-01,-5.2841553997015205E+02,3.7608837984463668E+02,1.5232716012551538E+02,1.7190568569090970E+03
0.0328001,5.2058120378141189E+02,-2.7200053017039477E+02,2.7216395362068437E+02,-1.6342345028957192E-01,-5.2512431855968066E+02,3.4427396613626968E+02,1.8085035242341092E+02,1.9293315139524361E+03
0.0330001,5.1791749161133271E+02,-3.3299177149348014E+02,3.3309421244040368E+02,-1.0244094692353849E-01,-5.2258253309524196E+02,3.1251179122981250E+02,2.1007074186542945E+02,2.2319188793774256E+03
0.0332001,5.1613701631569552E+02,-4.0367336517287100E+02,4.0371441932881180E+02,-4.1054155940791738E-02,-5.2094336301981775E+02,2.8099878000736220E+02,2.3994458301245555E+02,2.6096098136722958E+03
0.0334001,5.1533384664620689E+02,-4.7875120911599919E+02,4.7873071445895960E+02,2.0494657039603931E-02,-5.2029028894564635E+02,2.4989780570570292E+02,2.7039248323994343E+02,3.0395386253951406E+03
0.0336001,5.1553071809713083E+02,-5.5284171877113579E+02,5.5275975618416396E+02,8.1962586971777385E-02,-5.2063527940608867E+02,2.1933630523590315E+02,3.0129897417018549E+02,3.4922255536937669E+03
0.0338001,5.1667873595623746E+02,-6.2060596802527266E+02,6.2046286097725431E+02,1.4310704801829824E-01,-5.2191876218774178E+02,1.8940578553126932E+02,3.3251297665647252E+02,3.9319561339769034E+03
0.0340001,5.1865886052289125E+02,-6.7688237303743472E+02,6.7667868630650912E+02,2.0368673092565059E-01,-5.2401137491199984E+02,1.6016222014991098E+02,3.6384915476208886E+02,4.3185153492706659E+03
0.0342001,5.2128513499308269E+02,-7.1681492808916755E+02,7.1655146553380598E+02,2.6346255536160862E-01,-5.2671744938412121E+02,1.3162731528011034E+02,3.9509013410401093E+02,4.6101320022521941E+03
0.0344001,5.2430957728685371E+02,-7.3597411135097275E+02,7.3565191273751668E+02,3.2219861345608619E-01,-5.2978014522121975E+02,1.0379060478342117E+02,4.2598954043779861E+02,4.7673406977889126E+03
0.0346001,5.2742861974964512E+02,-7.3046775096352667E+02,7.3008808786270492E+02,3.7966310082172516E-01,-5.3288811127174017E+02,7.6612315393646981E+01,4.5627579587809328E+02,4.7573500813495539E+03
0.0348001,5.3029094601889392E+02,-6.9703937398007804E+02,6.9660374474869809E+02,4.3562923137990622E-01,-5.3568351916315737E+02,5.0026926077227756E+01,4.8565659308592967E+02,4.5584285871631018E+03
0.0350001,5.3250654317187605E+02,-6.3315184716855515E+02,6.3266197103617333E+02,4.8987613238179617E-01,-5.3777128271225490E+02,2.3947330227408116E+01,5.1382395248484681E+02,4.1637910168135422E+03
0.0352001,5.3365680534635544E+02,-5.3716611463733352E+02,5.3640059811589811E+02,7.6551652143543580E-01,-5.3872929567300775E+02,5.3563454595990834E-01,5.3819366112704779E+02,3.5825030450786085E+03
0.0354001,5.3338588441709567E+02,-4.2444460443722517E+02,3.9055357426802789E+02,3.3891030169197258E+01,-5.3819980701010957E+02,3.5666218743665468E-01,5.3784314482267291E+02,2.8883095673886587E+03
0.0356001,5.3157373760909786E+02,-3.0583616612559365E+02,1.8340689147359740E+02,1.2242927465199628E+02,-5.3606190903105039E+02,6.0977555844033304E-02,5.3600093147520636E+02,2.2164053551779084E+03
0.0358001,5.2821948599284633E+02,-2.2306161349465580E+02,2.6350999089437599E-01,2.2279810350376144E+02,-3.9808726761509058E+02,-1.3457701321098725E+02,5.3266428082607786E+02,1.7254836662981536E+03
0.036,5.2469119624451127E+02,-2.5363645605446968E+02,2.0376501272927408E-01,2.5343269104174041E+02,-3.6648121199864340E+02,-1.6271599550456037E+02,5.2919720750320380E+02,1.8538061468207588E+03
0.0362,5.2169208934700941E+02,-3.0187548290133344E+02,1.4318622022234728E-01,3.0173229668111111E+02,-3.3474050427414090E+02,-1.9155414086571656E+02,5.2629464513985749E+02,2.0821281055105819E+03
0.0364,5.1942797309242917E+02,-3.6299247920038158E+02,8.2042337119732175E-02,3.6291043686326185E+02,-3.0309762379483925E+02,-2.2105520463285202E+02,5.2415282842769125E+02,2.3952263789355457E+03
0.0366,5.1803695064278668E+02,-4.3190804890145660E+02,2.0574670394063979E-02,4.3188747423106253E+02,-2.7173719609899058E+02,-2.5116250513027680E+02,5.2289970122926729E+02,2.7738475421623280E+03
0.0368,5.1758808212041060E+02,-5.0336750753509716E+02,-4.0974195155980352E-02,5.0340848173025313E+02,-2.4080978889882266E+02,-2.8178402502895722E+02,5.2259381392777982E+02,3.1929992033629087E+03
0.037,5.1807992410503664E+02,-5.7207244103882135E+02,-1.0236135427706361E-01,5.7217480239309839E+02,-2.1043083470355151E+02,-3.1279229134186693E+02,5.2322312604541844E+02,3.6214678590840367E+03
0.0372,5.1944083024712370E+02,-6.3281281195224346E+02,-1.6334453989724793E-01,6.3297615649214072E+02,-1.8068043391377114E+02,-3.4402513715539561E+02,5.2470557106916681E+02,4.0226478214914860E+03
0.0374,5.2153100031277302E+02,-6.8059662804709910E+02,-2.2368307924344150E-01,6.8082031112634252E+02,-1.5160403095164213E+02,-3.7528733387793920E+02,5.2689136482958133E+02,4.3566446686370855E+03
0.0376,5.2414622553203003E+02,-7.1077425258484652E+02,-2.8313884366688857E-01,7.1105739142851337E+02,-1.2321393632868467E+02,-4.0635306313413372E+02,5.2956699946281833E+02,4.5834622399430355E+03
0.0378,5.2702323996845087E+02,-7.1915456421204908E+02,-3.4147718842815272E-01,7.1949604140047722E+02,-9.5491648592498393E+01,-4.3696917849749798E+02,5.3246082708999643E+02,4.6669468696023214E+03
0.038,5.2984655160767977E+02,-7.0211036494110954E+02,-3.9846787873270040E-01,7.0250883281984227E+02,-6.8390912254303430E+01,-4.6685918945448401E+02,5.3525010170878750E+02,4.5790599816324584E+03
0.0382,5.3225659376964131E+02,-6.5667068229560118E+02,-4.5388599836245691E-01,6.5712456829396365E+02,-4.1841431473160299E+01,-4.9572788372116167E+02,5.3756931519432192E+02,4.3039908755235892E+03
0.0384,5.3385900800880324E+02,-5.8059791084682320E+02,-5.0751283731736352E-01,5.8110542368414053E+02,-1.5753144817499219E+01,-5.2326648964719254E+02,5.3901963446469176E+02,3.8416118978434597E+03
0.0386,5.3423918512624721E+02,-4.7007261150629438E+02,-5.3085992941184621E+00,4.7538121080041282E+02,-4.6476354744856962E-01,-5.3871879797835868E+02,5.3918356152580725E+02,3.2079434233086567E+03
0.0388,5.3312706112067349E+02,-3.0350360041384005E+02,-5.6620836592246825E+01,3.6012443700608685E+02,-2.4688251693908114E-01,-5.3754273172447893E+02,5.3778961424141801E+02,2.5213758999456809E+03
0.039,5.3044315583927118E+02,-7.6115179076608513E+01,-1.6336095102707804E+02,2.3947613010368656E+02,8.7245684704726045E-02,-5.3484492363232243E+02,5.3475767794761782E+02,1.8950232856652665E+03
0.0392,5.2660440980324449E+02,-2.4371875220018069E-01,-2.1826713067286855E+02,2.1851084942506873E+02,1.4366056511005871E+02,-5.3104012613880650E+02,3.8737956102874784E+02,1.6940274342969899E+03
0.0394,5.2306342420223655E+02,-1.8364968382502411E-01,-2.5614058457275274E+02,2.5632423425657777E+02,1.7196248345414153E+02,-5.2757483438280724E+02,3.5561235092866576E+02,1.8591812384760465E+03
0.0396,5.2014140086166788E+02,-1.2285583404923273E-01,-3.1037352009849519E+02,3.1049637593254442E+02,2.0095263247506620E+02,-5.2476122185507620E+02,3.2380858938001006E+02,2.1204713278455438E+03
0.0398,5.1802404507920994E+02,-6.1577128424005423E-02,-3.7604958459111481E+02,3.7611116171953881E+02,2.3059898551262114E+02,-5.2277516102631444E+02,2.9217617551369335E+02,2.4620308020617731E+03
0.04,5.1682959127467313E+02,-5.5406004719316115E-05,-4.4798619196588947E+02,4.4798624737189419E+02,2.6083455754988660E+02,-5.2172452115989847E+02,2.6088996361001188E+02,2.8631730470160642E+03
0.0402,5.1660611861840130E+02,6.1466535076760920E-02,-5.2086474003833348E+02,5.2080327350325672E+02,2.9155667046115718E+02,-5.2164674437907979E+02,2.3009007391792267E+02,3.2970271035171122E+03
0.0404,5.1733062382091521E+02,1.2274589582546014E-01,-5.8936346175559038E+02,5.8924071585976492E+02,3.2262710136547787E+02,-5.2250818415972253E+02,1.9988108279424466E+02,3.7304363539685291E+03
0.0406,5.1890986611461028E+02,1.8354083460087622E-01,-6.4828990195552967E+02,6.4810636112092880E+02,3.5387311670206628E+02,-5.2420521526260541E+02,1.7033209856053907E+02,4.1251954911946841E+03
0.0408,5.2118295939481095E+02,2.4361142155373727E-01,-6.9271002964401498E+02,6.9246641822246124E+02,3.8508937462877452E+02,-5.2656708409263388E+02,1.4147770946385933E+02,4.4405399608818498E+03
0.041,5.2392564711416276E+02,3.0272058552122871E-01,-7.1807108052600518E+02,7.1776835994048395E+02,4.1604065875503215E+02,-5.2936042926855282E+02,1.1331977051352067E+02,4.6366498370945119E+03
0.0412,5.2685615771355424E+02,3.6063504963738069E-01,-7.2031537354815441E+02,7.1995473849851703E+02,4.4646538747307409E+02,-5.3229536467407843E+02,8.5829977201004397E+01,4.6788017007638600E+03
0.0414,5.2964250295972545E+02,4.1712625197112629E-01,-6.9598255499284494E+02,6.9556542874087381E+02,4.7607982568246751E+02,-5.3503298226797392E+02,5.8953156585506406E+01,4.5417105277211467E+03
0.0416,5.3191104932360986E+02,4.7197124755496134E-01,-6.4229798935388169E+02,6.4182601810632673E+02,5.0458290987582870E+02,-5.3719410022592047E+02,3.2611190350091846E+01,4.2135583129137658E+03
0.0418,5.3325616418021878E+02,5.2495358824785399E-01,-5.5724533174872681E+02,5.5672037816047896E+02,5.3166158373291341E+02,-5.3836905426490955E+02,6.7074705319960799E+00,3.6992122108802255E+03
0.042,5.3327827523280826E+02,1.6861638046288988E+01,-4.4775584381604790E+02,4.3089420576975891E+02,5.3774181769457766E+02,-5.3815584984826887E+02,4.1403215369126656E-01,3.0338148004585564E+03
0.0422,5.3179706190872514E+02,8.7533807272751687E+01,-3.3227922656536009E+02,2.4474541929260840E+02,5.3621580292969838E+02,-5.3637301438450686E+02,1.5721145480841869E-01,2.3587003148763984E+03
0.0424,5.2873729777718836E+02,2.1181178748425074E+02,-2.1209503243104714E+02,2.8324494679639822E-01,5.3316013869966719E+02,-4.0820268437036447E+02,-1.2495745432930266E+02,1.6787964513859345E+03
0.0426,5.2502204102899168E+02,2.3687650467534885E+02,-2.3710029563882691E+02,2.2379096347805202E-01,5.2949495931230558E+02,-3.7664307329054867E+02,-1.5285188602175691E+02,1.7765397103064056E+03
0.0428,5.2177390265502243E+02,2.8118718432418632E+02,-2.8135063812428575E+02,1.6345380009945079E-01,5.2633538836817979E+02,-3.4489467596063361E+02,-1.8144071240754624E+02,1.9793627837788295E+03
0.043,5.1921874696268253E+02,3.4006509559389553E+02,-3.4016756715314227E+02,1.0247155924675762E-01,5.2389793250875016E+02,-3.1318479711348226E+02,-2.1071313539526790E+02,2.2731174260717125E+03
0.0432,5.1751760841072087E+02,4.0848565059504796E+02,-4.0852673550501248E+02,4.1084909964497131E-02,5.2233357694563551E+02,-2.8170926399750073E+02,-2.4062431294813479E+02,2.6402504938603679E+03
0.0434,5.1676292145229911E+02,4.8120531900434224E+02,-4.8118485512165478E+02,-2.0463882687493593E-02,5.2172426913923448E+02,-2.5063018299393929E+02,-2.7109408614529519E+02,3.0577591506162262E+03
0.0436,5.1697647605363204E+02,5.5289306231410615E+02,-5.5281113040036257E+02,-8.1931913743570575E-02,5.2208113718873324E+02,-2.2007457075666542E+02,-3.0200656643206781E+02,3.4962797140424213E+03
0.0438,5.1810913927782747E+02,6.1826330453353182E+02,-6.1812022793656456E+02,-1.4307659696721320E-01,5.2334447735668095E+02,-1.9013386865650699E+02,-3.3321060870017396E+02,3.9204835373532223E+03
0.044,5.2004234331139401E+02,6.7220743196880483E+02,-6.7200377534657673E+02,-2.0365662222807437E-01,5.2538550509086099E+02,-1.6086433960318408E+02,-3.6452116548767691E+02,4.2907957713205196E+03
0.0442,5.2259130042408515E+02,7.0992085742984966E+02,-7.0965742452200686E+02,-2.6343290784281514E-01,5.2800982410491247E+02,-1.3228832641472644E+02,-3.9572149769018597E+02,4.5662935934719117E+03
0.0444,5.2550986647689570E+02,7.2702279266550215E+02,-7.2670062312138089E+02,-3.2216954412128762E-01,5.3096252942028673E+02,-1.0439633156488856E+02,-4.2656619785539812E+02,4.7084955366634040E+03
0.0446,5.2849693758872399E+02,7.1966604439370201E+02,-7.1928640966930766E+02,-3.7963472439430529E-01,5.3393482361102576E+02,-7.7149859791187851E+01,-4.5678496381983791E+02,4.6856374911086168E+03
0.0448,5.3120423025566208E+02,6.8463437995595007E+02,-6.8419877829610141E+02,-4.3560165984866017E-01,5.3657199163769224E+02,-5.0484948093903938E+01,-4.8608704354378830E+02,4.4769555937165451E+03
0.045,5.3324526434188442E+02,6.1942529307717211E+02,-6.1893544360261319E+02,-4.8984947455896122E-01,5.3848254935075056E+02,-2.4316292471402335E+01,-5.1416625687934823E+02,4.0764694720162865E+03
0.0452,5.3420537147550544E+02,5.2240110039453816E+02,-5.2168939755294696E+02,-7.1170284159119268E-01,5.3924838451969686E+02,-5.2097717373419528E-01,-5.3872740734596277E+02,3.4939934274773086E+03
0.0454,5.3373078668921778E+02,4.0873854257072446E+02,-3.7542567192337111E+02,-3.3312870647353343E+01,5.3851387465905054E+02,-3.4211245916355892E-01,-5.3817176219988687E+02,2.8018791516197225E+03
0.0456,5.3170553875222936E+02,2.8965777331598559E+02,-1.6809623376373818E+02,-1.2156153955224740E+02,5.3616222089154940E+02,-4.6534647676821805E-02,-5.3611568624387269E+02,2.1368855449552202E+03
0.0458,5.2816781761729794E+02,2.1450989599316199E+02,-2.6353963773704153E-01,-2.1424635635542495E+02,3.9806770519136774E+02,1.3452780391495202E+02,-5.3259550910631970E+02,1.6836684828175830E+03
0.046,5.2452499014032571E+02,2.4530649981900399E+02,-2.0376501264269689E-01,-2.4510273480636130E+02,3.6638977912156241E+02,1.6262456271405665E+02,-5.2901434183561901E+02,1.8117408157331492E+03
0.0462,5.2141725948824535E+02,2.9394090134411823E+02,-1.4318622013478513E-01,-2.9379771512398344E+02,3.3459515500218470E+02,1.9140879168132261E+02,-5.2600394668350737E+02,2.0402192243250461E+03
0.0464,5.1905096918489994E+02,3.5562765095607131E+02,-8.2042337031529758E-02,-3.5554560861903980E+02,3.0290175735309748E+02,2.2085933827931274E+02,-5.2376109563241016E+02,2.3542030324687075E+03
0.0466,5.1756646332501236E+02,4.2527415184922251E+02,-2.0574670305570791E-02,-4.2525357717891694E+02,2.7149531897592527E+02,2.5092062809570479E+02,-5.2241594707163006E+02,2.7347193977741731E+03
0.0468,5.1703484301140736E+02,4.9760899390252098E+02,4.0974195244415319E-02,-4.9764996809776540E+02,2.4052741134546807E+02,2.8150164756403768E+02,-5.2202905890950569E+02,3.1570032644031744E+03
0.047,5.1745646132656429E+02,5.6731389468622740E+02,1.0236135436509249E-01,-5.6741625604059254E+02,2.1011434535216895E+02,3.1247580207851342E+02,-5.2259014743068246E+02,3.5899725644942050E+03
0.0472,5.1876118498318817E+02,6.2915625614941609E+02,1.6334453998452197E-01,-6.2931960068940066E+02,1.8033695536566464E+02,3.4368165869456323E+02,-5.2401861406022795E+02,3.9970247817114268E+03
0.0474,5.2081041081345222E+02,6.7811934184972893E+02,2.2368307932961654E-01,-6.7834302492905852E+02,1.5124125959576293E+02,3.7492456260823502E+02,-5.2616582220399800E+02,4.3381219539886979E+03
0.0476,5.2340078566807028E+02,7.0952714246106609E+02,2.8313884375162551E-01,-7.0981028130481775E+02,1.2283996999089879E+02,4.0597909688108484E+02,-5.2881906687198364E+02,4.5729753738389854E+03
0.0478,5.2626953998283966E+02,7.1916112511761924E+02,3.4147718851111553E-01,-7.1950260230613037E+02,9.5114805872809598E+01,4.3659233586077215E+02,-5.3170714173358169E+02,4.6650043108805721E+03
0.048,5.2910130907902339E+02,7.0336625187458515E+02,3.9846787881356266E-01,-7.0376471975339871E+02,6.8019547580463410E+01,4.6648782486150651E+02,-5.3450737244196989E+02,4.5856388442791267E+03
0.0482,5.3153628299208606E+02,6.5914389977586404E+02,4.5388599844090027E-01,-6.5959778577430495E+02,4.1483749980478080E+01,4.9537020230692286E+02,-5.3685395228740094E+02,4.3184760221614815E+03
0.0484,5.3317949600078498E+02,5.8422961404723253E+02,5.0751283739307618E-01,-5.8473712688462558E+02,1.5417021154713780E+01,5.2293036606011981E+02,-5.3834738721483359E+02,3.8627875948543306E+03
0.0486,5.3361579284962613E+02,4.7463162278348125E+02,5.6021621239801691E+00,-4.8023378490746143E+02,4.6902899163052325E-01,5.3810055308031156E+02,-5.3856958207194214E+02,3.2343001688186355E+03
0.0488,5.3257716528250683E+02,3.0869976737093532E+02,5.7565749759424577E+01,-3.6626551713035991E+02,2.5113376647777841E-01,5.3699992297230835E+02,-5.3725105673878613E+02,2.5519286132270458E+03
0.049,5.2998273579309023E+02,8.1855762785438060E+01,1.6486442836509346E+02,-2.4672019115053152E+02,-8.3008582571096667E-02,5.3439325203661804E+02,-5.3431024345404694E+02,1.9274543425807562E+03
0.0492,5.2621843883401527E+02,2.4371875211443239E-01,2.2332506648697583E+02,-2.2356878523909026E+02,-1.4347263798504497E+02,5.3066427180303072E+02,-3.8719163381798575E+02,1.7177112472990550E+03
0.0494,5.2274881671850858E+02,1.8364968373805368E-01,2.6176557658695106E+02,-2.6194922627068911E+02,-1.7181080505675916E+02,5.2727147750107201E+02,-3.5546067244431288E+02,1.8866858491222276E+03
0.0496,5.1990488445883864E+02,1.2285583396146649E-01,3.1643910906650689E+02,-3.1656196490046835E+02,-2.0084044013695325E+02,5.2453683709108418E+02,-3.2369639695413088E+02,2.1517231779121921E+03
0.0498,5.1787059556924703E+02,6.1577128335670750E-02,3.8241997833167915E+02,-3.8248155546001482E+02,-2.3052863134262651E+02,5.2263445259799050E+02,-2.9210582125536399E+02,2.4967785931528342E+03
0.05,5.1676232837025009E+02,5.5405916214112949E-05,4.5451930360516656E+02,-4.5451935901108277E+02,-2.6080745931429669E+02,5.2167032460021335E+02,-2.6086286528591666E+02,2.9009236936566490E+03
0.0502,5.1662624306788553E+02,-6.1466535164981906E-02,5.2741535546385512E+02,-5.2735388892869014E+02,-2.9157328331876028E+02,5.2167997000606488E+02,-2.3010668668730466E+02,3.3370145168642230E+03
0.0504,5.1743739724743341E+02,-1.2274589591334006E-01,5.9578646570893966E+02,-5.9566371981302632E+02,-3.2268691101343398E+02,5.2262780336775472E+02,-1.9994089235432079E+02,3.7716278129197167E+03
0.0506,5.1910063386257752E+02,-1.8354083468784665E-01,6.5444349112880741E+02,-6.5425995029411956E+02,-3.5397465401178732E+02,5.2440828979507683E+02,-1.7043363578328945E+02,4.1663363059680714E+03
0.0508,5.2145321573394574E+02,-2.4361142163945715E-01,6.9845884167292854E+02,-6.9821523025128909E+02,-3.8523025137722595E+02,5.2684883750381664E+02,-1.4161858612659074E+02,4.4802330108151245E+03
0.051,5.2426914121520485E+02,-3.0272058560547066E-01,7.2328916987298612E+02,-7.2298644928738065E+02,-4.1621762358830932E+02,5.2971435885086521E+02,-1.1349673526255583E+02,4.6734627666831639E+03
0.0512,5.2726503791237928E+02,-3.6063504971968996E-01,7.2488896889059151E+02,-7.2452833384087182E+02,-4.4667440079553035E+02,5.3271339123668167E+02,-8.6038990441151327E+01,4.7113914511250032E+03
0.0514,5.3010749598704433E+02,-4.1712625205104814E-01,6.9981253778880875E+02,-6.9939541153675771E+02,-4.7631615175006135E+02,5.3550563432323952E+02,-5.9189482573178225E+01,4.5689527647044179E+03
0.0516,5.3242167041421988E+02,-4.7197124763260945E-01,6.4530203963412839E+02,-6.4483006838649578E+02,-5.0484122399661339E+02,5.3771072838984173E+02,-3.2869504393228283E+01,4.2346683953393649E+03
0.0518,5.3380095330574147E+02,-5.2495358832254624E-01,5.5935969473339628E+02,-5.5883474114507374E+02,-5.3193609214910271E+02,5.3891807102259554E+02,-6.9819788734929489E+00,3.7138447187858073E+03
0.052,5.3384388219762036E+02,-1.6393781037597762E+01,4.4870324064821023E+02,-4.3230945961061246E+02,-5.3830790306752090E+02,5.3872381833017869E+02,-4.1591526265779066E-01,3.0414738811693342E+03
0.0522,5.3236684977276559E+02,-8.6436222293185551E+01,3.3196090070230360E+02,-2.4552467840911805E+02,-5.3678417374473747E+02,5.3694326204176514E+02,-1.5908829702766525E-01,2.3592291296791550E+03
0.0524,5.2929443005315864E+02,-2.1016632906911482E+02,2.1044957404521421E+02,-2.8324497609939248E-01,-5.3371397894786401E+02,4.0847961914597465E+02,1.2523435980188930E+02,1.6723009000353593E+03
0.0526,5.2555116427978783E+02,-2.3433115426151673E+02,2.3455494522490861E+02,-2.2379096339187848E-01,-5.3001899080911915E+02,3.7690508899586860E+02,1.5311390181325055E+02,1.7653502370730685E+03
0.0528,5.2226339382102253E+02,-2.7780132062573654E+02,2.7796477442574871E+02,-1.6345380001217868E-01,-5.2681810683457331E+02,3.4513603515019429E+02,1.8168207168437903E+02,1.9633125097284023E+03
0.053,5.1965789953225476E+02,-3.3591651072391841E+02,3.3601898228307715E+02,-1.0247155915873049E-01,-5.2432878703857523E+02,3.1340022433438116E+02,2.1092856270419401E+02,2.2520558600944041E+03
0.0532,5.1789686643450466E+02,-4.0366876574135051E+02,4.0370985065122659E+02,-4.1084909876060831E-02,-5.2270320045083031E+02,2.8189407570587997E+02,2.4080912474495040E+02,2.6141417357473438E+03
0.0534,5.1707408729551719E+02,-4.7582903786348146E+02,4.7580857398070549E+02,2.0463882775986767E-02,-5.2202468180859228E+02,2.5078038928437155E+02,2.7124429252422073E+02,3.0267692087950222E+03
0.0536,5.1721288737400039E+02,-5.4707831101605768E+02,5.4699637910222589E+02,8.1931913831772896E-02,-5.2230591854531281E+02,2.2018696139085401E+02,3.0211895715445883E+02,3.4608417813886285E+03
0.0538,5.1826581141312715E+02,-6.1214031358306227E+02,6.1199723698600747E+02,1.4307659705477871E-01,-5.2348890320898158E+02,1.9020608153887449E+02,3.3328282167010718E+02,3.8813324433420989E+03
0.054,5.2011607403954997E+02,-6.6591282125637906E+02,6.6570916463406445E+02,2.0365662231465367E-01,-5.2544664646271985E+02,1.6089491024582375E+02,3.6455173621689607E+02,4.2489660912684003E+03
0.0542,5.2258073490202560E+02,-7.0359458952119394E+02,7.0333115661326588E+02,2.6343290792806834E-01,-5.2798660608081900E+02,1.3227671736005314E+02,3.9570988872076589E+02,4.5230797194137785E+03
0.0544,5.2541552105355163E+02,-7.2080506227735884E+02,7.2048289273315402E+02,3.2216954420487992E-01,-5.3085574873729229E+02,1.0434294118159522E+02,4.2651280755569712E+02,4.6653760305213091E+03
0.0546,5.2832118210265708E+02,-7.1369417314888199E+02,7.1331453842440612E+02,3.7963472447590368E-01,-5.3374712474592343E+02,7.7056010317837490E+01,4.5669111442808600E+02,4.6441698633714232E+03
0.0548,5.3095122934837207E+02,-6.7903978516242205E+02,6.7860418350249415E+02,4.3560165992794408E-01,-5.3630780205800556E+02,5.0352853264418542E+01,4.8595494879358694E+02,4.4386509126464516E+03
0.055,5.3292087922366147E+02,-6.1433059740651652E+02,6.1384074793188086E+02,4.8984947463561945E-01,-5.3814797550014509E+02,2.4149005507770426E+01,5.1399896999237467E+02,4.0426585944524213E+03
0.0552,5.3381703398543812E+02,-5.1793482699838751E+02,5.1718836128367980E+02,7.4646571470771150E-01,-5.3885108050560564E+02,5.1644137912757060E-01,5.3833463912647812E+02,3.4655593902911046E+03
0.0554,5.3328903711383441E+02,-4.0521023123523867E+02,3.7140116367832434E+02,3.3809067556914300E+01,-5.3806457315513762E+02,3.3759175852964063E-01,5.3772698139660804E+02,2.7805050548637228E+03
0.0556,5.3122359088247617E+02,-2.8716838905391734E+02,1.6459871093519803E+02,1.2256967811871932E+02,-5.3567428708458726E+02,4.2028990787457587E-02,5.3563225809379981E+02,2.1230348787028825E+03
0.0558,5.2766720098048597E+02,-2.1459505820455254E+02,2.6353963765179084E-01,2.1433151856690074E+02,-3.9781748249307878E+02,-1.3427758130191387E+02,5.3209506379499271E+02,1.6827587502074427E+03
0.056,5.2403106265452323E+02,-2.4622031689354651E+02,2.0376501255611959E-01,2.4601655188099039E+02,-3.6614372964546021E+02,-1.6237851332453187E+02,5.2852224296999202E+02,1.8149972832855549E+03
0.0562,5.2094093625979724E+02,-2.9566036180382133E+02,1.4318622004722126E-01,2.9551717558377413E+02,-3.3435871327924173E+02,-1.9117235004594357E+02,5.2553106332518530E+02,2.0478809972320396E+03
0.0564,5.1860273892711871E+02,-3.5811198026863605E+02,8.2042336943327882E-02,3.5802993793169270E+02,-3.0268012695516393E+02,-2.2063770796958119E+02,5.2331783492474506E+02,2.3665216857659361E+03
0.0566,5.1715615752483257E+02,-4.2846577484299934E+02,2.0574670217077831E-02,4.2844520017278228E+02,-2.7129335806169649E+02,-2.5071866726996899E+02,5.2201202533166543E+02,2.7518723372904560E+03
0.0568,5.1667142042292198E+02,-5.0143486599025931E+02,-4.0974195332851633E-02,5.0147584018559218E+02,-2.4034952623869128E+02,-2.8132376254569732E+02,5.2167328878438866E+02,3.1790108226152961E+03
0.057,5.1714781251225577E+02,-5.7168717118357040E+02,-1.0236135445312081E-01,5.7178953253802354E+02,-2.0996439448177307E+02,-3.1232585129614603E+02,5.2229024577791915E+02,3.6166292966259866E+03
0.0572,5.1851396116393539E+02,-6.3397826159017916E+02,-1.6334454007179580E-01,6.3414160613025092E+02,-1.8021816566024370E+02,-3.4356286907641623E+02,5.2378103473665988E+02,4.0278539248716634E+03
0.0574,5.2062988073582335E+02,-6.8328179468458211E+02,-2.2368307941579282E-01,6.8350547776399787E+02,-1.5115615714206263E+02,-3.7483946024071116E+02,5.2599561738277384E+02,4.3723596078249611E+03
0.0576,5.2329072356455856E+02,-7.1491458502039302E+02,-2.8313884383636229E-01,7.1519772386422937E+02,-1.2279032644400843E+02,-4.0592945341893136E+02,5.2871977986293973E+02,4.6095878897199755E+03
0.0578,5.2623214700190431E+02,-7.2465350434196978E+02,-3.4147718859407961E-01,7.2499498153056390E+02,-9.5101601751984731E+01,-4.3657913182291151E+02,5.3168073357489629E+02,4.7027389340659547E+03
0.058,5.2913716981265998E+02,-7.0884159316000114E+02,-3.9846787889442664E-01,7.0924006103889553E+02,-6.8042953206799098E+01,-4.6651123056870614E+02,5.3455418377550518E+02,4.6231041698991712E+03
0.0582,5.3164435794598648E+02,-6.6448101441264987E+02,-4.5388599851934225E-01,6.6493490041116922E+02,-4.1543124419432104E+01,-4.9542957682431899E+02,5.3697270124375109E+02,4.3542456346696181E+03
0.0584,5.3335715005344593E+02,-5.8931078018614073E+02,-5.0751283746878884E-01,5.8981829302360950E+02,-1.5510929126591805E+01,-5.2302427410771065E+02,5.3853520323430246E+02,3.8955176684395647E+03
0.0586,5.3385871166174002E+02,-4.7939872840291207E+02,-5.4951346023699230E+00,4.8489386300528201E+02,-4.7390311989738620E-01,-5.3834802445261153E+02,5.3882192757250891E+02,3.2627641664785388E+03
0.0588,5.3287821452967205E+02,-3.1314854092965402E+02,-5.7156610405322880E+01,3.7030515133497687E+02,-2.5599167453265181E-01,-5.3730460210859576E+02,5.3756059378312841E+02,2.5747461819286400E+03
0.059,5.3033283750909618E+02,-8.5927672656581763E+01,-1.6409459157267136E+02,2.5002226422925312E+02,7.8166840749190669E-02,-5.3474588528617528E+02,5.3466771844542609E+02,1.9438485949656674E+03
0.0592,5.2658973149827136E+02,-2.4371875202871252E-01,-2.2398089149312926E+02,2.2422461024515798E+02,1.4365893981309097E+02,-5.3103687537340284E+02,3.8737793556031181E+02,1.7219003042701090E+03
0.0594,5.2312468324979818E+02,-1.8364968365108325E-01,-2.6179646778494526E+02,2.6198011746859635E+02,1.7199876888119013E+02,-5.2764740506296346E+02,3.5564863618177333E+02,1.8878260466707957E+03
0.0596,5.2027698635889135E+02,-1.2285583387364341E-01,-3.1584647588280956E+02,3.1596933171668320E+02,2.0102589812619857E+02,-5.2490775298175151E+02,3.2388185485555294E+02,2.1495721999585439E+03
0.0598,5.1823070563698684E+02,-6.1577128247336077E-02,-3.8121903277501906E+02,3.8128060990326640E+02,2.3070748511619831E+02,-5.2299216005679932E+02,2.9228467494060106E+02,2.4910747126718470E+03
0.06,5.1710251251184809E+02,-5.5405827708909783E-05,-4.5273867717461439E+02,4.5273873258044210E+02,2.6097577046451454E+02,-5.2200694681214372E+02,2.6103117634762924E+02,2.8914508512220177E+03
0.0602,5.1693903500717317E+02,6.1466535253316579E-02,-5.2509642017947635E+02,5.2503495364422304E+02,2.9172736008681437E+02,-5.2198812345383840E+02,2.3026076336702403E+02,3.3236671485887105E+03
0.0604,5.1771596229173053E+02,1.2274589600110630E-01,-5.9298237529126766E+02,5.9285962939526655E+02,3.2282338921328727E+02,-5.2290075967969506E+02,2.0007737046640779E+02,3.7544673456426576E+03
0.0606,5.1933891813413936E+02,1.8354083477470340E-01,-6.5121796449670262E+02,6.5103442366192792E+02,3.5409057042930596E+02,-5.2464012254325735E+02,1.7054955211395134E+02,4.1456320882884429E+03
0.0608,5.2164607761116656E+02,2.4361142172517702E-01,-6.9488471656122795E+02,6.9464110513950277E+02,3.8532310804429704E+02,-5.2703455075223894E+02,1.4171144270794190E+02,4.4564820281973061E+03
0.061,5.2441246213251850E+02,3.0272058568948523E-01,-7.1944675936867225E+02,7.1914403878298276E+02,4.1628544153899082E+02,-5.2984999466821341E+02,1.1356455312922259E+02,4.6473846434950447E+03
0.0612,5.2735581013448746E+02,3.6063504980199923E-01,-7.2086425794048978E+02,7.2050362289068778E+02,4.4671576215004154E+02,-5.3279611386339468E+02,8.6080351713353167E+01,4.6838977649948874E+03
0.0614,5.3014388549089665E+02,4.1712625213131105E-01,-6.9569526015136637E+02,6.9527813389923506E+02,4.7633022923220932E+02,-5.3553378920727255E+02,5.9203559975063229E+01,4.5410923478993791E+03
0.0616,5.3240305356971521E+02,4.7197124771014387E-01,-6.4118367825973212E+02,6.4071170701202198E+02,5.0482779727448906E+02,-5.3768387486805852E+02,3.2856077593569495E+01,4.2075528211168848E+03
0.0618,5.3372792663063217E+02,5.2495358839735218E-01,-5.5533145010920396E+02,5.5480649652080660E+02,5.3189555068138156E+02,-5.3883698801234755E+02,6.9414373309660391E+00,3.6885603264275928E+03
0.062,5.3371845211973039E+02,1.6481988305680886E+01,-4.4489803249129443E+02,4.2841604418561354E+02,5.3817875624331896E+02,-5.3859068988726517E+02,4.1193364394626997E-01,3.0191020193494624E+03
0.0622,5.3219287413751294E+02,8.6690623367028422E+01,-3.2850132996632061E+02,2.4181070659929219E+02,5.3660699329097883E+02,-5.3676211321909113E+02,1.5511992811235586E-01,2.3407833907719337E+03
0.0624,5.2907756675887936E+02,2.0889535811277315E+02,-2.0917860303876782E+02,2.8324492599465406E-01,5.3349457414789003E+02,-4.0836989169359344E+02,-1.2512468245429659E+02,1.6655763905847880E+03
0.0626,5.2531985415747374E+02,2.3343796788050261E+02,-2.3366175884380831E+02,2.2379096330570508E-01,5.2978589477844912E+02,-3.7678854093744690E+02,-1.5299735384100228E+02,1.7603328722062010E+03
0.0628,5.2202280739069943E+02,2.7730443197776674E+02,-2.7746788577769166E+02,1.6345379992490414E-01,5.2657652710912032E+02,-3.4501524524383046E+02,-1.8156128186528989E+02,1.9601440811537173E+03
0.063,5.1941339540725778E+02,3.3582559531969912E+02,-3.3592806687876981E+02,1.0247155907070297E-01,5.2408410157195931E+02,-3.1327788155705946E+02,-2.1080622001489982E+02,2.2509339167241887E+03
0.0632,5.1765387203041234E+02,4.0398447682083611E+02,-4.0402556173062374E+02,4.1084909787625926E-02,5.2246083795425375E+02,-2.8177289441337416E+02,-2.4068794354087962E+02,2.6152845190628559E+03
0.0634,5.1683797841515877E+02,4.7654302215455982E+02,-4.7652255827169535E+02,-2.0463882864482301E-02,5.2179000136760533E+02,-2.5066304901963031E+02,-2.7112695234797502E+02,3.0303738335515764E+03
0.0636,5.1698886933875315E+02,5.4817342388035161E+02,-5.4809149196643159E+02,-8.1931913919976215E-02,5.2208409118163945E+02,-2.2007604766491562E+02,-3.0200804351672377E+02,3.4670407955519022E+03
0.0638,5.1805880436753489E+02,6.1359102811674472E+02,-6.1344795151960238E+02,-1.4307659714234305E-01,5.2328479800356877E+02,-1.9010402889238583E+02,-3.3318076911118300E+02,3.8901540999044646E+03
0.064,5.1993060495513976E+02,6.6768582163714393E+02,-6.6748216501474269E+02,-2.0365662240123336E-01,5.2526472374646289E+02,-1.6080394884440540E+02,-3.6446077490205749E+02,4.2603033107810334E+03
0.0642,5.2242083864928577E+02,7.0564953484512591E+02,-7.0538610193711258E+02,-2.6343290801332181E-01,5.2783082003440927E+02,-1.3219882429422148E+02,-3.9563199574018785E+02,4.5366718662293788E+03
0.0644,5.2528465270240747E+02,7.2309550340015392E+02,-7.2277333385586542E+02,-3.2216954428847167E-01,5.3072946152554937E+02,-1.0427979753392782E+02,-4.2644966399162149E+02,4.6808063510521624E+03
0.0646,5.2822214235580270E+02,7.1616860171641497E+02,-7.1578896699185748E+02,-3.7963472455750219E-01,5.3365303404933456E+02,-7.7008964928743694E+01,-4.5664406912059081E+02,4.6608798632326825E+03
0.0648,5.3088610471469281E+02,6.8164279115809757E+02,-6.8120718949809032E+02,-4.3560166000722789E-01,5.3624788356136082E+02,-5.0322893976454282E+01,-4.8592498958490648E+02,4.4559712310409932E+03
0.065,5.3289099820713307E+02,6.1700410921920854E+02,-6.1651425974449626E+02,-4.8984947471227602E-01,5.3812344156165693E+02,-2.4136738500198021E+01,-5.1398670306145891E+02,4.0598542319854923E+03
0.0652,5.3382294010076441E+02,5.2061919967839651E+02,-5.1987314716512196E+02,-7.4605251327449851E-01,5.3886235576231206E+02,-5.1912657552531982E-01,-5.3834322918678686E+02,3.4818879597314626E+03
0.0654,5.3333041122017914E+02,4.0783307065861749E+02,-3.7405071496635640E+02,-3.3782355692261078E+01,5.3811121956417333E+02,-3.4026801900608916E-01,-5.3777095154516724E+02,2.7952348163773640E+03
0.0656,5.3129909323367099E+02,2.8965250939468046E+02,-1.6717444958591580E+02,-1.2247805980876468E+02,5.3575484913870923E+02,-4.4696345080751598E-02,-5.3571015279362837E+02,2.1354774622031014E+03
0.0658,5.2776859391667540E+02,2.1563661348907988E+02,-2.6353963756653953E-01,-2.1537307385151334E+02,3.9786922037139800E+02,1.3432931926548440E+02,-5.3219853963688240E+02,1.6880885729478468E+03
0.066,5.2414514236239768E+02,2.4707880552347751E+02,-2.0376501246954126E-01,-2.4687504051100797E+02,3.6620162782980015E+02,1.6243641159545024E+02,-5.2863803942525033E+02,1.8195772587558663E+03
0.0662,5.2106513406240697E+02,2.9631738669015590E+02,-1.4318621995965791E-01,-2.9617420047019624E+02,3.3442146903679651E+02,1.9123510589106178E+02,-5.2565657492785829E+02,2.0516108244951747E+03
0.0664,5.1873427069757304E+02,3.5855366715793809E+02,-8.2042336855126158E-02,-3.5847162482108297E+02,3.0274633435120631E+02,2.2070391545382529E+02,-5.2345024980503160E+02,2.3692630731032878E+03
0.0666,5.1729208605965039E+02,4.2868306439725347E+02,-2.0574670128585069E-02,-4.2866248972712486E+02,2.7136153943826753E+02,2.5078684873503295E+02,-5.2214838817330042E+02,2.7534660544492626E+03
0.0668,5.1680872099618193E+02,5.0142369826694306E+02,4.0974195421286955E-02,-5.0146467246236438E+02,2.4041816517609107E+02,2.8139240157153245E+02,-5.2181056674762351E+02,3.1792990440856179E+03
0.067,5.1728344014821243E+02,5.7144855879127351E+02,1.0236135454114989E-01,-5.7155092014581464E+02,2.1003196950795572E+02,3.1239342641035773E+02,-5.2242539591831348E+02,3.6154805538609494E+03
0.0672,5.1864491813269922E+02,6.3351825027275675E+02,1.6334454015907082E-01,-6.3368159481291582E+02,1.8028318395917384E+02,3.4362788746262152E+02,-5.2391107142179544E+02,4.0251876902142808E+03
0.0674,5.2075328277673214E+02,6.8261131258375769E+02,2.2368307950196953E-01,-6.8283499566325963E+02,1.5121718751459639E+02,3.7490049069942182E+02,-5.2611767821401827E+02,4.3681675382953890E+03
0.0676,5.2340386337503230E+02,7.1404918432767442E+02,2.8313884392109806E-01,-7.1433232317159548E+02,1.2284603079391042E+02,4.0598515785356921E+02,-5.2883118864747962E+02,4.6039490632309580E+03
0.0678,5.2633255359506791E+02,7.2361300142118523E+02,3.4147718867704130E-01,-7.2395447860986224E+02,9.5150764404798906E+01,4.3662829455868751E+02,-5.3177905896348648E+02,4.6958269845787181E+03
0.068,5.2922266244316688E+02,7.0764961544971777E+02,3.9846787897528813E-01,-7.0804808332869311E+02,6.8084507419610986E+01,4.6655278486237961E+02,-5.3463729228199054E+02,4.6151850168836154E+03
0.0682,5.3171309342808183E+02,6.6316446445409815E+02,4.5388599859778600E-01,-6.6361835045269595E+02,4.1576175503880478E+01,4.9546262798721114E+02,-5.3703880349109158E+02,4.3456654313359968E+03
0.0684,5.3340766244560257E+02,5.8789922892288007E+02,5.0751283754450394E-01,-5.8840674176042455E+02,1.5534773684448481E+01,5.2304811874128245E+02,-5.3858289242573096E+02,3.8866815747784303E+03
0.0686,5.3388991976747445E+02,4.7793193626843436E+02,5.4787760996044286E+00,-4.8341071236803879E+02,4.7245268771615656E-01,5.3837773298828938E+02,-5.3885018567600548E+02,3.2540912068663447E+03
0.0688,5.3288931613776447E+02,3.1166311240736053E+02,5.7116788954696730E+01,-3.6877990136205727E+02,2.5454606890656351E-01,5.3731413862462637E+02,-5.3756868469353299E+02,2.5666208050331788E+03
0.069,5.3032357245892149E+02,8.4446173069088502E+01,1.6405388855698683E+02,-2.4850006162607534E+02,-7.9607635880279304E-02,5.3473505735047479E+02,-5.3465544971459451E+02,1.9367056436928481E+03
0.0692,5.2656710424870653E+02,2.4371875194299264E-01,2.2323040684140290E+02,-2.2347412559334589E+02,-1.4364687576989451E+02,5.3101274720128981E+02,-3.8736587143139536E+02,1.7181670905047256E+03
0.0694,5.2309235457148520E+02,1.8364968356411282E-01,2.6109429074402249E+02,-2.6127794042758660E+02,-1.7198190244150868E+02,5.2761367209663013E+02,-3.5563176965512139E+02,1.8841980768806602E+03
0.0696,5.2023570463637259E+02,1.2285583378582032E-01,3.1520799360601688E+02,-3.1533084943980271E+02,-2.0100461886849405E+02,5.2486519437851939E+02,-3.2386057551002528E+02,2.1461047352516130E+03
0.0698,5.1818141500362594E+02,6.1577128159001404E-02,3.8065817041491408E+02,-3.8071974754307308E+02,-2.3068227903117656E+02,5.2294174779842115E+02,-2.9225946876724458E+02,2.4878486724175618E+03
0.07,5.1704633128720934E+02,5.5405739203706617E-05,4.5226759442248158E+02,-4.5226764982822078E+02,-2.6094720887034794E+02,5.2194982353530520E+02,-2.6100261466495726E+02,2.8885683851125955E+03
0.0702,5.1687723034948851E+02,-6.1466535341764938E-02,5.2472524791572221E+02,-5.2466378138038044E+02,-2.9169608669210822E+02,5.2192557657597763E+02,-2.3022948988386946E+02,3.3212431958053749E+03
0.0704,5.1764992163939087E+02,-1.2274589608898623E-01,5.9271899804392149E+02,-5.9259625214783250E+02,-3.2279010562011405E+02,5.2283419240546846E+02,-2.0004408678535447E+02,3.7526181259031982E+03
0.0706,5.1927011807937049E+02,-1.8354083486167383E-01,6.5106785337183192E+02,-6.5088431253697024E+02,-3.5405602040323197E+02,5.2457102240413883E+02,-1.7051500200090680E+02,4.1444618093682448E+03
0.0708,5.2157605090375591E+02,-2.4361142181089690E-01,6.9485081617576350E+02,-6.9460720475395260E+02,-3.8528806090312673E+02,5.2696445638417833E+02,-1.4167639548105160E+02,4.4560693049309275E+03
0.071,5.2434276355053851E+02,-3.0272058577372718E-01,7.1952943110848707E+02,-7.1922671052271335E+02,-4.1625067503147739E+02,5.2978046156894447E+02,-1.1352978653746715E+02,4.6477701843300674E+03
0.0712,5.2728798198154163E+02,-3.6063504988430850E-01,7.2106128061154993E+02,-7.2070064556166562E+02,-4.4668204520502536E+02,5.3272867989105293E+02,-8.6046634686027573E+01,4.6850747879798082E+03
0.0714,5.3007942348518930E+02,-4.1712625221146027E-01,6.9600188781726797E+02,-6.9558476156505651E+02,-4.7629830496125146E+02,5.3546994058520750E+02,-5.9171635623956092E+01,4.5430009471679623E+03
0.0716,5.3234337387897801E+02,-4.7197124778767829E-01,6.4159275379329040E+02,-6.4112078254550272E+02,-5.0479836660269177E+02,5.3762501344692942E+02,-3.2826646844237700E+01,4.2100791397937573E+03
0.0718,5.3367433477903819E+02,-5.2495358847204443E-01,5.5583357175699962E+02,-5.5530861816852757E+02,-5.3186925696766821E+02,5.3878440051022847E+02,-6.9151435425602585E+00,3.6915409363562840E+03
0.072,5.3367221892196210E+02,-1.6522912024029154E+01,4.4550218747680844E+02,-4.2897927545277929E+02,-5.3813316821607577E+02,5.3854562416704857E+02,-4.1245595097279875E-01,3.0223925118011093E+03
0.0722,5.3215532714462415E+02,-8.6777990085179908E+01,3.2919663265659369E+02,-2.4241864257141378E+02,-5.3657022904180974E+02,5.3672586953865550E+02,-1.5564049684576275E-01,2.3442113158055008E+03
0.0724,5.2904969615634388E+02,-2.0933987178054761E+02,2.0962311670645752E+02,-2.8324492590992223E-01,-5.3346759262754222E+02,4.0835640089105351E+02,1.2511119173648865E+02,1.6676526776339001E+03
0.0726,5.2529818809972426E+02,-2.3392228740884244E+02,2.3414607837206196E+02,-2.2379096321953129E-01,-5.2976519740211961E+02,3.7677819220619517E+02,1.5298700519592444E+02,1.7626660726455984E+03
0.0728,5.2200780486567692E+02,-2.7781769925857469E+02,2.7798115305841230E+02,-1.6345379983763092E-01,-5.2656255114763781E+02,3.4500825721945262E+02,1.8155429392818525E+02,1.9627279477137990E+03
0.073,5.1940536630820168E+02,-3.3635634760063084E+02,3.3645881915961354E+02,-1.0247155898267471E-01,-5.2407713399246154E+02,3.1327439772329643E+02,2.1080273626916517E+02,2.2537496698053551E+03
0.0732,5.1765297079305344E+02,-4.0452090256166395E+02,4.0456198747136312E+02,-4.1084909699191222E-02,-5.2246100956910607E+02,2.8177298017658296E+02,2.4068802939252311E+02,2.6182953308895503E+03
0.0734,5.1684420111866916E+02,-4.7707322374995977E+02,4.7705275986700678E+02,2.0463882952975559E-02,-5.2179728446080048E+02,2.5066669052198128E+02,2.7113059393881929E+02,3.0335219363141291E+03
0.0736,5.1700205432304858E+02,-5.4868568140843377E+02,5.4860374949442553E+02,8.1931914008180479E-02,-5.2209830065359643E+02,2.2008315235679197E+02,3.0201514829680451E+02,3.4702476207746340E+03
0.0738,5.1807863634149237E+02,-6.1407405826942158E+02,6.1393098167219171E+02,1.4307659722990765E-01,-5.2330559599720164E+02,1.9011442784541993E+02,3.3319116815178177E+02,3.8933235266784177E+03
0.074,5.1995662249304041E+02,-6.6812902611473953E+02,6.6792536949225166E+02,2.0365662248781574E-01,-5.2529162764039734E+02,1.6081740074808135E+02,3.6447422689231593E+02,4.2633277639789167E+03
0.0742,5.2245244489816150E+02,-7.0604323275005333E+02,7.0577979984195474E+02,2.6343290809857550E-01,-5.2786321361509499E+02,1.3221502104193740E+02,3.9564819257315759E+02,4.5394406948256647E+03
0.0744,5.2532112905240501E+02,-7.2343114253719841E+02,7.2310897299282635E+02,3.2216954437206191E-01,-5.3076660908019687E+02,1.0429837126945640E+02,4.2646823781074045E+02,4.6832156611049359E+03
0.0746,5.2826266476092553E+02,-7.1643894419120431E+02,7.1605930946656520E+02,3.7963472463910269E-01,-5.3369409705782141E+02,7.7029496392186928E+01,4.5666460066563457E+02,4.6628428045684341E+03
0.0748,5.3092976229366025E+02,-6.8184206925002206E+02,6.8140646758993557E+02,4.3560166008651341E-01,-5.3629193960879843E+02,5.0344921960530229E+01,4.8594701764826812E+02,4.4574276583288638E+03
0.075,5.3293681370480772E+02,-6.1712814817666811E+02,6.1663829870187919E+02,4.8984947478893387E-01,-5.3816950504536749E+02,2.4159770203724349E+01,5.1400973484164319E+02,4.0607786877336539E+03
0.0752,5.3386989049684973E+02,-5.2066330741053378E+02,5.1992164984948397E+02,7.4165756104981639E-01,-5.3890939867482064E+02,5.1917947310897716E-01,5.3839021920171172E+02,3.4823114124764334E+03
0.0754,5.3337725124608585E+02,-4.0777273606297138E+02,3.7404690838625049E+02,3.3725827676720883E+01,-5.3815799535528845E+02,3.4032074038879045E-01,5.3781767461489972E+02,2.7950877802229379E+03
0.0756,5.3134444115045699E+02,-2.8948986294136978E+02,1.6711939927024994E+02,1.2237046367111986E+02,-5.3579997926824819E+02,4.4748890850257794E-02,5.3575523037739799E+02,2.1348327725939125E+03
0.0758,5.2781134007628498E+02,-2.1542859533752880E+02,2.6353963748128917E-01,2.1516505570004750E+02,-3.9789038534788801E+02,-1.3435048432722485E+02,5.3224086967511289E+02,1.6871902488938363E+03
0.076,5.2418465511145689E+02,-2.4680291938705372E+02,2.0376501238296471E-01,2.4659915437467075E+02,-3.6622110823566823E+02,-1.6245589208789491E+02,5.2867700032356311E+02,1.8183050328106247E+03
0.0762,5.2110054926381565E+02,-2.9597996913044540E+02,1.4318621987209651E-01,2.9583678291057328E+02,-3.3443883914108267E+02,-1.9125247608290951E+02,5.2569131522399221E+02,2.0499539637688536E+03
0.0764,5.1876481784492216E+02,-3.5816239605927149E+02,8.2042336766923393E-02,3.5808035372250458E+02,-3.0276121657952490E+02,-2.2071879777034681E+02,5.2348001434987168E+02,2.3672165497499932E+03
0.0766,5.1731710502563953E+02,-4.2824678445456232E+02,2.0574670040090202E-02,4.2822620978452221E+02,-2.7137361257248938E+02,-2.5079892195774971E+02,5.2217253453023909E+02,2.7510380464111113E+03
0.0768,5.1682767628068746E+02,-5.0095222122040917E+02,-4.0974195509723969E-02,5.0099319541591888E+02,-2.4042717127859504E+02,-2.8140140776247347E+02,5.2182857904106845E+02,3.1765169654693223E+03
0.077,5.1729593231889282E+02,-5.7095244291595588E+02,-1.0236135462917771E-01,5.7105480427058501E+02,-2.1003771942141054E+02,-3.1239917641184064E+02,5.2243689583325113E+02,3.6123948276574715E+03
0.0772,5.1865069221420026E+02,-6.3300856407567903E+02,-1.6334454024634359E-01,6.3317190861592542E+02,-1.8028556126482658E+02,-3.4363026485554695E+02,5.2391582612037359E+02,4.0218727184870932E+03
0.0774,5.2075223341292599E+02,-6.8209938799401345E+02,-2.2368307958814335E-01,6.8232307107360157E+02,-1.5121615086657800E+02,-3.7489945413757721E+02,5.2611560500415521E+02,4.3647196220093501E+03
0.0776,5.2339603666081246E+02,-7.1354636488013830E+02,-2.8313884400583561E-01,7.1382950372414416E+02,-1.2284161458331363E+02,-4.0598074172771010E+02,5.2882235631102367E+02,4.6004813467778622E+03
0.0778,5.2631814554827895E+02,-7.2313039102677033E+02,-3.4147718876000638E-01,7.2347186821553032E+02,-9.5143077744418122E+01,-4.3662060798127180E+02,5.3176368572568992E+02,4.6924618176848826E+03
0.078,5.2920201416174814E+02,-7.0719783331348663E+02,-3.9846787905615255E-01,7.0759630119254280E+02,-6.8073731477433228E+01,-4.6654200900106633E+02,5.3461574047849956E+02,4.6120444084414712E+03
0.0782,5.3168668305080632E+02,-6.6275341154768034E+02,-4.5388599867622786E-01,6.6320729754635659E+02,-4.1562559249936726E+01,-4.9544901181170951E+02,5.3701157106164624E+02,4.3428604886311487E+03
0.0784,5.3337609410511823E+02,-5.8753787114372074E+02,-5.0751283762021560E-01,5.8804538398134093E+02,-1.5518628150501058E+01,-5.2303197328304668E+02,5.3855060143354785E+02,3.8843019562858417E+03
0.0786,5.3385393230458374E+02,-4.7761996646022914E+02,-5.4950508537599498E+00,4.8311501731398909E+02,-4.7212444348201643E-01,-5.3834146617735303E+02,5.3881359062083504E+02,3.2522092159882282E+03
0.0788,5.3284994450386773E+02,-3.1139408176058697E+02,-5.7174910712387842E+01,3.6856899247297480E+02,-2.5421891682924525E-01,-5.3727461428249433E+02,5.3752883319932357E+02,2.5653345636076465E+03
0.079,5.3028198973953215E+02,-8.4223049269881670E+01,-1.6415682863725067E+02,2.4837987790713234E+02,7.9933699433581751E-02,-5.3469345747062926E+02,5.3461352377119567E+02,1.9360287869290464E+03
0.0792,5.2652542087219490E+02,-2.4371875185724434E-01,-2.2329147460269508E+02,2.2353519335455232E+02,1.4362609523389642E+02,-5.3097118604354523E+02,3.8734509080964887E+02,1.7183560191597858E+03
0.0794,5.2305194398672802E+02,-1.8364968347719923E-01,-2.6122357907183982E+02,2.6140722875531702E+02,1.7196182652119603E+02,-5.2757352016909113E+02,3.5561169364789504E+02,1.8847444858872348E+03
0.0796,5.2019745743049964E+02,-1.2285583369799724E-01,-3.1540241100434167E+02,3.1552526683803967E+02,2.0098568976492021E+02,-5.2482733608354852E+02,3.2384164631862831E+02,2.1470280170100714E+03
0.0798,5.1814617087449847E+02,-6.1577128070666731E-02,-3.8091319352794352E+02,3.8097477065601419E+02,2.3066491206888224E+02,-5.2290701378549772E+02,2.9224210171661548E+02,2.4891657783812575E+03
0.08,5.1701486061965704E+02,-5.5405650698503450E-05,-4.5257737299632254E+02,4.5257742840197324E+02,2.6093178339055902E+02,-5.2191897248722216E+02,2.6098718909666314E+02,2.8902866172629724E+03
0.0802,5.1685021738812179E+02,6.1466535429985925E-02,-5.2508273879126057E+02,5.2502127225583058E+02,2.9168293777306633E+02,-5.2189927864967285E+02,2.3021634087660647E+02,3.3233537872125826E+03
0.0804,5.1762794962527028E+02,1.2274589617686615E-01,-5.9311612511649162E+02,5.9299337922031475E+02,3.2277951680564115E+02,-5.2281301468864274E+02,2.0003349788300159E+02,3.7550914313634012E+03
0.0806,5.1925365667309791E+02,1.8354083494864426E-01,-6.5149568988852195E+02,6.5131214905357331E+02,3.5404821759613111E+02,-5.2455541670296657E+02,1.7050719910683546E+02,4.1472447576451177E+03
0.0808,5.2156544616581243E+02,2.4361142189673046E-01,-6.9529978525878698E+02,6.9505617383689025E+02,3.8528320755631051E+02,-5.2695474960471233E+02,1.4167154204840182E+02,4.4590855289751526E+03
0.081,5.2433823069218317E+02,3.0272058585785544E-01,-7.1998952000314341E+02,7.1968679941728556E+02,4.1624886873733129E+02,-5.2977684889652403E+02,1.1352798015919274E+02,4.6509229678102711E+03
0.0812,5.2728960103751263E+02,3.6063504996661777E-01,-7.2152226386851760E+02,7.2116162881855098E+02,4.4668331575534245E+02,-5.3273122090937773E+02,8.6047905154035334E+01,4.6882526722707889E+03
0.0814,5.3008713799425448E+02,4.1712625229149580E-01,-6.9645355443717347E+02,6.9603642818488197E+02,4.7630261391425557E+02,-5.3547855841118007E+02,5.9175944496924558E+01,4.5460855607948206E+03
0.0816,5.3235699259146634E+02,4.7197124786521272E-01,-6.4202513329034673E+02,6.4155316204248152E+02,5.0480560836314908E+02,-5.3763949689030960E+02,3.2833888527160553E+01,4.2129545692873407E+03
0.0818,5.3369353634339507E+02,5.2495358854685037E-01,-5.5623715413944649E+02,5.5571220055089964E+02,5.3187926135002692E+02,-5.3880440920013984E+02,6.9251478501129213E+00,3.6941037769785139E+03
0.082,5.3369651387339673E+02,1.6504208357703874E+01,-4.4585879919025462E+02,4.2935459083255074E+02,5.3815780102662984E+02,-5.3857065099625470E+02,4.1284996962491505E-01,3.0245362938103167E+03
0.0822,5.3218398610809652E+02,8.6729904679389506E+01,-3.2949316951261454E+02,2.4276326483322504E+02,5.3659913639916601E+02,-5.3675516960328673E+02,1.5603320412066068E-01,2.3458433280413560E+03
0.0824,5.2908181962945866E+02,2.0941295734833440E+02,-2.0969620227415962E+02,2.8324492582520516E-01,5.3349986220739925E+02,-4.0837253563862350E+02,-1.2512732656877577E+02,1.6680913757876046E+03
0.0826,5.2533092405669538E+02,2.3394106984430564E+02,-2.3416486080743900E+02,2.2379096313335980E-01,5.2979797085845212E+02,-3.7679457889127565E+02,-1.5300339196717653E+02,1.7628449000817163E+03
0.0828,5.2204042635101052E+02,2.7778194455065062E+02,-2.7794539835040098E+02,1.6345379975035951E-01,5.2659510105838422E+02,-3.4502453213118997E+02,-1.8157056892719419E+02,1.9626304633266532E+03
0.083,5.1943715133644230E+02,3.3626703019085022E+02,-3.3636950174974487E+02,1.0247155889464682E-01,5.2410874032249126E+02,-3.1329020084429726E+02,-2.1081853947819400E+02,2.2533549049016960E+03
0.0832,5.1768321831975118E+02,4.0438017971794017E+02,-4.0442126462755090E+02,4.1084909610755033E-02,5.2249097558990275E+02,-2.8178796314276320E+02,-2.4070301244713960E+02,2.6175831794046635E+03
0.0834,5.1687224649414122E+02,4.7688438383375768E+02,-4.7686391995071619E+02,-2.0463883041470388E-02,5.2182495210072716E+02,-2.5068052429769710E+02,-2.7114442780303000E+02,3.0324788852393713E+03
0.0836,5.1702728388843798E+02,5.4845306726832837E+02,-5.4837113535423202E+02,-8.1931914096382424E-02,5.2212306494071174E+02,-2.2009553445624857E+02,-3.0202753048446317E+02,3.4688721058791934E+03
0.0838,5.1810050084679096E+02,6.1380296754076528E+02,-6.1365989094344786E+02,-1.4307659731747036E-01,5.2332691827785607E+02,-1.9012508894196577E+02,-3.3320182933589035E+02,3.8916302383017633E+03
0.084,5.1997464904390677E+02,6.6782559071053458E+02,-6.6762193408796020E+02,-2.0365662257439462E-01,5.2530904728500900E+02,-1.6082611052709768E+02,-3.6448293675791126E+02,4.2613503353559718E+03
0.0842,5.2246624717188320E+02,7.0571428028132675E+02,-7.0545084737314289E+02,-2.6343290818383058E-01,5.2787635795693245E+02,-1.3222159317022857E+02,-3.9565476478670394E+02,4.5372323704233240E+03
0.0844,5.2533041556261060E+02,7.2308404279208719E+02,-7.2276187324763157E+02,-3.2216954445565371E-01,5.3077520137303327E+02,-1.0430266737407862E+02,-4.2647253399895470E+02,4.6808477488197350E+03
0.0846,5.2826724499455986E+02,7.1608144412236038E+02,-7.1570180939763964E+02,-3.7963472472070220E-01,5.3369796228287260E+02,-7.7031428963912617E+01,-4.5666653331895998E+02,4.6604009435675198E+03
0.0848,5.3092955059144072E+02,6.8148212016289312E+02,-6.8104651850272728E+02,-4.3560166016579760E-01,5.3629100800954768E+02,-5.0344456121262738E+01,-4.8594655188828494E+02,4.4550061620280158E+03
0.085,5.3293183080681695E+02,6.1677372897149212E+02,-6.1628387949662658E+02,-4.8984947486558977E-01,5.3816381331964089E+02,-2.4156924302533071E+01,-5.1400688901710782E+02,4.0584734271311390E+03
0.0852,5.3386026297553417E+02,5.2032268804954708E+02,-5.1958014997706414E+02,-7.4253807248293302E-01,5.3889908905420873E+02,-5.1883709306741821E-01,-5.3838025196114131E+02,3.4802084735386579E+03
0.0854,5.3336325454427049E+02,4.0745952349638674E+02,-3.7371968151027113E+02,-3.3739841986115621E+01,5.3814335824266436E+02,-3.3997949954459727E-01,-5.3780337874311977E+02,2.7932909716510248E+03
0.0856,5.3132650291807181E+02,2.8921320723577520E+02,-1.6681101852917106E+02,-1.2240218870660412E+02,5.3578145603587780E+02,-4.4408785413793339E-02,-5.3573704725046400E+02,2.1334135435582311E+03
0.0858,5.2779068249389638E+02,2.1533909524896103E+02,-2.6353963739603625E-01,-2.1507555561156499E+02,3.9787996703472572E+02,1.3434006609931561E+02,-5.3222003313404139E+02,1.6867005909401589E+03
0.086,5.2416304002261347E+02,2.4674895145703175E+02,-2.0376501229638594E-01,-2.4654518644473538E+02,3.6621024670169618E+02,1.6244503064050167E+02,-5.2865527734219791E+02,1.8179791748697153E+03
0.0862,5.2107845852015862E+02,2.9596260938755955E+02,-1.4318621978453297E-01,-2.9581942316777503E+02,3.3442777638783764E+02,1.9124141341722805E+02,-5.2566918980506568E+02,2.0498063333838263E+03
0.0864,5.1874274221674443E+02,3.5818190627691820E+02,-8.2042336678719047E-02,-3.5809986394023946E+02,3.0275019825360761E+02,2.2070777953263399E+02,-5.2345797778624160E+02,2.3672651919603741E+03
0.0866,5.1729553330439944E+02,4.2830260908195675E+02,-2.0574669951598273E-02,-4.2828203441200515E+02,2.7136288251376664E+02,2.5078819198751899E+02,-5.2215107450128562E+02,2.7513010930005858E+03
0.0868,5.1680708446184872E+02,5.0104300242269488E+02,4.0974195598157875E-02,-5.0108397661829304E+02,2.4041696612666195E+02,2.8139120269897444E+02,-5.2180816882563636E+02,3.1770087281018323E+03
0.087,5.1727677310437923E+02,5.7107605332966705E+02,1.0236135471720810E-01,-5.7117841468438428E+02,2.1002826339958796E+02,3.1238972047804833E+02,-5.2241798387763629E+02,3.6131219959879595E+03
0.0872,5.1863338506579760E+02,6.3316215649488652E+02,1.6334454033361898E-01,-6.3332550103522010E+02,1.8027706125656027E+02,3.4362176493455615E+02,-5.2389882619111643E+02,4.0228311349196947E+03
0.0874,5.2073715537508826E+02,6.8227946083022312E+02,2.2368307967431988E-01,-6.8250314390989740E+02,1.5120879189230496E+02,3.7489209524948080E+02,-5.2610088714178573E+02,4.3658920478165028E+03
0.0876,5.2338351415349507E+02,7.1374884189348722E+02,2.8313884409057133E-01,-7.1403198073757778E+02,1.2283555577662048E+02,4.0597468300575275E+02,-5.2881023878237329E+02,4.6018365354319340E+03
0.0878,5.2630844730829813E+02,7.2335071351524709E+02,3.4147718884296790E-01,-7.2369219070409008E+02,9.5138448914913397E+01,4.3661597923472863E+02,-5.3175442814964208E+02,4.6939550800347406E+03
0.088,5.2919534548512570E+02,7.0743106267689723E+02,3.9846787913701337E-01,-7.0782953055603423E+02,6.8070630334490460E+01,4.6653890793898449E+02,-5.3460953827347498E+02,4.6136197033294338E+03
0.0882,5.3168318145920705E+02,6.6299433992050774E+02,4.5388599875467117E-01,-6.6344822591926243E+02,4.1561049346548998E+01,4.9544750198676508E+02,-5.3700855133331402E+02,4.3444539160806189E+03
0.0884,5.3337582652763388E+02,5.8778113761997133E+02,5.0751283769593047E-01,-5.8828865045766725E+02,1.5518737590401997E+01,5.2303208279866260E+02,-5.3855082038906460E+02,3.8858463833937622E+03
0.0886,5.3385689249472875E+02,4.7786070734962391E+02,5.4939893767662520E+00,-4.8335469672639016E+02,4.7236624560662221E-01,5.3834466497927451E+02,-5.3881703122488102E+02,3.2536390853873158E+03
0.0888,5.3285603553024919E+02,3.1162898784561571E+02,5.7168819265832255E+01,-3.6879780711144798E+02,2.5445991411987734E-01,5.3728092801966295E+02,-5.3753538793378277E+02,2.5665837059820901E+03
0.089,5.3029102137668394E+02,8.4448764284357964E+01,1.6414234827507093E+02,-2.4859111255942889E+02,-7.9693504297210893E-02,5.3470268584381120E+02,-5.3462299233951398E+02,1.9370408093670944E+03
0.0892,5.2653612220658010E+02,2.4371875177152447E-01,2.2337280801572405E+02,-2.2361652676749557E+02,-1.4363152726657924E+02,5.3098205002319105E+02,-3.8735052275661178E+02,1.7187822648655247E+03
0.0894,5.2306360509580577E+02,1.8364968339022880E-01,2.6128600249859358E+02,-2.6146965218198380E+02,-1.7196771953092329E+02,5.2758530610157516E+02,-3.5561758657065184E+02,1.8850899794074462E+03
0.0896,5.2020981687608116E+02,1.2285583361017416E-01,3.1544460548439497E+02,-3.1556746131800514E+02,-2.0099191171370092E+02,5.2483977989328673E+02,-3.2384786817958587E+02,2.1472822379745348E+03
0.0898,5.1815895263018513E+02,6.1577127982275215E-02,3.8093429246838491E+02,-3.8099586959636719E+02,-2.3067132407705896E+02,5.2291983771345951E+02,-2.9224851363640056E+02,2.4893154904819758E+03
0.09,5.1702778023202336E+02,5.5405562193300284E-05,4.5257697984618397E+02,-4.5257703525174617E+02,-2.6093824283492546E+02,5.2193189128744984E+02,-2.6099364845252433E+02,2.8903177831697035E+03
0.0902,5.1686298830387693E+02,-6.1466535518434284E-02,5.2506093424814230E+02,-5.2499946771262387E+02,-2.9168930145787590E+02,5.2191200593084341E+02,-2.3022270447296756E+02,3.3232538308578264E+03
0.0904,5.1764028954371963E+02,-1.2274589626463239E-01,5.9307346374086819E+02,-5.9295071784460356E+02,-3.2278564413507610E+02,5.2282526925974628E+02,-2.0003962512467018E+02,3.7548515749758217E+03
0.0906,5.1926529378315706E+02,-1.8354083503561469E-01,6.5143318623619086E+02,-6.5124964540115525E+02,-3.5405397367941902E+02,5.2456692878257184E+02,-1.7051295510315282E+02,4.1468621509538134E+03
0.0908,5.2157612512983849E+02,-2.4361142198245034E-01,6.9521888987363366E+02,-6.9497527845165121E+02,-3.8528846617520031E+02,5.2696526675677194E+02,-1.4167680058157163E+02,4.4585649065255066E+03
0.091,5.2434771824498262E+02,-3.0272058594209739E-01,7.1989208583585014E+02,-7.1958936524990804E+02,-4.1625351511229456E+02,5.2978614156220851E+02,-1.1353262644991401E+02,4.6502776154749490E+03
0.0912,5.2729769107781794E+02,-3.6063505004892704E-01,7.2141050389685449E+02,-7.2104986884680557E+02,-4.4668724904869981E+02,5.3273908741378318E+02,-8.6051838365083313E+01,4.6875045514659905E+03
0.0914,5.3009365605762798E+02,-4.1712625237153134E-01,6.9632999145585313E+02,-6.9591286520348160E+02,-4.7630574941658426E+02,5.3548482933580203E+02,-5.9179079919217713E+01,4.5452645222158317E+03
0.0916,5.3236179960765764E+02,-4.7197124794286083E-01,6.4189254300849211E+02,-6.4142057176054925E+02,-5.0480787931511259E+02,5.3764403871658828E+02,-3.2836159401475754E+01,4.2120966792607987E+03
0.0918,5.3369653159733866E+02,-5.2495358862154262E-01,5.5609850286814424E+02,-5.5557354927952269E+02,-5.3188062036021688E+02,5.3880712714582751E+02,-6.9265067856106270E+00,3.6932488701502198E+03
0.092,5.3369763280301788E+02,-1.6502685842065432E+01,4.4571641815728384E+02,-4.2921373231521841E+02,-5.3815877605060837E+02,5.3857148668437094E+02,-4.1271063376245820E-01,3.0237224304772199E+03
0.0922,5.3218320260211635E+02,-8.6728201462752935E+01,3.2935089058922000E+02,-2.4262268912646707E+02,-5.3659820891275683E+02,5.3675410324452616E+02,-1.5589433176933198E-01,2.3451094386017626E+03
0.0924,5.2907918038963510E+02,-2.0934407551452250E+02,2.0962732044026296E+02,-2.8324492574046051E-01,-5.3349708520932427E+02,4.0837114709721368E+02,1.2512593811211065E+02,1.6677511281084007E+03
0.0926,5.2532740063582116E+02,-2.3387755422028400E+02,2.3410134518333118E+02,-2.2379096304718524E-01,-5.2979432041350378E+02,3.7679275362571411E+02,1.5300156678778961E+02,1.7625221132566603E+03
0.0928,5.2203609973381003E+02,-2.7772518364272565E+02,2.7788863744238876E+02,-1.6345379966308576E-01,-5.2659066092813453E+02,3.4502231202242825E+02,1.8156834890570627E+02,1.9623290288681103E+03
0.093,5.1943212002222594E+02,-3.3621825827764434E+02,3.3632072983645094E+02,-1.0247155880661973E-01,-5.2410361147460844E+02,3.1328763637634228E+02,2.1081597509826622E+02,2.2530811236025902E+03
0.0932,5.1767759608258530E+02,-4.0434045003524079E+02,4.0438153494476313E+02,-4.1084909522321161E-02,-5.2248527390469530E+02,2.8178511225594247E+02,2.4070016164875290E+02,2.6173454222720907E+03
0.0934,5.1686615981226487E+02,-4.7685454585819696E+02,4.7683408197506702E+02,2.0463883129963001E-02,-5.2181880575513253E+02,2.5067745108065350E+02,2.7114135467447903E+02,3.0322868651515955E+03
0.0936,5.1702086910096739E+02,-5.4843374858920549E+02,5.4835181667502093E+02,8.1931914184585883E-02,-5.2211661152875104E+02,2.2009230770616645E+02,3.0202430382258456E+02,3.4687358450796842E+03
0.0938,5.1809390110161200E+02,-6.1379456070604954E+02,6.1365148410864447E+02,1.4307659740503562E-01,-5.2332030173222392E+02,1.9012178062536697E+02,3.3319852110685690E+02,3.8915588501168736E+03
0.094,5.1996801110499291E+02,-6.6782824532170457E+02,6.6762458869904356E+02,2.0365662266097545E-01,-5.2530241466858797E+02,1.6082279417559670E+02,3.6447962049299122E+02,4.2613507597640692E+03
0.0942,5.2245971815725238E+02,-7.0572790049446314E+02,7.0546446758619402E+02,2.6343290826908394E-01,-5.2786985619575864E+02,1.3221834224701493E+02,3.9565151394874374E+02,4.5373082103166225E+03
0.0944,5.2532413968535832E+02,-7.2310829026247836E+02,7.2278612071793907E+02,3.2216954453924401E-01,-5.3076897400322514E+02,1.0429955364737930E+02,4.2646942035584578E+02,4.6809983463139733E+03
0.0946,5.2826136037914512E+02,-7.1611574630918903E+02,7.1573611158438678E+02,3.7963472480230026E-01,-5.3369214628353211E+02,7.7028520923443324E+01,4.5666362536008876E+02,4.6606208142322139E+03
0.0948,5.3092418623545723E+02,-6.8152568379211345E+02,6.8109008213186837E+02,4.3560166024508218E-01,-5.3628573079146418E+02,5.0341817472578725E+01,4.8594391331888545E+02,4.4552848714427500E+03
0.095,5.3292710375505635E+02,-6.1682555834153254E+02,6.1633570886659027E+02,4.8984947494224740E-01,-5.3815918993597074E+02,2.4154612572369160E+01,5.1400457736360158E+02,4.0587959518528792E+03
0.0952,5.3385627587515125E+02,-5.2038179534250651E+02,5.1963888209140180E+02,7.4291325110473239E-01,-5.3889521980108952E+02,5.1889544994480730E-01,5.3837632435114460E+02,3.4805546562393492E+03
0.0954,5.3336010932441309E+02,-4.0752636469772841E+02,3.7378218339453997E+02,3.3744181303188441E+01,-5.3814034237205374E+02,3.4003766205370312E-01,5.3780030470999998E+02,2.7936497394659091E+03
0.0956,5.3132428956186129E+02,-2.8928578412487968E+02,1.6687629139713891E+02,1.2240949272774075E+02,-5.3577938053371315E+02,4.4466754202630909E-02,5.3573491377951052E+02,2.1337623356157942E+03
0.0958,5.2778930641539557E+02,-2.1538181109027988E+02,2.6353963731078434E-01,2.1511827145296911E+02,-3.9787932167002396E+02,-1.3433942081986589E+02,5.3221874248988979E+02,1.6869045916980945E+03
0.096,5.2416224571255668E+02,-2.4679333386640826E+02,2.0376501220980822E-01,2.4658956885419846E+02,-3.6620989388653817E+02,-1.6244467791192153E+02,5.2865457179845976E+02,1.8181984102814231E+03
0.0962,5.2107826161907542E+02,-2.9600766997425012E+02,1.4318621969697126E-01,2.9586448375455313E+02,-3.3442772295425368E+02,-1.9124136007120589E+02,5.2566908302545960E+02,2.0500393976648702E+03
0.0964,5.1874314508369025E+02,-3.5822664494362135E+02,8.2042336590517947E-02,3.5814460260703083E+02,-3.0275044438119909E+02,-2.2070802574842662E+02,5.2345847012962577E+02,2.3675092877166053E+03
0.0966,5.1729652500921350E+02,-4.2834603621018283E+02,2.0574669863102968E-02,4.2832546154031974E+02,-2.7136342174801905E+02,-2.5078873131026683E+02,5.2215215305828588E+02,2.7515517718738056E+03
0.0968,5.1680864107170987E+02,-5.0108416075174944E+02,-4.0974195686594633E-02,5.0112513494743604E+02,-2.4041778554410541E+02,-2.8139202220485475E+02,5.2180980774896011E+02,3.1772598847063969E+03
0.097,5.1727885825732699E+02,-5.7111403904583665E+02,-1.0236135480523788E-01,5.7121640040064187E+02,-2.1002934391563991E+02,-3.1239080108213028E+02,5.2242014499777019E+02,3.6133661214182098E+03
0.0972,5.1863595081756887E+02,-6.3319613906643974E+02,-1.6334454042089333E-01,6.3335948360686064E+02,-1.8027837806878057E+02,-3.4362308183405088E+02,5.2390145990283145E+02,4.0230598078837793E+03
0.0974,5.2074014329959664E+02,-6.8230870115319317E+02,-2.2368307976049426E-01,6.8253238423295363E+02,-1.5121031504877777E+02,-3.7489361849212816E+02,5.2610393354090593E+02,4.3660966154768121E+03
0.0976,5.2338685667173365E+02,-7.1377270835213176E+02,-2.8313884417530977E-01,7.1405584719630701E+02,-1.2283725085646284E+02,-4.0597637817033359E+02,5.2881362902679643E+02,4.6020089148005281E+03
0.0978,5.2631206921546107E+02,-7.2336869560844559E+02,-3.4147718892593293E-01,7.2371017279737157E+02,-9.5140277805465587E+01,-4.3661780820824606E+02,5.3175808601371159E+02,4.6940885963221408E+03
0.098,5.2919916564148321E+02,-7.0744278191698118E+02,-3.9846787921787730E-01,7.0784124979619901E+02,-6.8072552087645420E+01,-4.6654082977300351E+02,5.3461338186064893E+02,4.6137098753811779E+03
0.0982,5.3168711460676320E+02,-6.6299955777226410E+02,-4.5388599883311653E-01,6.6345344377109723E+02,-4.1563021095017803E+01,-4.9544947381367928E+02,5.3701249490869714E+02,4.3444991015886180E+03
0.0984,5.3337978519185549E+02,-5.8777976031394007E+02,-5.0751283777164269E-01,5.8828727315171170E+02,-1.5520715503393262E+01,-5.2303406078736634E+02,5.3855477629075961E+02,3.8858482077546919E+03
0.0986,5.3386078639145683E+02,-4.7785369551207941E+02,-5.4921744775342365E+00,4.8334586998961367E+02,-4.7236104867351969E-01,-5.3834854822658940E+02,5.3882090927526292E+02,3.2536010205597117E+03
0.0988,5.3285975490710609E+02,-3.1161776630455324E+02,-5.7162777537703086E+01,3.6878054384225635E+02,-2.5445473431216215E-01,-5.3728462408410701E+02,5.3753907881841928E+02,2.5665061492010232E+03
0.099,5.3029445707095374E+02,-8.4433601846056376E+01,-1.6413234857975385E+02,2.4856595042581023E+02,7.9698667035017934E-02,-5.3470608636941586E+02,5.3462638770238084E+02,1.9369327603499610E+03
0.0992,5.2653925382993964E+02,-2.4371875168577617E-01,-2.2334983074919458E+02,2.2359354950088036E+02,1.4363307014075798E+02,-5.3098513568580017E+02,3.8735206554504219E+02,1.7186780729608940E+03
0.0994,5.2306639722184048E+02,-1.8364968330331521E-01,-2.6125816450764188E+02,2.6144181419094519E+02,1.7196908779664221E+02,-5.2758804254609936E+02,3.5561895474945709E+02,1.8849568377744808E+03
0.0996,5.2021220881354566E+02,-1.2285583352235108E-01,-3.1541253949045171E+02,3.1553539532397406E+02,2.0099307565799097E+02,-5.2484210769404365E+02,3.2384903203605268E+02,2.1471197394067754E+03
0.0998,5.1816089275284048E+02,-6.1577127893997385E-02,-3.8089872269801918E+02,3.8096029982591318E+02,2.3067225861085058E+02,-5.2292170669276493E+02,2.9224944808191435E+02,2.4891240451276894E+03
0.1,5.1702922709747668E+02,-5.5406041724381794E-05,-4.5253870501414110E+02,4.5253876042018283E+02,2.6093892775164602E+02,-5.2193326160042238E+02,2.6099433384877636E+02,2.8900991440504195E+03
