"time","Noise","Noise_Filt","Noise_Filt_Sat","Sine","Sine_Filt","Sine_Filt_Quantized"
0,5.0419341316903010E-001,6.3024176646128832E-002,6.3024176646128832E-002,0.0000000000000000E+000,0.0000000000000000E+000,0.0000000000000000E+000
0.02,5.0419341316903010E-001,6.3024176646128832E-002,6.3024176646128832E-002,3.9997333386666160E-002,2.0155764566426818E-005,0.0000000000000000E+000
0.04,5.0419341316903010E-001,6.3024176646128832E-002,6.3024176646128832E-002,7.9978668373268322E-002,1.7102014534922590E-004,0.0000000000000000E+000
0.06,3.3752485631197140E+000,4.8177903820378787E-001,4.8177903820378787E-001,1.1992801295888919E-001,5.7984191877292655E-004,0.0000000000000000E+000
0.08,3.3752485631197140E+000,4.8177903820378787E-001,4.8177903820378787E-001,1.5982938793834539E-001,1.3626174425713893E-003,0.0000000000000000E+000
0.1,-1.2125881533069673E+000,3.0611656713022739E-001,3.0611656713022739E-001,1.9966683329365631E-001,2.6245406824633812E-003,0.0000000000000000E+000
0.12,-1.2125881533069673E+000,3.0611656713022739E-001,3.0611656713022739E-001,2.3942441457783872E-001,4.4604544150858771E-003,0.0000000000000000E+000
0.14,-1.2125881533069673E+000,3.0611656713022739E-001,3.0611656713022739E-001,2.7908622928847299E-001,6.9553009737146594E-003,0.0000000000000000E+000
0.16,1.8177243492157451E+000,5.1802628242568427E-001,5.0000000000000000E-001,3.1863641322849195E-001,1.0184571036449189E-002,0.0000000000000000E+000
0.18,1.8177243492157451E+000,5.1802628242568427E-001,5.0000000000000000E-001,3.5805914685164836E-001,1.4214749084140254E-002,0.0000000000000000E+000
0.2,2.7746249747157992E-001,5.2680778048834753E-001,5.0000000000000000E-001,3.9733866159012243E-001,1.9103754277399673E-002,0.0000000000000000E+000
0.22,2.7746249747157992E-001,5.2680778048834753E-001,5.0000000000000000E-001,4.3645924616173865E-001,2.4901375618575847E-002,0.0000000000000000E+000
0.24,2.7746249747157992E-001,5.2680778048834753E-001,5.0000000000000000E-001,4.7540525285426916E-001,3.1649700375648612E-002,0.0000000000000000E+000
0.26,-5.4855954788778227E-001,4.3189744797795721E-001,4.3189744797795721E-001,5.1416110378431024E-001,3.9383534850647502E-002,0.0000000000000000E+000
0.28,-5.4855954788778227E-001,4.3189744797795721E-001,4.3189744797795721E-001,5.5271129712822753E-001,4.8130816675502466E-002,0.0000000000000000E+000
0.3,-1.3007991262323269E+000,2.4770268480001800E-001,2.4770268480001800E-001,5.9104041332267909E-001,5.7913017913276438E-002,1.0000000000000001E-001
0.32,-1.3007991262323269E+000,2.4770268480001800E-001,2.4770268480001800E-001,6.2913312123223553E-001,6.8745538332602524E-002,1.0000000000000001E-001
0.34,-1.3007991262323269E+000,2.4770268480001800E-001,2.4770268480001800E-001,6.6697418428162880E-001,8.0638088307958627E-002,1.0000000000000001E-001
0.36,1.9489999778399403E-001,2.5968005028301638E-001,2.5968005028301638E-001,7.0454846655017989E-001,9.3595060878276293E-002,1.0000000000000001E-001
0.38,1.9489999778399403E-001,2.5968005028301638E-001,2.5968005028301638E-001,7.4184093882596536E-001,1.0761589257141611E-001,1.0000000000000001E-001
0.4,8.1612375239030188E-001,3.4871151681765328E-001,3.4871151681765328E-001,7.7883668461730104E-001,1.2269541267238462E-001,1.0000000000000001E-001
0.42,8.1612375239030188E-001,3.4871151681765328E-001,3.4871151681765328E-001,8.1552090611914030E-001,1.3882418067894656E-001,1.0000000000000001E-001
0.44,8.1612375239030188E-001,3.4871151681765328E-001,3.4871151681765328E-001,8.5187893013199922E-001,1.5598881174964568E-001,2.0000000000000001E-001
0.46,3.5654631241534979E-001,3.7584423002868933E-001,3.7584423002868933E-001,8.8789621393103957E-001,1.7417229000632850E-001,2.0000000000000001E-001
0.48,3.5654631241534979E-001,3.7584423002868933E-001,3.7584423002868933E-001,9.2355835108296569E-001,1.9335426960621718E-001,2.0000000000000001E-001
0.5,7.2283651033176133E-001,4.4740658231872510E-001,4.4740658231872510E-001,9.5885107720840601E-001,2.1351136354754999E-001,2.0000000000000001E-001
0.52,7.2283651033176133E-001,4.4740658231872510E-001,4.4740658231872510E-001,9.9376027568747349E-001,2.3461742021794796E-001,2.0000000000000001E-001
0.54,7.2283651033176133E-001,4.4740658231872510E-001,4.4740658231872510E-001,1.0282719833062264E+000,2.5664378773613516E-001,3.0000000000000004E-001
0.56,7.0238466787481479E-001,5.1283433668714073E-001,5.0000000000000000E-001,1.0623723958417668E+000,2.7955956617557914E-001,3.0000000000000004E-001
0.58,7.0238466787481479E-001,5.1283433668714073E-001,5.0000000000000000E-001,1.0960478735837471E+000,3.0333184779319161E-001,3.0000000000000004E-001
0.6,-1.9603711314821001E-001,4.6268798070925743E-001,4.6268798070925743E-001,1.1292849467900707E+000,3.2792594541758047E-001,3.0000000000000004E-001
0.62,-1.9603711314821001E-001,4.6268798070925743E-001,4.6268798070925743E-001,1.1620703210746102E+000,3.5330560917962761E-001,4.0000000000000002E-001
0.64,-1.9603711314821001E-001,4.6268798070925743E-001,4.6268798070925743E-001,1.1943908827247842E+000,3.7943323179353583E-001,4.0000000000000002E-001
0.66,1.7724188912693613E+000,6.6110594308246506E-001,5.0000000000000000E-001,1.2262337039468676E+000,4.0627004261907784E-001,4.0000000000000002E-001
0.68,1.7724188912693613E+000,6.6110594308246506E-001,5.0000000000000000E-001,1.2575860480369372E+000,4.3377629075575563E-001,4.0000000000000002E-001
0.7,-7.3112434170942608E-001,5.3666010321466340E-001,5.0000000000000000E-001,1.2884353744753823E+000,4.6191141743705533E-001,5.0000000000000000E-001
0.72,-7.3112434170942608E-001,5.3666010321466340E-001,5.0000000000000000E-001,1.3187693439429462E+000,4.9063421800813589E-001,5.0000000000000000E-001
0.74,-7.3112434170942608E-001,5.3666010321466340E-001,5.0000000000000000E-001,1.3485758232562901E+000,5.1990299378321381E-001,5.0000000000000000E-001
0.76,-3.0020104558731693E+000,1.3457579106978423E-001,1.3457579106978423E-001,1.3778428902211026E+000,5.4967569408977168E-001,5.0000000000000000E-001
0.78,-3.0020104558731693E+000,1.3457579106978423E-001,1.3457579106978423E-001,1.4065588384008203E+000,5.7991004881564001E-001,6.0000000000000009E-001
0.8,-2.1872023009739276E+000,-1.4555328610544649E-001,-1.4555328610544649E-001,1.4347121817990456E+000,6.1056369178208980E-001,6.0000000000000009E-001
0.82,-2.1872023009739276E+000,-1.4555328610544649E-001,-1.4555328610544649E-001,1.4622916594537918E+000,6.4159427527148305E-001,6.0000000000000009E-001
0.84,-2.1872023009739276E+000,-1.4555328610544649E-001,-1.4555328610544649E-001,1.4892862399417186E+000,6.7295957604185264E-001,7.0000000000000007E-001
0.86,2.5629814192874125E+000,1.8209705561075262E-001,1.8209705561075262E-001,1.5156851257905539E+000,7.0461759316313599E-001,7.0000000000000007E-001
0.88,2.5629814192874125E+000,1.8209705561075262E-001,1.8209705561075262E-001,1.5414777577979386E+000,7.3652663801079865E-001,7.0000000000000007E-001
0.9,-6.0767730429300792E-001,9.7032539793588946E-002,9.7032539793588946E-002,1.5666538192549668E+000,7.6864541675234099E-001,8.0000000000000004E-001
0.92,-6.0767730429300792E-001,9.7032539793588946E-002,9.7032539793588946E-002,1.5912032400727321E+000,8.0093310566078491E-001,8.0000000000000004E-001
0.94,-6.0767730429300792E-001,9.7032539793588946E-002,9.7032539793588946E-002,1.6151162008102287E+000,8.3334941958680664E-001,8.0000000000000004E-001
0.96,-1.3575245424781799E+000,-7.7509655005862932E-002,-7.7509655005862932E-002,1.6383831366019965E+000,8.6585467391777871E-001,9.0000000000000002E-001
0.98,-1.3575245424781799E+000,-7.7509655005862932E-002,-7.7509655005862932E-002,1.6609947409839410E+000,8.9840984034772575E-001,9.0000000000000002E-001
1,-1.1859152420631003E+000,-2.2187357751345727E-001,-2.2187357751345727E-001,1.6829419696157930E+000,9.3097659677714550E-001,9.0000000000000002E-001
1.02,-1.1859152420631003E+000,-2.2187357751345727E-001,-2.2187357751345727E-001,1.7042160438987259E+000,9.6351737165591134E-001,1.0000000000000000E+000
1.04,-1.1859152420631003E+000,-2.2187357751345727E-001,-2.2187357751345727E-001,1.7248084544866769E+000,9.9599538307608126E-001,1.0000000000000000E+000
1.06,-1.0554553294325670E+000,-3.4271181481685536E-001,-3.4271181481685536E-001,1.7447109646899726E+000,1.0283746729145269E+000,1.0000000000000000E+000
1.08,-1.0554553294325670E+000,-3.4271181481685536E-001,-3.4271181481685536E-001,1.7639156137698950E+000,1.0606201363178782E+000,1.1000000000000001E+000
1.1,-6.8292720457930189E-001,-4.1094212464842544E-001,-4.1094212464842544E-001,1.7824147201228708E+000,1.0926975468144480E+000,1.1000000000000001E+000
1.12,-6.8292720457930189E-001,-4.1094212464842544E-001,-4.1094212464842544E-001,1.8002008843530102E+000,1.1245735773296142E+000,1.1000000000000001E+000
1.14,-6.8292720457930189E-001,-4.1094212464842544E-001,-4.1094212464842544E-001,1.8172669922317666E+000,1.1562158173726513E+000,1.2000000000000002E+000
1.16,-6.9507533582688519E-001,-4.7727943539436490E-001,-4.7727943539436490E-001,1.8336062175435337E+000,1.1875927866542539E+000,1.2000000000000002E+000
1.18,-6.9507533582688519E-001,-4.7727943539436490E-001,-4.7727943539436490E-001,1.8492120248160406E+000,1.2186739453850790E+000,1.2000000000000002E+000
1.2,-3.0239902356072718E-001,-4.9121534156973762E-001,-4.9121534156973762E-001,1.8640781719344526E+000,1.2494297014965281E+000,1.2000000000000002E+000
1.22,-3.0239902356072718E-001,-4.9121534156973762E-001,-4.9121534156973762E-001,1.8781987126381352E+000,1.2798314150158205E+000,1.3000000000000000E+000
1.24,-3.0239902356072718E-001,-4.9121534156973762E-001,-4.9121534156973762E-001,1.8915679988990779E+000,1.3098513998181354E+000,1.3000000000000000E+000
1.26,2.1085786272757674E+000,-2.0308224608177938E-001,-2.0308224608177938E-001,1.9041806831810315E+000,1.3394629229693287E+000,1.3000000000000000E+000
1.28,2.1085786272757674E+000,-2.0308224608177938E-001,-2.0308224608177938E-001,1.9160317205784498E+000,1.3686402018634443E+000,1.4000000000000001E+000
1.3,1.0403944336369206E-001,-1.7992320335722886E-001,-1.7992320335722886E-001,1.9271163708343859E+000,1.3973583993500005E+000,1.4000000000000001E+000
1.32,1.0403944336369206E-001,-1.7992320335722886E-001,-1.7992320335722886E-001,1.9374302002365305E+000,1.4255936170368628E+000,1.4000000000000001E+000
1.34,1.0403944336369206E-001,-1.7992320335722886E-001,-1.7992320335722886E-001,1.9469690833906388E+000,1.4533228869454238E+000,1.5000000000000000E+000
1.36,1.8088512933941203E+000,5.5179368484897795E-002,5.5179368484897795E-002,1.9557292048706325E+000,1.4805241616858620E+000,1.5000000000000000E+000
1.38,1.8088512933941203E+000,5.5179368484897795E-002,5.5179368484897795E-002,1.9637070607447196E+000,1.5071763033114181E+000,1.5000000000000000E+000
1.4,1.0888472004717284E+000,1.8852630011961913E-001,1.8852630011961913E-001,1.9708994599769205E+000,1.5332590710019709E+000,1.5000000000000000E+000
1.42,1.0888472004717284E+000,1.8852630011961913E-001,1.8852630011961913E-001,1.9773035257034395E+000,1.5587531077186938E+000,1.6000000000000001E+000
1.44,1.0888472004717284E+000,1.8852630011961913E-001,1.8852630011961913E-001,1.9829166963833729E+000,1.5836399259632872E+000,1.6000000000000001E+000
1.46,4.7484693304977277E-001,2.3845585174485984E-001,2.3845585174485984E-001,1.9877367268232897E+000,1.6079018927671980E+000,1.6000000000000001E+000
1.48,4.7484693304977277E-001,2.3845585174485984E-001,2.3845585174485984E-001,1.9917616890752801E+000,1.6315222140283312E+000,1.6000000000000001E+000
1.5,-8.2917902382517072E-001,1.2288568117947041E-001,1.2288568117947041E-001,1.9949899732081089E+000,1.6544849183051444E+000,1.7000000000000002E+000
1.52,-8.2917902382517072E-001,1.2288568117947041E-001,1.2288568117947041E-001,1.9974202879511660E+000,1.6767748401705818E+000,1.7000000000000002E+000
1.54,-8.2917902382517072E-001,1.2288568117947041E-001,1.2288568117947041E-001,1.9990516612109581E+000,1.6983776032211386E+000,1.7000000000000002E+000
1.56,-6.5009694689386288E-001,3.5479278758764055E-002,3.5479278758764055E-002,1.9998834404599326E+000,1.7192796028294199E+000,1.7000000000000002E+000
1.58,-6.5009694689386288E-001,3.5479278758764055E-002,3.5479278758764055E-002,1.9999152929974802E+000,1.7394679887218802E+000,1.7000000000000002E+000
1.6,-3.3242722480314368E-001,-7.8480882795671503E-003,-7.8480882795671503E-003,1.9991472060830102E+000,1.7589306474570290E+000,1.8000000000000000E+000
1.62,-3.3242722480314368E-001,-7.8480882795671503E-003,-7.8480882795671503E-003,1.9975794869410479E+000,1.7776561848731973E+000,1.8000000000000000E+000
1.64,-3.3242722480314368E-001,-7.8480882795671503E-003,-7.8480882795671503E-003,1.9952127626383473E+000,1.7956339085690818E+000,1.8000000000000000E+000
1.66,-1.7816064915485508E+000,-2.3015649530915783E-001,-2.3015649530915783E-001,1.9920479798330735E+000,1.8128538104746130E+000,1.8000000000000000E+000
1.68,-1.7816064915485508E+000,-2.3015649530915783E-001,-2.3015649530915783E-001,1.9880864043961519E+000,1.8293065495643179E+000,1.8000000000000000E+000
1.7,3.0351354970508950E+000,1.6074326658766291E-001,1.6074326658766291E-001,1.9833296209049371E+000,1.8449834347602101E+000,1.8000000000000000E+000
1.72,3.0351354970508950E+000,1.6074326658766291E-001,1.6074326658766291E-001,1.9777795320094029E+000,1.8598764080663259E+000,1.9000000000000001E+000
1.74,3.0351354970508950E+000,1.6074326658766291E-001,1.6074326658766291E-001,1.9714383576711070E+000,1.8739780279724381E+000,1.9000000000000001E+000
1.76,1.3977045896671243E+000,3.2741917696667067E-001,3.2741917696667067E-001,1.9643086342752369E+000,1.8872814531600386E+000,1.9000000000000001E+000
1.78,1.3977045896671243E+000,3.2741917696667067E-001,3.2741917696667067E-001,1.9563932136160893E+000,1.8997804265395528E+000,1.9000000000000001E+000
1.8,-9.5854463302824899E-001,1.9123013898980579E-001,1.9123013898980579E-001,1.9476952617563903E+000,1.9114692596438301E+000,1.9000000000000001E+000
1.82,-9.5854463302824899E-001,1.9123013898980579E-001,1.9123013898980579E-001,1.9382182577609126E+000,1.9223428173992656E+000,1.9000000000000001E+000
1.84,-9.5854463302824899E-001,1.9123013898980579E-001,1.9123013898980579E-001,1.9279659923048962E+000,1.9323965032924455E+000,1.9000000000000001E+000
1.86,-1.3822317199037184E+000,8.8896670523502808E-003,8.8896670523502808E-003,1.9169425661578283E+000,1.9416262449469610E+000,1.9000000000000001E+000
1.88,-1.3822317199037184E+000,8.8896670523502808E-003,8.8896670523502808E-003,1.9051523885431907E+000,1.9500284801220262E+000,2.0000000000000000E+000
1.9,-2.1434791627189853E-001,-1.8348305834254564E-002,-1.8348305834254564E-002,1.8926001753748289E+000,1.9576001431416792E+000,2.0000000000000000E+000
1.92,-2.1434791627189853E-001,-1.8348305834254564E-002,-1.8348305834254564E-002,1.8792909473706498E+000,1.9643386517607464E+000,2.0000000000000000E+000
1.94,-2.1434791627189853E-001,-1.8348305834254564E-002,-1.8348305834254564E-002,1.8652300280444010E+000,1.9702418944713100E+000,2.0000000000000000E+000
1.96,1.0667850344608849E+000,1.1591723876506921E-001,1.1591723876506921E-001,1.8504230415763365E+000,1.9753082182511634E+000,2.0000000000000000E+000
1.98,1.0667850344608849E+000,1.1591723876506921E-001,1.1591723876506921E-001,1.8348759105636196E+000,1.9795364167536822E+000,2.0000000000000000E+000
2,-3.8134715755403781E-001,6.2452982132561036E-002,6.2452982132561036E-002,1.8185948536513634E+000,1.9829257189366376E+000,2.0000000000000000E+000
2.02,-3.8134715755403781E-001,6.2452982132561036E-002,6.2452982132561036E-002,1.8015863830452545E+000,1.9854757781257497E+000,2.0000000000000000E+000
2.04,-3.8134715755403781E-001,6.2452982132561036E-002,6.2452982132561036E-002,1.7838573019067592E+000,1.9871866615071920E+000,2.0000000000000000E+000
2.06,-1.8208315278209470E+000,-1.6827360795168556E-001,-1.6827360795168556E-001,1.7654147016319481E+000,1.9880588400418515E+000,2.0000000000000000E+000
2.08,-1.8208315278209470E+000,-1.6827360795168556E-001,-1.6827360795168556E-001,1.7462659590150329E+000,1.9880931787928555E+000,2.0000000000000000E+000
2.1,-1.2908124072803380E+000,-3.2121147846414344E-001,-3.2121147846414344E-001,1.7264187332977474E+000,1.9872909276567345E+000,2.0000000000000000E+000
2.12,-1.2908124072803380E+000,-3.2121147846414344E-001,-3.2121147846414344E-001,1.7058809631057523E+000,1.9856537124875737E+000,2.0000000000000000E+000
2.14,-1.2908124072803380E+000,-3.2121147846414344E-001,-3.2121147846414344E-001,1.6846608632732913E+000,1.9831835266026163E+000,2.0000000000000000E+000
2.16,-3.9695972046866042E-002,-3.1011290104679456E-001,-3.1011290104679456E-001,1.6627669215573662E+000,1.9798827226570028E+000,2.0000000000000000E+000
2.18,-3.9695972046866042E-002,-3.1011290104679456E-001,-3.1011290104679456E-001,1.6402078952427481E+000,1.9757540048746671E+000,2.0000000000000000E+000
2.2,1.6441850515728809E+000,-8.9084124547844645E-002,-8.9084124547844645E-002,1.6169928076391802E+000,1.9708004216218324E+000,2.0000000000000000E+000
2.22,1.6441850515728809E+000,-8.9084124547844645E-002,-8.9084124547844645E-002,1.5931309444721731E+000,1.9650253583091120E+000,2.0000000000000000E+000
2.24,1.6441850515728809E+000,-8.9084124547844645E-002,-8.9084124547844645E-002,1.5686318501688397E+000,1.9584325306078072E+000,2.0000000000000000E+000
2.26,-6.9982732208616519E-002,-9.3377759846529490E-002,-9.3377759846529490E-002,1.5435053240402514E+000,1.9510259779657335E+000,2.0000000000000000E+000
2.28,-6.9982732208616519E-002,-9.3377759846529490E-002,-9.3377759846529490E-002,1.5177614163618436E+000,1.9428100574076785E+000,1.9000000000000001E+000
2.3,1.3042489233408796E+000,7.4322243563407220E-002,7.4322243563407220E-002,1.4914104243534401E+000,1.9337894376054681E+000,1.9000000000000001E+000
2.32,1.3042489233408796E+000,7.4322243563407220E-002,7.4322243563407220E-002,1.4644628880605028E+000,1.9239690932025348E+000,1.9000000000000001E+000
2.34,1.3042489233408796E+000,7.4322243563407220E-002,7.4322243563407220E-002,1.4369295861382525E+000,1.9133542993778869E+000,1.9000000000000001E+000
2.36,-7.3889983546046034E-001,-2.1756348047320684E-002,-2.1756348047320684E-002,1.4088215315403525E+000,1.9019506266344337E+000,1.9000000000000001E+000
2.38,-7.3889983546046034E-001,-2.1756348047320684E-002,-2.1756348047320684E-002,1.3801499671138728E+000,1.8897639357967029E+000,1.9000000000000001E+000
2.4,-3.7429006592188591E-002,-2.5347156468978227E-002,-2.5347156468978227E-002,1.3509263611023019E+000,1.8768003732031830E+000,1.9000000000000001E+000
2.42,-3.7429006592188591E-002,-2.5347156468978227E-002,-2.5347156468978227E-002,1.3211624025584014E+000,1.8630663660786817E+000,1.9000000000000001E+000
2.44,-3.7429006592188591E-002,-2.5347156468978227E-002,-2.5347156468978227E-002,1.2908699966687416E+000,1.8485686180723599E+000,1.8000000000000000E+000
2.46,1.9692873210098139E-001,5.3629286709343249E-004,5.3629286709343249E-004,1.2600612599917844E+000,1.8333141049473682E+000,1.8000000000000000E+000
2.48,1.9692873210098139E-001,5.3629286709343249E-004,5.3629286709343249E-004,1.2287485156114235E+000,1.8173100704083160E+000,1.8000000000000000E+000
2.5,-2.3181006131516488E+000,-2.8925309842021685E-001,-2.8925309842021685E-001,1.1969442882079131E+000,1.8005640220531645E+000,1.8000000000000000E+000
2.52,-2.3181006131516488E+000,-2.8925309842021685E-001,-2.8925309842021685E-001,1.1646612990481637E+000,1.7830837274364684E+000,1.8000000000000000E+000
2.54,-2.3181006131516488E+000,-2.8925309842021685E-001,-2.8925309842021685E-001,1.1319124608974056E+000,1.7648772102313099E+000,1.8000000000000000E+000
2.56,-3.2117797286604435E+000,-6.7626290958176183E-001,-5.0000000000000000E-001,1.0987108728542532E+000,1.7459527464776530E+000,1.7000000000000002E+000
2.58,-3.2117797286604435E+000,-6.7626290958176183E-001,-5.0000000000000000E-001,1.0650698151112423E+000,1.7263188609052806E+000,1.7000000000000002E+000
2.6,5.6521721484300969E-001,-5.7179761224729730E-001,-5.0000000000000000E-001,1.0310027436429283E+000,1.7059843233199148E+000,1.7000000000000002E+000
2.62,5.6521721484300969E-001,-5.7179761224729730E-001,-5.0000000000000000E-001,9.9652328482367714E-001,1.6849581450415638E+000,1.7000000000000002E+000
2.64,5.6521721484300969E-001,-5.7179761224729730E-001,-5.0000000000000000E-001,9.6164522997729651E-001,1.6632495753846070E+000,1.7000000000000002E+000
2.66,-2.1674388572880707E-001,-5.7030071735103338E-001,-5.0000000000000000E-001,9.2638252986069036E-001,1.6408680981695793E+000,1.6000000000000001E+000
2.68,-2.1674388572880707E-001,-5.7030071735103338E-001,-5.0000000000000000E-001,8.9074928908374229E-001,1.6178234282571040E+000,1.6000000000000001E+000
2.7,1.6501507776150897E+000,-3.3551683428159507E-001,-3.3551683428159507E-001,8.5475976046765956E-001,1.5941255080948820E+000,1.6000000000000001E+000
2.72,1.6501507776150897E+000,-3.3551683428159507E-001,-3.3551683428159507E-001,8.1842833934403458E-001,1.5697845042691299E+000,1.6000000000000001E+000
2.74,1.6501507776150897E+000,-3.3551683428159507E-001,-3.3551683428159507E-001,7.8176955779690438E-001,1.5448108040523167E+000,1.5000000000000000E+000
2.76,-9.1033121361708047E-002,-3.3012013273772878E-001,-3.3012013273772878E-001,7.4479807885011062E-001,1.5192150119395376E+000,1.5000000000000000E+000
2.78,-9.1033121361708047E-002,-3.3012013273772878E-001,-3.3012013273772878E-001,7.0752869060228540E-001,1.4930079461663288E+000,1.5000000000000000E+000
2.8,-5.6107677848007931E-001,-3.8374872341085220E-001,-3.8374872341085220E-001,6.6997630031180933E-001,1.4662006352011678E+000,1.5000000000000000E+000
2.82,-5.6107677848007931E-001,-3.8374872341085220E-001,-3.8374872341085220E-001,6.3215592843410762E-001,1.4388043142063938E+000,1.4000000000000001E+000
2.84,-5.6107677848007931E-001,-3.8374872341085220E-001,-3.8374872341085220E-001,5.9408270261366480E-001,1.4108304214617098E+000,1.4000000000000001E+000
2.86,-7.5653174696393122E-001,-4.5912775561080116E-001,-4.5912775561080116E-001,5.5577185163317355E-001,1.3822905947448776E+000,1.4000000000000001E+000
2.88,-7.5653174696393122E-001,-4.5912775561080116E-001,-4.5912775561080116E-001,5.1723869932222166E-001,1.3531966676646525E+000,1.4000000000000001E+000
2.9,9.2178530655800983E-001,-3.2094820451050970E-001,-3.2094820451050970E-001,4.7849865842796485E-001,1.3235606659414230E+000,1.3000000000000000E+000
2.92,9.2178530655800983E-001,-3.2094820451050970E-001,-3.2094820451050970E-001,4.3956722445023388E-001,1.2933948036314387E+000,1.3000000000000000E+000
2.94,9.2178530655800983E-001,-3.2094820451050970E-001,-3.2094820451050970E-001,4.0045996944354106E-001,1.2627114792909173E+000,1.3000000000000000E+000
2.96,7.0937882174646849E-001,-2.1622844156667570E-001,-2.1622844156667570E-001,3.6119253578846583E-001,1.2315232720767044E+000,1.2000000000000002E+000
2.98,7.0937882174646849E-001,-2.1622844156667570E-001,-2.1622844156667570E-001,3.2178062993491152E-001,1.1998429377805440E+000,1.2000000000000002E+000
3,1.2161108106103800E+000,-5.3403168162043935E-002,-5.3403168162043935E-002,2.8224001611973443E-001,1.1676834047943949E+000,1.2000000000000002E+000
3.02,1.2161108106103800E+000,-5.3403168162043935E-002,-5.3403168162043935E-002,2.4258651006125950E-001,1.1350577700045681E+000,1.1000000000000001E+000
3.04,1.2161108106103800E+000,-5.3403168162043935E-002,-5.3403168162043935E-002,2.0283597263320371E-001,1.1019792946128262E+000,1.1000000000000001E+000
3.06,2.7685515229198123E+000,2.9533593061103480E-001,2.9533593061103480E-001,1.6300430352053824E-001,1.0684613998828940E+000,1.1000000000000001E+000
3.08,2.7685515229198123E+000,2.9533593061103480E-001,2.9533593061103480E-001,1.2310743485982630E-001,1.0345176628111685E+000,1.0000000000000000E+000
3.1,8.6241286122099570E-001,3.8837074173310754E-001,3.8837074173310754E-001,8.3161324866580982E-002,1.0001618117207116E+000,1.0000000000000000E+000
3.12,8.6241286122099570E-001,3.8837074173310754E-001,3.8837074173310754E-001,4.3181951452191919E-002,9.6540772177790735E-001,1.0000000000000000E+000
3.14,8.6241286122099570E-001,3.8837074173310754E-001,3.8837074173310754E-001,3.1853058329736565E-003,9.3026941043144151E-001,9.0000000000000002E-001
3.16,-2.4204368169041746E+000,6.6397602533430078E-002,6.6397602533430078E-002,-3.6812613866107617E-002,8.9476103277353736E-001,9.0000000000000002E-001
3.18,-2.4204368169041746E+000,6.6397602533430078E-002,6.6397602533430078E-002,-7.6795809010470756E-002,8.5889687682363314E-001,9.0000000000000002E-001
3.2,1.8909065601447725E-001,8.6714054408568234E-002,8.6714054408568234E-002,-1.1674828685516017E-001,8.2269135873492327E-001,8.0000000000000004E-001
3.22,1.8909065601447725E-001,8.6714054408568234E-002,8.6714054408568234E-002,-1.5665406694173059E-001,7.8615901792443244E-001,8.0000000000000004E-001
3.24,1.8909065601447725E-001,8.6714054408568234E-002,8.6714054408568234E-002,-1.9649718749021736E-001,7.4931451212749600E-001,7.0000000000000007E-001
3.26,2.1215793239360221E+000,3.4757576718014327E-001,3.4757576718014327E-001,-2.3626171178363561E-001,7.1217261237773433E-001,7.0000000000000007E-001
3.28,2.1215793239360221E+000,3.4757576718014327E-001,3.4757576718014327E-001,-2.7593173454245457E-001,6.7474819791380358E-001,7.0000000000000007E-001
3.3,-1.4094875196718628E+000,1.5401103886215295E-001,1.5401103886215295E-001,-3.1549138828649731E-001,6.3705625101438934E-001,6.0000000000000009E-001
3.32,-1.4094875196718628E+000,1.5401103886215295E-001,1.5401103886215295E-001,-3.5492484968172117E-001,5.9911185176308157E-001,6.0000000000000009E-001
3.34,-1.4094875196718628E+000,1.5401103886215295E-001,1.5401103886215295E-001,-3.9421634586933968E-001,5.6093017274493673E-001,6.0000000000000009E-001
3.36,-3.4304036408597874E-002,1.4202248236797055E-001,1.4202248236797055E-001,-4.3335016077475924E-001,5.2252647367666993E-001,5.0000000000000000E-001
3.38,-3.4304036408597874E-002,1.4202248236797055E-001,1.4202248236797055E-001,-4.7231064139379397E-001,4.8391609597259255E-001,5.0000000000000000E-001
3.4,-2.1190074344984633E+000,-1.2995457106273589E-001,-1.2995457106273589E-001,-5.1108220405366245E-001,4.4511445724849963E-001,4.0000000000000002E-001
3.42,-2.1190074344984633E+000,-1.2995457106273589E-001,-1.2995457106273589E-001,-5.4964934064624804E-001,4.0613704576587195E-001,4.0000000000000002E-001
3.44,-2.1190074344984633E+000,-1.2995457106273589E-001,-1.2995457106273589E-001,-5.8799662483113524E-001,3.6699941481884785E-001,4.0000000000000002E-001
3.46,5.3088291650140240E-001,-5.7096477946923796E-002,-5.7096477946923796E-002,-6.2610871820594038E-001,3.2771717706653347E-001,3.0000000000000004E-001
3.48,5.3088291650140240E-001,-5.7096477946923796E-002,-5.7096477946923796E-002,-6.6397037644146817E-001,2.8830599881330993E-001,3.0000000000000004E-001
3.5,-6.8154542440123300E-001,-1.3943483209973184E-001,-1.3943483209973184E-001,-7.0156645537923967E-001,2.4878159423988705E-001,2.0000000000000001E-001
3.52,-6.8154542440123300E-001,-1.3943483209973184E-001,-1.3943483209973184E-001,-7.3888191708895423E-001,2.0915971958792900E-001,2.0000000000000001E-001
3.54,-6.8154542440123300E-001,-1.3943483209973184E-001,-1.3943483209973184E-001,-7.7590183588346062E-001,1.6945616730114982E-001,2.0000000000000001E-001
3.56,-2.2015568307092876E+000,-4.0765769433340648E-001,-4.0765769433340648E-001,-8.1261140428883361E-001,1.2968676012583988E-001,1.0000000000000001E-001
3.58,-2.2015568307092876E+000,-4.0765769433340648E-001,-4.0765769433340648E-001,-8.4899593896716519E-001,8.9867345173841928E-002,1.0000000000000001E-001
3.6,7.9189861470599177E-001,-2.8828748277848704E-001,-2.8828748277848704E-001,-8.8504088658970492E-001,5.0013787951044511E-002,1.0000000000000001E-001
3.62,7.9189861470599177E-001,-2.8828748277848704E-001,-2.8828748277848704E-001,-9.2073182965799660E-001,1.0141966354503557E-002,0.0000000000000000E+000
3.64,7.9189861470599177E-001,-2.8828748277848704E-001,-2.8828748277848704E-001,-9.5605449227068573E-001,-2.9732235358658023E-002,-0.0000000000000000E+000
3.66,3.0115981339066851E+000,1.0257665809877414E-001,1.0257665809877414E-001,-9.9099474583368985E-001,-6.9592932627392870E-002,-1.0000000000000001E-001
3.68,3.0115981339066851E+000,1.0257665809877414E-001,1.0257665809877414E-001,-1.0255386147114476E+000,-1.0942424666470739E-001,-1.0000000000000001E-001
3.7,9.1098351134448685E-001,2.1132076411189638E-001,2.1132076411189638E-001,-1.0596722818169868E+000,-1.4921031055424844E-001,-1.0000000000000001E-001
3.72,9.1098351134448685E-001,2.1132076411189638E-001,2.1132076411189638E-001,-1.0933820941385743E+000,-1.8893527536225618E-001,-2.0000000000000001E-001
3.74,9.1098351134448685E-001,2.1132076411189638E-001,2.1132076411189638E-001,-1.1266545682007401E+000,-2.2858331626162878E-001,-2.0000000000000001E-001
3.76,-2.4765214536625829E-001,1.6979820773551924E-001,1.6979820773551924E-001,-1.1594763954574863E+000,-2.6813863866483950E-001,-3.0000000000000004E-001
3.78,-2.4765214536625829E-001,1.6979820773551924E-001,1.6979820773551924E-001,-1.1918344476155285E+000,-3.0758548436244376E-001,-3.0000000000000004E-001
3.8,4.3725825028471901E+000,7.0788111020464228E-001,5.0000000000000000E-001,-1.2237157818854385E+000,-3.4690813766391482E-001,-3.0000000000000004E-001
3.82,4.3725825028471901E+000,7.0788111020464228E-001,5.0000000000000000E-001,-1.2551076461585873E+000,-3.8609093153755447E-001,-4.0000000000000002E-001
3.84,4.3725825028471901E+000,7.0788111020464228E-001,5.0000000000000000E-001,-1.2859974841078177E+000,-4.2511825374623063E-001,-4.0000000000000002E-001
3.86,-9.4622198795421497E-001,5.5420930620013276E-001,5.0000000000000000E-001,-1.3163729402098099E+000,-4.6397455297571522E-001,-5.0000000000000000E-001
3.88,-9.4622198795421497E-001,5.5420930620013276E-001,5.0000000000000000E-001,-1.3462218646871233E+000,-5.0264434495238830E-001,-5.0000000000000000E-001
3.9,1.5738009108735544E+000,7.2322395474932022E-001,5.0000000000000000E-001,-1.3755323183679475E+000,-5.4111221854713110E-001,-5.0000000000000000E-001
3.92,1.5738009108735544E+000,7.2322395474932022E-001,5.0000000000000000E-001,-1.4042925774616108E+000,-5.7936284186221199E-001,-6.0000000000000009E-001
3.94,1.5738009108735544E+000,7.2322395474932022E-001,5.0000000000000000E-001,-1.4324911382479411E+000,-6.1738096829801836E-001,-6.0000000000000009E-001
3.96,1.0828658650176299E+000,8.2242099013905801E-001,5.0000000000000000E-001,-1.4601167216785991E+000,-6.5515144259650548E-001,-7.0000000000000007E-001
3.98,1.0828658650176299E+000,8.2242099013905801E-001,5.0000000000000000E-001,-1.4871582778885493E+000,-6.9265920685826232E-001,-7.0000000000000007E-001
4,1.0709256519130226E+000,9.1516564712123305E-001,5.0000000000000000E-001,-1.5136049906158564E+000,-7.2988930653012296E-001,-7.0000000000000007E-001
4.02,1.0709256519130226E+000,9.1516564712123305E-001,5.0000000000000000E-001,-1.5394462815280487E+000,-7.6682689636028911E-001,-8.0000000000000004E-001
4.04,1.0709256519130226E+000,9.1516564712123305E-001,5.0000000000000000E-001,-1.5646718144533056E+000,-8.0345724631795423E-001,-8.0000000000000004E-001
4.06,1.1082979622795178E-001,8.8326108929366542E-001,5.0000000000000000E-001,-1.5892714995147947E+000,-8.3976574747448141E-001,-8.0000000000000004E-001
4.08,1.1082979622795178E-001,8.8326108929366542E-001,5.0000000000000000E-001,-1.6132354971664811E+000,-8.7573791784316801E-001,-9.0000000000000002E-001
4.1,-1.9172412621187338E+000,5.9944287706413968E-001,5.0000000000000000E-001,-1.6365542221288205E+000,-9.1135940817475225E-001,-9.0000000000000002E-001
4.12,-1.9172412621187338E+000,5.9944287706413968E-001,5.0000000000000000E-001,-1.6592183472227418E+000,-9.4661600770577048E-001,-9.0000000000000002E-001
4.14,-1.9172412621187338E+000,5.9944287706413968E-001,5.0000000000000000E-001,-1.6812188071003891E+000,-9.8149364985697340E-001,-1.0000000000000000E+000
4.16,9.5606717821263143E-001,6.8897913048751169E-001,5.0000000000000000E-001,-1.7025468018711489E+000,-1.0159784178790434E+000,-1.0000000000000000E+000
4.18,9.5606717821263143E-001,6.8897913048751169E-001,5.0000000000000000E-001,-1.7231938006214811E+000,-1.0500565504428563E+000,-1.1000000000000001E+000
4.2,3.2540041211535048E-001,6.9520522547755492E-001,5.0000000000000000E-001,-1.7431515448271764E+000,-1.0837144471716502E+000,-1.1000000000000001E+000
4.22,3.2540041211535048E-001,6.9520522547755492E-001,5.0000000000000000E-001,-1.7624120516566506E+000,-1.1169386741124194E+000,-1.1000000000000001E+000
4.24,3.2540041211535048E-001,6.9520522547755492E-001,5.0000000000000000E-001,-1.7809676171639770E+000,-1.1497159691439924E+000,-1.1000000000000001E+000
4.26,-1.9892024599488103E+000,4.1179465671007609E-001,4.1179465671007609E-001,-1.7988108193703554E+000,-1.1820332473192019E+000,-1.2000000000000002E+000
4.28,-1.9892024599488103E+000,4.1179465671007609E-001,4.1179465671007609E-001,-1.8159345212328108E+000,-1.2138776061386982E+000,-1.2000000000000002E+000
4.3,3.9813924532773424E+000,8.8887898053424008E-001,5.0000000000000000E-001,-1.8323318734989098E+000,-1.2452363307539127E+000,-1.2000000000000002E+000
4.32,3.9813924532773424E+000,8.8887898053424008E-001,5.0000000000000000E-001,-1.8479963174463758E+000,-1.2760968990968147E+000,-1.3000000000000000E+000
4.34,3.9813924532773424E+000,8.8887898053424008E-001,5.0000000000000000E-001,-1.8629215875064851E+000,-1.3064469869340714E+000,-1.3000000000000000E+000
4.36,2.2409874572230759E+000,1.1245584636604127E+000,5.0000000000000000E-001,-1.8771017137702157E+000,-1.3362744728433416E+000,-1.3000000000000000E+000
4.38,2.2409874572230759E+000,1.1245584636604127E+000,5.0000000000000000E-001,-1.8905310243761266E+000,-1.3655674431094178E+000,-1.4000000000000001E+000
4.4,8.0767537277060042E-002,1.0784264826370247E+000,5.0000000000000000E-001,-1.9032041477790322E+000,-1.3943141965380514E+000,-1.4000000000000001E+000
4.42,8.0767537277060042E-002,1.0784264826370247E+000,5.0000000000000000E-001,-1.9151160148985422E+000,-1.4225032491852669E+000,-1.4000000000000001E+000
4.44,8.0767537277060042E-002,1.0784264826370247E+000,5.0000000000000000E-001,-1.9262618611466333E+000,-1.4501233390000996E+000,-1.5000000000000000E+000
4.46,-1.5918316390449785E+000,8.2552620362455031E-001,5.0000000000000000E-001,-1.9366372283334143E+000,-1.4771634303786747E+000,-1.5000000000000000E+000
4.48,-1.5918316390449785E+000,8.2552620362455031E-001,5.0000000000000000E-001,-1.9462379664503477E+000,-1.5036127186276538E+000,-1.5000000000000000E+000
4.5,-8.5029215884652476E-001,6.7796337358750702E-001,5.0000000000000000E-001,-1.9550602353301940E+000,-1.5294606343350696E+000,-1.5000000000000000E+000
4.52,-8.5029215884652476E-001,6.7796337358750702E-001,5.0000000000000000E-001,-1.9631005061830311E+000,-1.5546968476466783E+000,-1.6000000000000001E+000
4.54,-8.5029215884652476E-001,6.7796337358750702E-001,5.0000000000000000E-001,-1.9703555630077190E+000,-1.5793112724459544E+000,-1.6000000000000001E+000
4.56,-4.0613867860950315E-001,5.9329787008194379E-001,5.0000000000000000E-001,-1.9768225038782612E+000,-1.6032940704359606E+000,-1.6000000000000001E+000
4.58,-4.0613867860950315E-001,5.9329787008194379E-001,5.0000000000000000E-001,-1.9824987421045339E+000,-1.6266356551213181E+000,-1.6000000000000001E+000
4.6,1.4619020767834091E-002,5.6546035417382590E-001,5.0000000000000000E-001,-1.9873820072669290E+000,-1.6493266956886106E+000,-1.6000000000000001E+000
4.62,1.4619020767834091E-002,5.6546035417382590E-001,5.0000000000000000E-001,-1.9914703461244907E+000,-1.6713581207835524E+000,-1.7000000000000002E+000
4.64,1.4619020767834091E-002,5.6546035417382590E-001,5.0000000000000000E-001,-1.9947621233961865E+000,-1.6927211221833678E+000,-1.7000000000000002E+000
4.66,-1.1836106648524516E+000,3.8923600335857789E-001,3.8923600335857789E-001,-1.9972560224149978E+000,-1.7134071583628059E+000,-1.7000000000000002E+000
4.68,-1.1836106648524516E+000,3.8923600335857789E-001,3.8923600335857789E-001,-1.9989510456545680E+000,-1.7334079579523225E+000,-1.7000000000000002E+000
4.7,-1.2272005044102949E+000,2.1637414013936207E-001,2.1637414013936207E-001,-1.9998465151282017E+000,-1.7527155230870068E+000,-1.8000000000000000E+000
4.72,-1.2272005044102949E+000,2.1637414013936207E-001,2.1637414013936207E-001,-1.9999420726600490E+000,-1.7713221326448405E+000,-1.8000000000000000E+000
4.74,-1.2272005044102949E+000,2.1637414013936207E-001,2.1637414013936207E-001,-1.9992376800283709E+000,-1.7892203453729927E+000,-1.8000000000000000E+000
4.76,-6.8961044557045348E-001,1.1935412743608709E-001,1.1935412743608709E-001,-1.9977336189808284E+000,-1.8064030029008420E+000,-1.8000000000000000E+000
4.78,-6.8961044557045348E-001,1.1935412743608709E-001,1.1935412743608709E-001,-1.9954304911217866E+000,-1.8228632326385292E+000,-1.8000000000000000E+000
4.8,-1.2401243089538412E+000,-4.1629117554947692E-002,-4.1629117554947692E-002,-1.9923292176716814E+000,-1.8385944505598348E+000,-1.8000000000000000E+000
4.82,-1.2401243089538412E+000,-4.1629117554947692E-002,-4.1629117554947692E-002,-1.9884310390985427E+000,-1.8535903638682958E+000,-1.9000000000000001E+000
4.84,-1.2401243089538412E+000,-4.1629117554947692E-002,-4.1629117554947692E-002,-1.9837375146218252E+000,-1.8678449735454532E+000,-1.9000000000000001E+000
4.86,1.6768265629152628E+000,1.7005565868720762E-001,1.7005565868720762E-001,-1.9782505215887396E+000,-1.8813525767802501E+000,-1.9000000000000001E+000
4.88,1.6768265629152628E+000,1.7005565868720762E-001,1.7005565868720762E-001,-1.9719722547233407E+000,-1.8941077692785813E+000,-1.9000000000000001E+000
4.9,-1.2555331332974953E+000,4.6112340906601101E-003,4.6112340906601101E-003,-1.9649052252486650E+000,-1.9061054474521093E+000,-1.9000000000000001E+000
4.92,-1.2555331332974953E+000,4.6112340906601101E-003,4.6112340906601101E-003,-1.9570522598822770E+000,-1.9173408104854657E+000,-1.9000000000000001E+000
4.94,-1.2555331332974953E+000,4.6112340906601101E-003,4.6112340906601101E-003,-1.9484164997056181E+000,-1.9278093622810413E+000,-1.9000000000000001E+000
4.96,9.1781965300146573E-001,1.1910812901131052E-001,1.1910812901131052E-001,-1.9390013989076176E+000,-1.9375069132805949E+000,-1.9000000000000001E+000
4.98,9.1781965300146573E-001,1.1910812901131052E-001,1.1910812901131052E-001,-1.9288107234030609E+000,-1.9464295821629944E+000,-1.9000000000000001E+000
5,3.0796821254095961E+000,4.9811298823694505E-001,4.9811298823694505E-001,-1.9178485493262769E+000,-1.9545737974174142E+000,-2.0000000000000000E+000
5.02,3.0796821254095961E+000,4.9811298823694505E-001,4.9811298823694505E-001,-1.9061192614007350E+000,-1.9619362987914124E+000,-2.0000000000000000E+000
5.04,3.0796821254095961E+000,4.9811298823694505E-001,4.9811298823694505E-001,-1.8936275511852179E+000,-1.9685141386133145E+000,-2.0000000000000000E+000
5.06,-1.3076692012673381E+000,3.0974868866668059E-001,3.0974868866668059E-001,-1.8803784151972567E+000,-1.9743046829884303E+000,-2.0000000000000000E+000
5.08,-1.3076692012673381E+000,3.0974868866668059E-001,3.0974868866668059E-001,-1.8663771529145952E+000,-1.9793056128686359E+000,-2.0000000000000000E+000
5.1,7.4254699166740035E-001,3.8707962819177155E-001,3.8707962819177155E-001,-1.8516293646554642E+000,-1.9835149249949471E+000,-2.0000000000000000E+000
5.12,7.4254699166740035E-001,3.8707962819177155E-001,3.8707962819177155E-001,-1.8361409493385339E+000,-1.9869309327127260E+000,-2.0000000000000000E+000
5.14,7.4254699166740035E-001,3.8707962819177155E-001,3.8707962819177155E-001,-1.8199181021234212E+000,-1.9895522666592469E+000,-2.0000000000000000E+000
5.16,-8.4030328152445710E-001,2.6268773659162581E-001,2.6268773659162581E-001,-1.8029673119327096E+000,-1.9913778753233711E+000,-2.0000000000000000E+000
5.18,-8.4030328152445710E-001,2.6268773659162581E-001,2.6268773659162581E-001,-1.7852953588564693E+000,-1.9924070254771464E+000,-2.0000000000000000E+000
5.2,-3.1004289261563395E-001,2.1079798818509021E-001,2.1079798818509021E-001,-1.7669093114403063E+000,-1.9926393024792022E+000,-2.0000000000000000E+000
5.22,-3.1004289261563395E-001,2.1079798818509021E-001,2.1079798818509021E-001,-1.7478165238580448E+000,-1.9920746104498472E+000,-2.0000000000000000E+000
5.24,-3.1004289261563395E-001,2.1079798818509021E-001,2.1079798818509021E-001,-1.7280246329701487E+000,-1.9907131723178453E+000,-2.0000000000000000E+000
5.26,-1.9111490830695304E+000,-3.8635546607855842E-002,-3.8635546607855842E-002,-1.7075415552690867E+000,-1.9885555297388839E+000,-2.0000000000000000E+000
5.28,-1.9111490830695304E+000,-3.8635546607855842E-002,-3.8635546607855842E-002,-1.6863754837128333E+000,-1.9856025428858026E+000,-2.0000000000000000E+000
5.3,2.5157771984539541E+000,2.7776838052928188E-001,2.7776838052928188E-001,-1.6645348844478025E+000,-1.9818553901107121E+000,-2.0000000000000000E+000
5.32,2.5157771984539541E+000,2.7776838052928188E-001,2.7776838052928188E-001,-1.6420284934224940E+000,-1.9773155674791574E+000,-2.0000000000000000E+000
5.34,2.5157771984539541E+000,2.7776838052928188E-001,2.7776838052928188E-001,-1.6188653128932389E+000,-1.9719848881765694E+000,-2.0000000000000000E+000
5.36,1.6550143980569362E-001,2.8456764147852948E-001,2.8456764147852948E-001,-1.5950546078234087E+000,-1.9658654817872567E+000,-2.0000000000000000E+000
5.38,1.6550143980569362E-001,2.8456764147852948E-001,2.8456764147852948E-001,-1.5706059021775611E+000,-1.9589597934462739E+000,-2.0000000000000000E+000
5.4,-1.5159627705440079E-001,2.5138972477280286E-001,2.5138972477280286E-001,-1.5455289751119743E+000,-1.9512705828645318E+000,-2.0000000000000000E+000
5.42,-1.5159627705440079E-001,2.5138972477280286E-001,2.5138972477280286E-001,-1.5198338570631220E+000,-1.9428009232275776E+000,-1.9000000000000001E+000
5.44,-1.5159627705440079E-001,2.5138972477280286E-001,2.5138972477280286E-001,-1.4935308257356246E+000,-1.9335541999685111E+000,-1.9000000000000001E+000
5.46,4.3319230541319302E-002,2.4423514235182764E-001,2.4423514235182764E-001,-1.4666304019913130E+000,-1.9235341094155638E+000,-1.9000000000000001E+000
5.48,4.3319230541319302E-002,2.4423514235182764E-001,2.4423514235182764E-001,-1.4391433456410150E+000,-1.9127446573149083E+000,-1.9000000000000001E+000
5.5,-1.8085632014395711E-001,2.0941634521624153E-001,2.0941634521624153E-001,-1.4110806511407838E+000,-1.9011901572293211E+000,-1.9000000000000001E+000
5.52,-1.8085632014395711E-001,2.0941634521624153E-001,2.0941634521624153E-001,-1.3824535431942528E+000,-1.8888752288133619E+000,-1.9000000000000001E+000
5.54,-1.8085632014395711E-001,2.0941634521624153E-001,2.0941634521624153E-001,-1.3532734722629138E+000,-1.8758047959657957E+000,-1.9000000000000001E+000
5.56,-1.4595731251250474E+000,1.6498887314798649E-002,1.6498887314798649E-002,-1.3235521099860739E+000,-1.8619840848600080E+000,-1.9000000000000001E+000
5.58,-1.4595731251250474E+000,1.6498887314798649E-002,1.6498887314798649E-002,-1.2933013445123669E+000,-1.8474186218532438E+000,-1.8000000000000000E+000
5.6,-1.3539141926455059E-001,-1.2499844590101172E-003,-1.2499844590101172E-003,-1.2625332757446417E+000,-1.8321142312755132E+000,-1.8000000000000000E+000
5.62,-1.3539141926455059E-001,-1.2499844590101172E-003,-1.2499844590101172E-003,-1.2312602105001726E+000,-1.8160770330990823E+000,-1.8000000000000000E+000
5.64,-1.3539141926455059E-001,-1.2499844590101172E-003,-1.2499844590101172E-003,-1.1994946575880876E+000,-1.7993134404894990E+000,-1.8000000000000000E+000
5.66,1.5233781358543166E+000,1.8923478174573016E-001,1.8923478174573016E-001,-1.1672493228060146E+000,-1.7818301572391542E+000,-1.8000000000000000E+000
5.68,1.5233781358543166E+000,1.8923478174573016E-001,1.8923478174573016E-001,-1.1345371038579373E+000,-1.7636341750844255E+000,-1.8000000000000000E+000
5.7,3.0490840255351239E+000,5.6090854585033489E-001,5.0000000000000000E-001,-1.1013710851952752E+000,-1.7447327709074933E+000,-1.7000000000000002E+000
5.72,3.0490840255351239E+000,5.6090854585033489E-001,5.0000000000000000E-001,-1.0677645327832885E+000,-1.7251335038239730E+000,-1.7000000000000002E+000
5.74,3.0490840255351239E+000,5.6090854585033489E-001,5.0000000000000000E-001,-1.0337308887948575E+000,-1.7048442121575293E+000,-1.7000000000000002E+000
5.76,1.3028336802832269E-001,5.4914853956135845E-001,5.0000000000000000E-001,-9.9928376623380488E-001,-1.6838730103027233E+000,-1.7000000000000002E+000
5.78,1.3028336802832269E-001,5.4914853956135845E-001,5.0000000000000000E-001,-9.6443694348986309E-001,-1.6622282854773309E+000,-1.7000000000000002E+000
5.8,-3.3887281408723289E+000,9.8100094974248320E-002,9.8100094974248320E-002,-9.2920435882751473E-001,-1.6399186943654831E+000,-1.6000000000000001E+000
5.82,-3.3887281408723289E+000,9.8100094974248320E-002,9.8100094974248320E-002,-8.9360010481086005E-001,-1.6169531596529385E+000,-1.6000000000000001E+000
5.84,-3.3887281408723289E+000,9.8100094974248320E-002,9.8100094974248320E-002,-8.5763842266679180E-001,-1.5933408664559376E+000,-1.6000000000000001E+000
5.86,2.0509786830642809E+000,3.4956742560857124E-001,3.4956742560857124E-001,-8.2133369658868172E-001,-1.5690912586450283E+000,-1.6000000000000001E+000
5.88,2.0509786830642809E+000,3.4956742560857124E-001,3.4956742560857124E-001,-7.8470044798290772E-001,-1.5442140350653870E+000,-1.5000000000000000E+000
5.9,-1.4723681368347311E-001,3.1368445261770844E-001,3.1368445261770844E-001,-7.4775332966047203E-001,-1.5187191456551203E+000,-1.5000000000000000E+000
5.92,-1.4723681368347311E-001,3.1368445261770844E-001,3.1368445261770844E-001,-7.1050711997608529E-001,-1.4926167874631453E+000,-1.5000000000000000E+000
5.94,-1.4723681368347311E-001,3.1368445261770844E-001,3.1368445261770844E-001,-6.7297671691700844E-001,-1.4659174005682087E+000,-1.5000000000000000E+000
5.96,1.9483911547721522E+000,5.4154912433334257E-001,5.0000000000000000E-001,-6.3517713214406968E-001,-1.4386316639007319E+000,-1.4000000000000001E+000
5.98,1.9483911547721522E+000,5.4154912433334257E-001,5.0000000000000000E-001,-5.9712348498718715E-001,-1.4107704909691114E+000,-1.4000000000000001E+000
6,1.3888774713647685E+000,6.8808135203727139E-001,5.0000000000000000E-001,-5.5883099639785172E-001,-1.3823450254922327E+000,-1.4000000000000001E+000
6.02,1.3888774713647685E+000,6.8808135203727139E-001,5.0000000000000000E-001,-5.2031498286093614E-001,-1.3533666369399171E+000,-1.4000000000000001E+000
6.04,1.3888774713647685E+000,6.8808135203727139E-001,5.0000000000000000E-001,-4.8159085026831838E-001,-1.3238469159831243E+000,-1.3000000000000000E+000
6.06,-1.5904409237277928E-001,6.3379677288881042E-001,5.0000000000000000E-001,-4.4267408775671735E-001,-1.2937976698556926E+000,-1.3000000000000000E+000
6.08,-1.5904409237277928E-001,6.3379677288881042E-001,5.0000000000000000E-001,-4.0358026151225779E-001,-1.2632309176295253E+000,-1.3000000000000000E+000
6.1,-1.1358129651147613E+000,4.6013031360502443E-001,4.6013031360502443E-001,-3.6432500854419003E-001,-1.2321588854050707E+000,-1.2000000000000002E+000
6.12,-1.1358129651147613E+000,4.6013031360502443E-001,4.6013031360502443E-001,-3.2492403043030837E-001,-1.2005940014190595E+000,-1.2000000000000002E+000
6.14,-1.1358129651147613E+000,4.6013031360502443E-001,4.6013031360502443E-001,-2.8539308703651545E-001,-1.1685488910714277E+000,-1.2000000000000002E+000
6.16,1.9866868680148735E+000,6.8545965642663242E-001,5.0000000000000000E-001,-2.4574799021310009E-001,-1.1360363718734556E+000,-1.1000000000000001E+000
6.18,1.9866868680148735E+000,6.8545965642663242E-001,5.0000000000000000E-001,-2.0600459747019570E-001,-1.1030694483190948E+000,-1.1000000000000001E+000
6.2,-1.1177662847779999E+000,5.1146588800805082E-001,5.0000000000000000E-001,-1.6617880563499279E-001,-1.0696613066815839E+000,-1.1000000000000001E+000
6.22,-1.1177662847779999E+000,5.1146588800805082E-001,5.0000000000000000E-001,-1.2628654449322554E-001,-1.0358253097374135E+000,-1.0000000000000000E+000
6.24,-1.1177662847779999E+000,5.1146588800805082E-001,5.0000000000000000E-001,-8.6343770417457361E-002,-1.0015749914197378E+000,-1.0000000000000000E+000
6.26,-8.6479797931744951E-001,3.7779284619296666E-001,3.7779284619296666E-001,-4.6366459984758898E-002,-9.6692405140341542E-001,-1.0000000000000000E+000
6.28,-8.6479797931744951E-001,3.7779284619296666E-001,3.7779284619296666E-001,-6.3706035862759807E-003,-9.3188634962378813E-001,-9.0000000000000002E-001
6.3,1.4378380709447758E+000,5.3863296275141526E-001,5.0000000000000000E-001,3.3627800968699426E-002,-8.9647590073144978E-001,-9.0000000000000002E-001
6.32,1.4378380709447758E+000,5.3863296275141526E-001,5.0000000000000000E-001,7.3612754851653833E-002,-8.6070686848516753E-001,-9.0000000000000002E-001
6.34,1.4378380709447758E+000,5.3863296275141526E-001,5.0000000000000000E-001,1.1356826461415610E-001,-8.2459356008524909E-001,-8.0000000000000004E-001
6.36,5.7628775728172243E-001,5.8373728427405980E-001,5.0000000000000000E-001,1.5347834858503784E-001,-7.8815042044957362E-001,-8.0000000000000004E-001
6.38,5.7628775728172243E-001,5.8373728427405980E-001,5.0000000000000000E-001,1.9332704326283448E-001,-7.5139202643462333E-001,-8.0000000000000004E-001
6.4,-2.2118443804645067E+000,2.7806987250229342E-001,2.7806987250229342E-001,2.3309840970098727E-001,-7.1433308100377679E-001,-7.0000000000000007E-001
6.42,-2.2118443804645067E+000,2.7806987250229342E-001,2.7806987250229342E-001,2.7277653988319528E-001,-6.7698840734524890E-001,-7.0000000000000007E-001
6.44,-2.2118443804645067E+000,2.7806987250229342E-001,2.7806987250229342E-001,3.1234556308642381E-001,-6.3937294294197178E-001,-6.0000000000000009E-001
6.46,-2.2839634965258016E-001,2.3561683517060616E-001,2.3561683517060616E-001,3.5178965222896802E-001,-6.0150173359584569E-001,-6.0000000000000009E-001
6.48,-2.2839634965258016E-001,2.3561683517060616E-001,2.3561683517060616E-001,3.9109303020108849E-001,-5.6338992740869354E-001,-6.0000000000000009E-001
6.5,-1.7098772054519579E-001,2.0246252834392631E-001,2.0246252834392631E-001,4.3023997617563103E-001,-5.2505276872237716E-001,-5.0000000000000000E-001
6.52,-1.7098772054519579E-001,2.0246252834392631E-001,2.0246252834392631E-001,4.6921483189616159E-001,-4.8650559202044708E-001,-5.0000000000000000E-001
6.54,-1.7098772054519579E-001,2.0246252834392631E-001,2.0246252834392631E-001,5.0800200794004624E-001,-4.4776381579381441E-001,-4.0000000000000002E-001
6.56,-1.6707295655219628E-001,1.7145528235770541E-001,1.7145528235770541E-001,5.4658598995402652E-001,-4.0884293637284558E-001,-4.0000000000000002E-001
6.58,-1.6707295655219628E-001,1.7145528235770541E-001,1.7145528235770541E-001,5.8495134485973943E-001,-3.6975852172839668E-001,-4.0000000000000002E-001
6.6,5.4116054701194305E-001,2.3052758661631298E-001,2.3052758661631298E-001,6.2308272702675738E-001,-3.3052620524421306E-001,-3.0000000000000004E-001
6.62,5.4116054701194305E-001,2.3052758661631298E-001,2.3052758661631298E-001,6.6096488441062184E-001,-2.9116167946323895E-001,-3.0000000000000004E-001
6.64,5.4116054701194305E-001,2.3052758661631298E-001,2.3052758661631298E-001,6.9858266465347141E-001,-2.5168068981027758E-001,-3.0000000000000004E-001
6.66,-1.9522947113010294E+000,-2.5035631627132182E-002,-2.5035631627132182E-002,7.3592102114476932E-001,-2.1209902829357083E-001,-2.0000000000000001E-001
6.68,-1.9522947113010294E+000,-2.5035631627132182E-002,-2.5035631627132182E-002,7.7296501903975867E-001,-1.7243252718775978E-001,-2.0000000000000001E-001
6.7,-5.8187200691656160E-001,-9.6517850910345926E-002,-9.6517850910345926E-002,8.0969984123319660E-001,-1.3269705270079443E-001,-1.0000000000000001E-001
6.72,-5.8187200691656160E-001,-9.6517850910345926E-002,-9.6517850910345926E-002,8.4611079428599367E-001,-9.2908498627308739E-002,-1.0000000000000001E-001
6.74,-5.8187200691656160E-001,-9.6517850910345926E-002,-9.6517850910345926E-002,8.8218331430240471E-001,-5.3082779990977533E-002,-1.0000000000000001E-001
6.76,-1.9489757046404068E+000,-3.3531392144487970E-001,-3.3531392144487970E-001,9.1790297275538058E-001,-1.3235826678442360E-002,-0.0000000000000000E+000
6.78,-1.9489757046404068E+000,-3.3531392144487970E-001,-3.3531392144487970E-001,9.5325548225779899E-001,2.6616422932704234E-002,0.0000000000000000E+000
6.8,1.0980758613775126E+000,-1.8128874270044670E-001,-1.8128874270044670E-001,9.8822670227721632E-001,6.6458028349272558E-002,1.0000000000000001E-001
6.82,1.0980758613775126E+000,-1.8128874270044670E-001,-1.8128874270044670E-001,1.0228026447919047E+000,1.0627305333867565E-001,1.0000000000000001E-001
6.84,1.0980758613775126E+000,-1.8128874270044670E-001,-1.8128874270044670E-001,1.0569694798858615E+000,1.4604557230336998E-001,1.0000000000000001E-001
6.86,1.7093312417326985E+000,4.1442099651163300E-002,4.1442099651163300E-002,1.0907135412806039E+000,1.8575967665104540E-001,2.0000000000000001E-001
6.88,1.7093312417326985E+000,4.1442099651163300E-002,4.1442099651163300E-002,1.1240213318014860E+000,2.2539948115796082E-001,2.0000000000000001E-001
6.9,-2.5944974189488190E-001,6.9387769317448555E-003,6.9387769317448555E-003,1.1568795287764004E+000,2.6494913032293943E-001,3.0000000000000004E-001
6.92,-2.5944974189488190E-001,6.9387769317448555E-003,6.9387769317448555E-003,1.1892749893646573E+000,3.0439280470942581E-001,3.0000000000000004E-001
6.94,-2.5944974189488190E-001,6.9387769317448555E-003,6.9387769317448555E-003,1.2211947558139582E+000,3.4371472727312696E-001,3.0000000000000004E-001
6.96,5.4335341014319249E-001,7.4511014353056682E-002,7.4511014353056682E-002,1.2526260606433117E+000,3.8289916967264942E-001,4.0000000000000002E-001
6.98,5.4335341014319249E-001,7.4511014353056682E-002,7.4511014353056682E-002,1.2835563317498675E+000,4.2193045856066957E-001,4.0000000000000002E-001
7,9.9406672473585367E-001,1.9504380422738554E-001,1.9504380422738554E-001,1.3139731974375781E+000,4.6079298185306117E-001,5.0000000000000000E-001
7.02,9.9406672473585367E-001,1.9504380422738554E-001,1.9504380422738554E-001,1.3438644913657243E+000,4.9947119497353321E-001,5.0000000000000000E-001
7.04,9.9406672473585367E-001,1.9504380422738554E-001,1.9504380422738554E-001,1.3732182574152769E+000,5.3794962707122462E-001,5.0000000000000000E-001
7.06,6.9567570671508605E-001,2.7225107735540210E-001,2.7225107735540210E-001,1.4020227544711974E+000,5.7621288720882546E-001,6.0000000000000009E-001
7.08,6.9567570671508605E-001,2.7225107735540210E-001,2.7225107735540210E-001,1.4302664611187157E+000,6.1424567051869405E-001,6.0000000000000009E-001
7.1,8.4472533667344962E-001,3.6422919057181341E-001,3.6422919057181341E-001,1.4579380802517530E+000,6.5203276432456669E-001,7.0000000000000007E-001
7.12,8.4472533667344962E-001,3.6422919057181341E-001,3.6422919057181341E-001,1.4850265435916035E+000,6.8955905422635522E-001,7.0000000000000007E-001
7.14,8.4472533667344962E-001,3.6422919057181341E-001,3.6422919057181341E-001,1.5115210161141086E+000,7.2680953014565208E-001,7.0000000000000007E-001
7.16,-2.7870430040261368E-001,3.1117969349289593E-001,3.1117969349289593E-001,1.5374109003835117E+000,7.6376929232947921E-001,8.0000000000000004E-001
7.18,-2.7870430040261368E-001,3.1117969349289593E-001,3.1117969349289593E-001,1.5626858407913000E+000,8.0042355730992099E-001,8.0000000000000004E-001
7.2,6.0377372271341390E-001,3.7109242415742788E-001,3.7109242415742788E-001,1.5873357276983062E+000,8.3675766381722683E-001,8.0000000000000004E-001
7.22,6.0377372271341390E-001,3.7109242415742788E-001,3.7109242415742788E-001,1.6113507014784265E+000,8.7275707864402807E-001,9.0000000000000002E-001
7.24,6.0377372271341390E-001,3.7109242415742788E-001,3.7109242415742788E-001,1.6347211564623458E+000,9.0840740245834828E-001,9.0000000000000002E-001
7.26,-1.7912533935054469E+000,1.2863112876137561E-001,1.2863112876137561E-001,1.6574377447796707E+000,9.4369437556303271E-001,9.0000000000000002E-001
7.28,-1.7912533935054469E+000,1.2863112876137561E-001,1.2863112876137561E-001,1.6794913800979598E+000,9.7860388359935058E-001,1.0000000000000000E+000
7.3,7.1153795290456678E-001,2.1114181643637764E-001,2.1114181643637764E-001,1.7008732412571288E+000,1.0131219631924360E+000,1.0000000000000000E+000
7.32,7.1153795290456678E-001,2.1114181643637764E-001,2.1114181643637764E-001,1.7215747757978035E+000,1.0472348075363620E+000,1.0000000000000000E+000
7.34,7.1153795290456678E-001,2.1114181643637764E-001,2.1114181643637764E-001,1.7415877033821823E+000,1.0809287719165597E+000,1.1000000000000001E+000
7.36,1.7418668029046622E+000,4.1831807597764170E-001,4.1831807597764170E-001,1.7609040191060688E+000,1.1141903791674312E+000,1.1000000000000001E+000
7.38,1.7418668029046622E+000,4.1831807597764170E-001,4.1831807597764170E-001,1.7795159967007192E+000,1.1470063250629168E+000,1.1000000000000001E+000
7.4,-2.4960511645725739E-001,3.6620153262160232E-001,3.6620153262160232E-001,1.7974161916232538E+000,1.1793634836379130E+000,1.2000000000000002E+000
7.42,-2.4960511645725739E-001,3.6620153262160232E-001,3.6620153262160232E-001,1.8145974440343680E+000,1.2112489124383703E+000,1.2000000000000002E+000
7.44,-2.4960511645725739E-001,3.6620153262160232E-001,3.6620153262160232E-001,1.8310528816621792E+000,1.2426498576980043E+000,1.2000000000000002E+000
7.46,1.4474010263486575E-002,3.4970070727345803E-001,3.4970070727345803E-001,1.8467759225510378E+000,1.2735537594395210E+000,1.3000000000000000E+000
7.48,1.4474010263486575E-002,3.4970070727345803E-001,3.4970070727345803E-001,1.8617602776942273E+000,1.3039482564983456E+000,1.3000000000000000E+000
7.5,2.7558002177406662E+000,6.7669069912736912E-001,5.0000000000000000E-001,1.8759999535494778E+000,1.3338211914668159E+000,1.3000000000000000E+000
7.52,2.7558002177406662E+000,6.7669069912736912E-001,5.0000000000000000E-001,1.8894892544363082E+000,1.3631606155568907E+000,1.4000000000000001E+000
7.54,2.7558002177406662E+000,6.7669069912736912E-001,5.0000000000000000E-001,1.9022227848142179E+000,1.3919547933793996E+000,1.4000000000000001E+000
7.56,-2.8069007863015505E-001,6.0776990434223133E-001,5.0000000000000000E-001,1.9141954514408346E+000,1.4201922076379598E+000,1.4000000000000001E+000
7.58,-2.8069007863015505E-001,6.0776990434223133E-001,5.0000000000000000E-001,1.9254024654091402E+000,1.4478615637356351E+000,1.4000000000000001E+000
7.6,2.5474552390901806E-001,6.0922459961374698E-001,5.0000000000000000E-001,1.9358393440629731E+000,1.4749517942925463E+000,1.5000000000000000E+000
7.62,2.5474552390901806E-001,6.0922459961374698E-001,5.0000000000000000E-001,1.9455019127900275E+000,1.5014520635725765E+000,1.5000000000000000E+000
7.64,2.5474552390901806E-001,6.0922459961374698E-001,5.0000000000000000E-001,1.9543863066916460E+000,1.5273517718174459E+000,1.5000000000000000E+000
7.66,1.0687035632463520E+000,7.1235131503885363E-001,5.0000000000000000E-001,1.9624889721287242E+000,1.5526405594863835E+000,1.6000000000000001E+000
7.68,1.0687035632463520E+000,7.1235131503885363E-001,5.0000000000000000E-001,1.9698066681431217E+000,1.5773083113997335E+000,1.6000000000000001E+000
7.7,-1.2323912039369875E+000,5.2268484879478772E-001,5.0000000000000000E-001,1.9763364677540007E+000,1.6013451607848097E+000,1.6000000000000001E+000
7.72,-1.2323912039369875E+000,5.2268484879478772E-001,5.0000000000000000E-001,1.9820757591285796E+000,1.6247414932224002E+000,1.6000000000000001E+000
7.74,-1.2323912039369875E+000,5.2268484879478772E-001,5.0000000000000000E-001,1.9870222466268317E+000,1.6474879504923419E+000,1.6000000000000001E+000
7.76,3.9895079595565208E-001,5.4641945584950491E-001,5.0000000000000000E-001,1.9911739517197096E+000,1.6695754343166056E+000,1.7000000000000002E+000
7.78,3.9895079595565208E-001,5.4641945584950491E-001,5.0000000000000000E-001,1.9945292137805317E+000,1.6909951099984315E+000,1.7000000000000002E+000
7.8,1.6260016704796549E+000,7.2234869186698691E-001,5.0000000000000000E-001,1.9970866907492100E+000,1.7117384099560211E+000,1.7000000000000002E+000
7.82,1.6260016704796549E+000,7.2234869186698691E-001,5.0000000000000000E-001,1.9988453596690559E+000,1.7317970371493994E+000,1.7000000000000002E+000
7.84,1.6260016704796549E+000,7.2234869186698691E-001,5.0000000000000000E-001,1.9998045170959504E+000,1.7511629683990624E+000,1.8000000000000000E+000
7.86,6.0217717602809273E-001,7.6150340427714913E-001,5.0000000000000000E-001,1.9999637793797111E+000,1.7698284575950904E+000,1.8000000000000000E+000
7.88,6.0217717602809273E-001,7.6150340427714913E-001,5.0000000000000000E-001,1.9993230828175483E+000,1.7877860387954363E+000,1.8000000000000000E+000
7.9,2.9537689173014775E-001,7.6035034552956016E-001,5.0000000000000000E-001,1.9978826836795440E+000,1.8050285292121573E+000,1.8000000000000000E+000
7.92,2.9537689173014775E-001,7.6035034552956016E-001,5.0000000000000000E-001,1.9956431581061487E+000,1.8215490320843839E+000,1.8000000000000000E+000
7.94,2.9537689173014775E-001,7.6035034552956016E-001,5.0000000000000000E-001,1.9926054018777313E+000,1.8373409394368969E+000,1.8000000000000000E+000
7.96,-2.2846132952510851E+000,4.3675616634669567E-001,4.3675616634669567E-001,1.9887706300562809E+000,1.8523979347231820E+000,1.9000000000000001E+000
7.98,-2.2846132952510851E+000,4.3675616634669567E-001,4.3675616634669567E-001,1.9841403764993959E+000,1.8667139953519318E+000,1.9000000000000001E+000
8,-1.5904510381295505E+000,2.1611197826316708E-001,2.1611197826316708E-001,1.9787164932467636E+000,1.8802833950959639E+000,1.9000000000000001E+000
8.02,-1.5904510381295505E+000,2.1611197826316708E-001,2.1611197826316708E-001,1.9725011497793674E+000,1.8931007063826042E+000,1.9000000000000001E+000
8.04,-1.5904510381295505E+000,2.1611197826316708E-001,2.1611197826316708E-001,1.9654968321517237E+000,1.9051608024646152E+000,1.9000000000000001E+000
8.06,-2.8944631769655400E+000,-1.5650151777068411E-001,-1.5650151777068411E-001,1.9577063419974947E+000,1.9164588594707899E+000,1.9000000000000001E+000
8.08,-2.8944631769655400E+000,-1.5650151777068411E-001,-1.5650151777068411E-001,1.9491327954088700E+000,1.9269903583354187E+000,1.9000000000000001E+000
8.1,-1.4113566020797901E+000,-3.2509601714212355E-001,-3.2509601714212355E-001,1.9397796216901726E+000,1.9367510866058257E+000,1.9000000000000001E+000
8.12,-1.4113566020797901E+000,-3.2509601714212355E-001,-3.2509601714212355E-001,1.9296505619861817E+000,1.9457371401272778E+000,1.9000000000000001E+000
8.14,-1.4113566020797901E+000,-3.2509601714212355E-001,-3.2509601714212355E-001,1.9187496677857283E+000,1.9539449246045628E+000,2.0000000000000000E+000
8.16,4.5938588163296606E-001,-2.5141798108089652E-001,-2.5141798108089652E-001,1.9070812993011486E+000,1.9613711570396517E+000,2.0000000000000000E+000
8.18,4.5938588163296606E-001,-2.5141798108089652E-001,-2.5141798108089652E-001,1.8946501237242599E+000,1.9680128670448340E+000,2.0000000000000000E+000
8.2,-9.4863827900904016E-002,-2.5070506051446473E-001,-2.5070506051446473E-001,1.8814611133595462E+000,1.9738673980308143E+000,2.0000000000000000E+000
8.22,-9.4863827900904016E-002,-2.5070506051446473E-001,-2.5070506051446473E-001,1.8675195436353014E+000,1.9789324082693045E+000,2.0000000000000000E+000
8.24,-9.4863827900904016E-002,-2.5070506051446473E-001,-2.5070506051446473E-001,1.8528309909935323E+000,1.9832058718296668E+000,2.0000000000000000E+000
8.26,-1.3736301146693555E+000,-4.0987357182241113E-001,-4.0987357182241113E-001,1.8374013306594494E+000,1.9866860793892502E+000,2.0000000000000000E+000
8.28,-1.3736301146693555E+000,-4.0987357182241113E-001,-4.0987357182241113E-001,1.8212367342914608E+000,1.9893716389170897E+000,2.0000000000000000E+000
8.3,3.4191287740614915E+000,3.8011203526395754E-002,3.8011203526395754E-002,1.8043436675125866E+000,1.9912614762306859E+000,2.0000000000000000E+000
8.32,3.4191287740614915E+000,3.8011203526395754E-002,3.8011203526395754E-002,1.7867288873243039E+000,1.9923548354256622E+000,2.0000000000000000E+000
8.34,3.4191287740614915E+000,3.8011203526395754E-002,3.8011203526395754E-002,1.7683994394038254E+000,1.9926512791781072E+000,2.0000000000000000E+000
8.36,-8.3359377546878966E-001,-6.8088578583522796E-002,-6.8088578583522796E-002,1.7493626552859305E+000,1.9921506889194953E+000,2.0000000000000000E+000
8.38,-8.3359377546878966E-001,-6.8088578583522796E-002,-6.8088578583522796E-002,1.7296261494304437E+000,1.9908532648841093E+000,2.0000000000000000E+000
8.4,9.9251810274503957E-002,-5.2277673370033674E-002,-5.2277673370033674E-002,1.7091978161765611E+000,1.9887595260289428E+000,2.0000000000000000E+000
8.42,9.9251810274503957E-002,-5.2277673370033674E-002,-5.2277673370033674E-002,1.6880858265852081E+000,1.9858703098261250E+000,2.0000000000000000E+000
8.44,9.9251810274503957E-002,-5.2277673370033674E-002,-5.2277673370033674E-002,1.6662986251707319E+000,1.9821867719279407E+000,2.0000000000000000E+000
8.46,4.1575867498150855E-003,-4.9144091357805099E-002,-4.9144091357805099E-002,1.6438449265232045E+000,1.9777103857045846E+000,2.0000000000000000E+000
8.48,4.1575867498150855E-003,-4.9144091357805099E-002,-4.9144091357805099E-002,1.6207337118227096E+000,1.9724429416548319E+000,2.0000000000000000E+000
8.5,2.4934827656847791E-001,-1.5518352218854975E-002,-1.5518352218854975E-002,1.5969742252469805E+000,1.9663865466898633E+000,2.0000000000000000E+000
8.52,2.4934827656847791E-001,-1.5518352218854975E-002,-1.5518352218854975E-002,1.5725759702738584E+000,1.9595436232905326E+000,2.0000000000000000E+000
8.54,2.4934827656847791E-001,-1.5518352218854975E-002,-1.5518352218854975E-002,1.5475487058800246E+000,1.9519169085384027E+000,2.0000000000000000E+000
8.56,1.2328991077894014E+000,1.3936995386576279E-001,1.3936995386576279E-001,1.5219024426375487E+000,1.9435094530209580E+000,1.9000000000000001E+000
8.58,1.2328991077894014E+000,1.3936995386576279E-001,1.3936995386576279E-001,1.4956474387097796E+000,1.9343246196114081E+000,1.9000000000000001E+000
8.6,-3.2125847587921652E+000,-2.6917163867654637E-001,-2.6917163867654637E-001,1.4687941957482267E+000,1.9243660821235882E+000,1.9000000000000001E+000
8.62,-3.2125847587921652E+000,-2.6917163867654637E-001,-2.6917163867654637E-001,1.4413534546920337E+000,1.9136378238424840E+000,1.9000000000000001E+000
8.64,-3.2125847587921652E+000,-2.6917163867654637E-001,-2.6917163867654637E-001,1.4133361914717559E+000,1.9021441359309785E+000,1.9000000000000001E+000
8.66,-2.1761870760258093E+000,-5.2773644124594565E-001,-5.0000000000000000E-001,1.3847536126191209E+000,1.8898896157134439E+000,1.9000000000000001E+000
8.68,-2.1761870760258093E+000,-5.2773644124594565E-001,-5.0000000000000000E-001,1.3556171507845733E+000,1.8768791648368788E+000,1.9000000000000001E+000
8.7,-2.3929869522745641E+000,-8.0047298821796953E-001,-5.0000000000000000E-001,1.3259384601643640E+000,1.8631179873103152E+000,1.9000000000000001E+000
8.72,-2.3929869522745641E+000,-8.0047298821796953E-001,-5.0000000000000000E-001,1.2957294118390352E+000,1.8486115874232998E+000,1.8000000000000000E+000
8.74,-2.3929869522745641E+000,-8.0047298821796953E-001,-5.0000000000000000E-001,1.2650020890251326E+000,1.8333657675442430E+000,1.8000000000000000E+000
8.76,5.4715034375574112E-001,-6.9205554583760320E-001,-5.0000000000000000E-001,1.2337687822420895E+000,1.8173866257995599E+000,1.8000000000000000E+000
8.78,5.4715034375574112E-001,-6.9205554583760320E-001,-5.0000000000000000E-001,1.2020419843961807E+000,1.8006805536345059E+000,1.8000000000000000E+000
8.8,-2.0577912358070161E-002,-6.6002500759048177E-001,-5.0000000000000000E-001,1.1698343857835234E+000,1.7832542332566863E+000,1.8000000000000000E+000
8.82,-2.0577912358070161E-002,-6.6002500759048177E-001,-5.0000000000000000E-001,1.1371588690141392E+000,1.7651146349632743E+000,1.8000000000000000E+000
8.84,-2.0577912358070161E-002,-6.6002500759048177E-001,-5.0000000000000000E-001,1.1040285038590658E+000,1.7462690143529791E+000,1.7000000000000002E+000
8.86,-2.6147423345901435E-002,-6.3029218512919538E-001,-5.0000000000000000E-001,1.0704565420226324E+000,1.7267249094239148E+000,1.7000000000000002E+000
8.88,-2.6147423345901435E-002,-6.3029218512919538E-001,-5.0000000000000000E-001,1.0364564118419504E+000,1.7064901375585035E+000,1.7000000000000002E+000
8.9,9.0082954307460869E-002,-5.8751720658430284E-001,-5.0000000000000000E-001,1.0020417129157693E+000,1.6855727923966399E+000,1.7000000000000002E+000
8.92,9.0082954307460869E-002,-5.8751720658430284E-001,-5.0000000000000000E-001,9.6722621066479997E-001,1.6639812405983339E+000,1.7000000000000002E+000
8.94,9.0082954307460869E-002,-5.8751720658430284E-001,-5.0000000000000000E-001,9.3202383082574225E-001,1.6417241184971736E+000,1.6000000000000001E+000
8.96,1.5893351452368751E+000,-3.5947445310047788E-001,-3.5947445310047788E-001,8.9644865388116979E-001,1.6188103286459048E+000,1.6000000000000001E+000
8.98,1.5893351452368751E+000,-3.5947445310047788E-001,-3.5947445310047788E-001,8.6051490942753739E-001,1.5952490362555451E+000,1.6000000000000001E+000
9,-5.3324270637764049E-001,-4.0815606874265914E-001,-4.0815606874265914E-001,8.2423697048351319E-001,1.5710496655294099E+000,1.6000000000000001E+000
9.02,-5.3324270637764049E-001,-4.0815606874265914E-001,-4.0815606874265914E-001,7.8762934774097526E-001,1.5462218958935721E+000,1.5000000000000000E+000
9.04,-5.3324270637764049E-001,-4.0815606874265914E-001,-4.0815606874265914E-001,7.5070668376092220E-001,1.5207756581252192E+000,1.5000000000000000E+000
9.06,-2.3133891210389863E+000,-6.7692190543539921E-001,-5.0000000000000000E-001,7.1348374711665719E-001,1.4947211303804893E+000,1.5000000000000000E+000
9.08,-2.3133891210389863E+000,-6.7692190543539921E-001,-5.0000000000000000E-001,6.7597542648653519E-001,1.4680687341233338E+000,1.5000000000000000E+000
9.1,-1.4922436534309140E+000,-8.2960626684249361E-001,-5.0000000000000000E-001,6.3819672469870425E-001,1.4408291299570850E+000,1.4000000000000001E+000
9.12,-1.4922436534309140E+000,-8.2960626684249361E-001,-5.0000000000000000E-001,6.0016275273016650E-001,1.4130132133603546E+000,1.4000000000000001E+000
9.14,-1.4922436534309140E+000,-8.2960626684249361E-001,-5.0000000000000000E-001,5.6188872366260356E-001,1.3846321103290014E+000,1.4000000000000001E+000
9.16,-1.6260123422335231E+000,-9.9137749627955962E-001,-5.0000000000000000E-001,5.2338994659732518E-001,1.3556971729258702E+000,1.4000000000000001E+000
9.18,-1.6260123422335231E+000,-9.9137749627955962E-001,-5.0000000000000000E-001,4.8468182053184755E-001,1.3262199747401331E+000,1.3000000000000000E+000
9.2,-1.9023379836974037E+000,-1.1796008694277571E+000,-5.0000000000000000E-001,4.4577982820049183E-001,1.2962123062580031E+000,1.3000000000000000E+000
9.22,-1.9023379836974037E+000,-1.1796008694277571E+000,-5.0000000000000000E-001,4.0669952988151115E-001,1.2656861701467137E+000,1.3000000000000000E+000
9.24,-1.9023379836974037E+000,-1.1796008694277571E+000,-5.0000000000000000E-001,3.6745655717316600E-001,1.2346537764535952E+000,1.2000000000000002E+000
9.26,1.0600492860404875E-001,-1.1073702098808629E+000,-5.0000000000000000E-001,3.2806660674130700E-001,1.2031275377222364E+000,1.2000000000000002E+000
9.28,1.0600492860404875E-001,-1.1073702098808629E+000,-5.0000000000000000E-001,2.8854543404091454E-001,1.1711200640276318E+000,1.2000000000000002E+000
9.3,-2.2173020751389196E+000,-1.3291644587791851E+000,-5.0000000000000000E-001,2.4890884701412341E-001,1.1386441579323172E+000,1.1000000000000001E+000
9.32,-2.2173020751389196E+000,-1.3291644587791851E+000,-5.0000000000000000E-001,2.0917269976727051E-001,1.1057128093655302E+000,1.1000000000000001E+000
9.34,-2.2173020751389196E+000,-1.3291644587791851E+000,-5.0000000000000000E-001,1.6935288622944283E-001,1.0723391904273987E+000,1.1000000000000001E+000
9.36,-3.8940162803297168E-001,-1.3113814393443475E+000,-5.0000000000000000E-001,1.2946533379513178E-001,1.0385366501202888E+000,1.0000000000000000E+000
9.38,-3.8940162803297168E-001,-1.3113814393443475E+000,-5.0000000000000000E-001,8.9525996953480555E-002,1.0043187090093773E+000,1.0000000000000000E+000
9.4,1.9152366496302262E+000,-1.0064077861733522E+000,-5.0000000000000000E-001,4.9550850906715529E-002,9.6969905381462185E-001,1.0000000000000000E+000
9.42,1.9152366496302262E+000,-1.0064077861733522E+000,-5.0000000000000000E-001,9.5558851802570229E-003,9.3469153193623733E-001,9.0000000000000002E-001
9.44,1.9152366496302262E+000,-1.0064077861733522E+000,-5.0000000000000000E-001,-3.0442902772863486E-002,8.9931014591593605E-001,9.0000000000000002E-001
9.46,-1.7710231014564060E+000,-1.1774652845467353E+000,-5.0000000000000000E-001,-7.0429513970778360E-002,8.6356904783609134E-001,9.0000000000000002E-001
9.48,-1.7710231014564060E+000,-1.1774652845467353E+000,-5.0000000000000000E-001,-1.1038795430214902E-001,8.2748253365910895E-001,8.0000000000000004E-001
9.5,-5.4604351205485036E-001,-1.1868474593262548E+000,-5.0000000000000000E-001,-1.5030224092361860E-001,7.9106503750921497E-001,8.0000000000000004E-001
9.52,-5.4604351205485036E-001,-1.1868474593262548E+000,-5.0000000000000000E-001,-1.9015640865272190E-001,7.5433112589901152E-001,8.0000000000000004E-001
9.54,-5.4604351205485036E-001,-1.1868474593262548E+000,-5.0000000000000000E-001,-2.2993451635375262E-001,7.1729549190306163E-001,7.0000000000000007E-001
9.56,-1.4133365290301190E+000,-1.3041721524887071E+000,-5.0000000000000000E-001,-2.6962065331399099E-001,6.7997294928087004E-001,7.0000000000000007E-001
9.58,-1.4133365290301190E+000,-1.3041721524887071E+000,-5.0000000000000000E-001,-3.0919894560779787E-001,6.4237842655155653E-001,6.0000000000000009E-001
9.6,-1.6235092382228284E+000,-1.4419021996421255E+000,-5.0000000000000000E-001,-3.4865356244595930E-001,6.0452696102266401E-001,6.0000000000000009E-001
9.62,-1.6235092382228284E+000,-1.4419021996421255E+000,-5.0000000000000000E-001,-3.8796872250779796E-001,5.6643369277542710E-001,6.0000000000000009E-001
9.64,-1.6235092382228284E+000,-1.4419021996421255E+000,-5.0000000000000000E-001,-4.2712870025347738E-001,5.2811385860895843E-001,5.0000000000000000E-001
9.66,2.0026760135810520E+000,-1.1194725879623879E+000,-5.0000000000000000E-001,-4.6611783221402880E-001,4.8958278594571136E-001,5.0000000000000000E-001
9.68,2.0026760135810520E+000,-1.1194725879623879E+000,-5.0000000000000000E-001,-5.0492052325651615E-001,4.5085588670072946E-001,5.0000000000000000E-001
9.7,-9.5166495622559300E-001,-1.1824570780924677E+000,-5.0000000000000000E-001,-5.4352125282188835E-001,4.1194865111708034E-001,4.0000000000000002E-001
9.72,-9.5166495622559300E-001,-1.1824570780924677E+000,-5.0000000000000000E-001,-5.8190458113298160E-001,3.7287664156997863E-001,4.0000000000000002E-001
9.74,-9.5166495622559300E-001,-1.1824570780924677E+000,-5.0000000000000000E-001,-6.2005515537024603E-001,3.3365548634202391E-001,3.0000000000000004E-001
9.76,-1.7515164933409646E+000,-1.3422737858554652E+000,-5.0000000000000000E-001,-6.5795771581265428E-001,2.9430087337210969E-001,3.0000000000000004E-001
9.78,-1.7515164933409646E+000,-1.3422737858554652E+000,-5.0000000000000000E-001,-6.9559710194139002E-001,2.5482854398045357E-001,3.0000000000000004E-001
9.8,-1.6524222301325249E+000,-1.4817128753292574E+000,-5.0000000000000000E-001,-7.3295825850385676E-001,2.1525428657227658E-001,2.0000000000000001E-001
9.82,-1.6524222301325249E+000,-1.4817128753292574E+000,-5.0000000000000000E-001,-7.7002624153556531E-001,1.7559393032266540E-001,2.0000000000000001E-001
9.84,-1.6524222301325249E+000,-1.4817128753292574E+000,-5.0000000000000000E-001,-8.0678622433753922E-001,1.3586333884509300E-001,1.0000000000000001E-001
9.86,-1.0971110535019124E+000,-1.5447661132505335E+000,-5.0000000000000000E-001,-8.4322350340678431E-001,9.6078403846198049E-002,1.0000000000000001E-001
9.88,-1.0971110535019124E+000,-1.5447661132505335E+000,-5.0000000000000000E-001,-8.7932350431750006E-001,5.6255038769308152E-002,1.0000000000000001E-001
9.9,2.5857120017058149E-001,-1.4352064075666844E+000,-5.0000000000000000E-001,-9.1507178755064267E-001,1.6409172429288327E-002,0.0000000000000000E+000
9.92,2.5857120017058149E-001,-1.4352064075666844E+000,-5.0000000000000000E-001,-9.5045405426955965E-001,-2.3443257358793445E-002,-0.0000000000000000E+000
9.94,2.5857120017058149E-001,-1.4352064075666844E+000,-5.0000000000000000E-001,-9.8545615203932047E-001,-6.3286310154565720E-002,-1.0000000000000001E-001
9.96,-1.2392401991768736E+000,-1.5183511120854591E+000,-5.0000000000000000E-001,-1.0200640804875087E+000,-1.0310404926832432E-001,-1.0000000000000001E-001
9.98,-1.2392401991768736E+000,-1.5183511120854591E+000,-5.0000000000000000E-001,-1.0542639969041721E+000,-1.4288054813548151E-001,-1.0000000000000001E-001
10,1.5658673406211874E+000,-1.2467001389035377E+000,-5.0000000000000000E-001,-1.0880422217787395E+000,-1.8259989668700094E-001,-2.0000000000000001E-001
