"time","q@INJ01","volume@INJ01","maxTimeStep","tolerance","fixedh","errCtrl","writeLevel","extraDisconPrints","runStats","runType","theSolverType","fixedorder"
0,0.0000000000000000E+000,0.0000000000000000E+000,1.0000000000000000E+030,1.0000000000000001E-005,1.0000000000000000E-003,0,0,0,0,8,0,1
4e-005,-9.8316162497525118E-009,-6.5537589238515152E-015,1.0000000000000000E+030,1.0000000000000001E-005,1.0000000000000000E-003,0,0,0,0,8,0,1
7e-005,-9.8316092657116939E-009,-1.1469563598463347E-014,1.0000000000000000E+030,1.0000000000000001E-005,1.0000000000000000E-003,0,0,0,0,8,0,1
0.0001,-9.8316162497525118E-009,-1.6385368696044305E-014,1.0000000000000000E+030,1.0000000000000001E-005,1.0000000000000000E-003,0,0,0,0,8,0,1
0.00013,-9.8316162497525118E-009,-2.1301173673517673E-014,1.0000000000000000E+030,1.0000000000000001E-005,1.0000000000000000E-003,0,0,0,0,8,0,1
0.00016,-9.8316162497525118E-009,-2.6216978142041745E-014,1.0000000000000000E+030,1.0000000000000001E-005,1.0000000000000000E-003,0,0,0,0,8,0,1
0.0002,-9.8315952976300564E-009,-3.2771383181144229E-014,1.0000000000000000E+030,1.0000000000000001E-005,1.0000000000000000E-003,0,0,0,0,8,0,1
0.00023,-9.8316372018749688E-009,-3.7687186538975011E-014,1.0000000000000000E+030,1.0000000000000001E-005,1.0000000000000000E-003,0,0,0,0,8,0,1
0.00026,-9.8316022816708743E-009,-4.2602989930312805E-014,1.0000000000000000E+030,1.0000000000000001E-005,1.0000000000000000E-003,0,0,0,0,8,0,1
0.00029,-9.8316092657116939E-009,-4.7518793662481954E-014,1.0000000000000000E+030,1.0000000000000001E-005,1.0000000000000000E-003,0,0,0,0,8,0,1
0.00032,-9.8316022816708743E-009,-5.2434597921563960E-014,1.0000000000000000E+030,1.0000000000000001E-005,1.0000000000000000E-003,0,0,0,0,8,0,1
0.00036,-9.8316092657116939E-009,-5.8989004661525262E-014,1.0000000000000000E+030,1.0000000000000001E-005,1.0000000000000000E-003,0,0,0,0,8,0,1
0.00039,-9.8316162497525118E-009,-6.3904811128102273E-014,1.0000000000000000E+030,1.0000000000000001E-005,1.0000000000000000E-003,0,0,0,0,8,0,1
0.00042,-9.8316302178341492E-009,-6.8820620570005791E-014,1.0000000000000000E+030,1.0000000000000001E-005,1.0000000000000000E-003,0,0,0,0,8,0,1
0.00045,-9.8316441859157867E-009,-7.3736437994298070E-014,1.0000000000000000E+030,1.0000000000000001E-005,1.0000000000000000E-003,0,0,0,0,8,0,1
0.00048,-9.8316791061198844E-009,-7.8652272255952729E-014,1.0000000000000000E+030,1.0000000000000001E-005,1.0000000000000000E-003,0,0,0,0,8,0,1
0.00052,-9.8318118028954394E-009,-8.5206771268926272E-014,1.0000000000000000E+030,1.0000000000000001E-005,1.0000000000000000E-003,0,0,0,0,8,0,1
0.00055,-9.8319654517934563E-009,-9.0122720151147455E-014,1.0000000000000000E+030,1.0000000000000001E-005,1.0000000000000000E-003,0,0,0,0,8,0,1
0.00058,-9.8322238613037533E-009,-9.5038778257671592E-014,1.0000000000000000E+030,1.0000000000000001E-005,1.0000000000000000E-003,0,0,0,0,8,0,1
0.00061,-9.8326219516304314E-009,-9.9955003596703774E-014,1.0000000000000000E+030,1.0000000000000001E-005,1.0000000000000000E-003,0,0,0,0,8,0,1
0.00064,-9.8331667068143152E-009,-1.0487147172921466E-013,1.0000000000000000E+030,1.0000000000000001E-005,1.0000000000000000E-003,0,0,0,0,8,0,1
0.00068,-9.8342212969779486E-009,-1.1142730219333559E-013,1.0000000000000000E+030,1.0000000000000001E-005,1.0000000000000000E-003,0,0,0,0,8,0,1
0.00071,-9.8352619190599577E-009,-1.1634471898217536E-013,1.0000000000000000E+030,1.0000000000000001E-005,1.0000000000000000E-003,0,0,0,0,8,0,1
0.00074,-9.8365330144889526E-009,-1.2126272730468519E-013,1.0000000000000000E+030,1.0000000000000001E-005,1.0000000000000000E-003,0,0,0,0,8,0,1
0.00077,-9.8380066471016880E-009,-1.2618143354838905E-013,1.0000000000000000E+030,1.0000000000000001E-005,1.0000000000000000E-003,0,0,0,0,8,0,1
0.0008,-9.8396339286123956E-009,-1.3110092436507617E-013,1.0000000000000000E+030,1.0000000000000001E-005,1.0000000000000000E-003,0,0,0,0,8,0,1
0.00084,-9.8419037418783847E-009,-1.3766155394615228E-013,1.0000000000000000E+030,1.0000000000000001E-005,1.0000000000000000E-003,0,0,0,0,8,0,1
0.00087,-9.8435519755115113E-009,-1.4258300941004853E-013,1.0000000000000000E+030,1.0000000000000001E-005,1.0000000000000000E-003,0,0,0,0,8,0,1
0.0009,-9.8450395762057800E-009,-1.4750524510328091E-013,1.0000000000000000E+030,1.0000000000000001E-005,1.0000000000000000E-003,0,0,0,0,8,0,1
0.00093,-9.8462478152673194E-009,-1.5242814452378127E-013,1.0000000000000000E+030,1.0000000000000001E-005,1.0000000000000000E-003,0,0,0,0,8,0,1
0.00096,-9.8470998682471378E-009,-1.5735154101648265E-013,1.0000000000000000E+030,1.0000000000000001E-005,1.0000000000000000E-003,0,0,0,0,8,0,1
0.001,-9.8475328787778541E-009,-1.6391648457357809E-013,1.0000000000000000E+030,1.0000000000000001E-005,1.0000000000000000E-003,0,0,0,0,8,0,1
0.00103,-9.8473233575533138E-009,-1.6884020823786312E-013,1.0000000000000000E+030,1.0000000000000001E-005,1.0000000000000000E-003,0,0,0,0,8,0,1
0.00106,-9.8466947938796765E-009,-1.7376369661269653E-013,1.0000000000000000E+030,1.0000000000000001E-005,1.0000000000000000E-003,0,0,0,0,8,0,1
0.00109,-9.8457030600835118E-009,-1.7868675395770813E-013,1.0000000000000000E+030,1.0000000000000001E-005,1.0000000000000000E-003,0,0,0,0,8,0,1
0.00112,-9.8444459327362404E-009,-1.8360923045117650E-013,1.0000000000000000E+030,1.0000000000000001E-005,1.0000000000000000E-003,0,0,0,0,8,0,1
0.00116,-9.8425881778785752E-009,-1.9017148067127784E-013,1.0000000000000000E+030,1.0000000000000001E-005,1.0000000000000000E-003,0,0,0,0,8,0,1
0.00119,-9.8412332739598234E-009,-1.9509235833093320E-013,1.0000000000000000E+030,1.0000000000000001E-005,1.0000000000000000E-003,0,0,0,0,8,0,1
0.00122,-9.8400110668165886E-009,-2.0001259525699702E-013,1.0000000000000000E+030,1.0000000000000001E-005,1.0000000000000000E-003,0,0,0,0,8,0,1
0.00125,-9.8390193330203693E-009,-2.0493229040703804E-013,1.0000000000000000E+030,1.0000000000000001E-005,1.0000000000000000E-003,0,0,0,0,8,0,1
0.00128,-9.8382929927752483E-009,-2.0985157060365913E-013,1.0000000000000000E+030,1.0000000000000001E-005,1.0000000000000000E-003,0,0,0,0,8,0,1
0.00132,-9.8377412535505797E-009,-2.1641019558978809E-013,1.0000000000000000E+030,1.0000000000000001E-005,1.0000000000000000E-003,0,0,0,0,8,0,1
0.00135,-9.8375596684892994E-009,-2.2132900474674149E-013,1.0000000000000000E+030,1.0000000000000001E-005,1.0000000000000000E-003,0,0,0,0,8,0,1
0.00138,-9.8375247482852066E-009,-2.2624777002573391E-013,1.0000000000000000E+030,1.0000000000000001E-005,1.0000000000000000E-003,0,0,0,0,8,0,1
0.00141,-9.8375247482852066E-009,-2.3116653163039956E-013,1.0000000000000000E+030,1.0000000000000001E-005,1.0000000000000000E-003,0,0,0,0,8,0,1
0.00144,-9.8374968121219317E-009,-2.3608528879229009E-013,1.0000000000000000E+030,1.0000000000000001E-005,1.0000000000000000E-003,0,0,0,0,8,0,1
0.00148,-9.8373082430198303E-009,-2.4264355616834519E-013,1.0000000000000000E+030,1.0000000000000001E-005,1.0000000000000000E-003,0,0,0,0,8,0,1
0.00151,-9.8370079292646176E-009,-2.4756211830847667E-013,1.0000000000000000E+030,1.0000000000000001E-005,1.0000000000000000E-003,0,0,0,0,8,0,1
0.00154,-9.8365819027746828E-009,-2.5248049245805302E-013,1.0000000000000000E+030,1.0000000000000001E-005,1.0000000000000000E-003,0,0,0,0,8,0,1
0.00157,-9.8360790518357412E-009,-2.5739863545598568E-013,1.0000000000000000E+030,1.0000000000000001E-005,1.0000000000000000E-003,0,0,0,0,8,0,1
0.0016,-9.8355203285702481E-009,-2.6231650562719640E-013,1.0000000000000000E+030,1.0000000000000001E-005,1.0000000000000000E-003,0,0,0,0,8,0,1
0.00164,-9.8347870042842645E-009,-2.6887323485822503E-013,1.0000000000000000E+030,1.0000000000000001E-005,1.0000000000000000E-003,0,0,0,0,8,0,1
0.00167,-9.8343330416310449E-009,-2.7379049001368956E-013,1.0000000000000000E+030,1.0000000000000001E-005,1.0000000000000000E-003,0,0,0,0,8,0,1
0.0017,-9.8339838395901102E-009,-2.7870755020128134E-013,1.0000000000000000E+030,1.0000000000000001E-005,1.0000000000000000E-003,0,0,0,0,8,0,1
0.00173,-9.8337533662430964E-009,-2.8362447219306050E-013,1.0000000000000000E+030,1.0000000000000001E-005,1.0000000000000000E-003,0,0,0,0,8,0,1
0.00176,-9.8336555896716309E-009,-2.8854131619629186E-013,1.0000000000000000E+030,1.0000000000000001E-005,1.0000000000000000E-003,0,0,0,0,8,0,1
0.0018,-9.8336555896716309E-009,-2.9509707739739616E-013,1.0000000000000000E+030,1.0000000000000001E-005,1.0000000000000000E-003,0,0,0,0,8,0,1
0.00183,-9.8337044779573595E-009,-3.0001391774627741E-013,1.0000000000000000E+030,1.0000000000000001E-005,1.0000000000000000E-003,0,0,0,0,8,0,1
0.00186,-9.8337533662430964E-009,-3.0493078490938729E-013,1.0000000000000000E+030,1.0000000000000001E-005,1.0000000000000000E-003,0,0,0,0,8,0,1
0.00189,-9.8337533662430964E-009,-3.0984766551668680E-013,1.0000000000000000E+030,1.0000000000000001E-005,1.0000000000000000E-003,0,0,0,0,8,0,1
0.00192,-9.8337044779573595E-009,-3.1476453119123585E-013,1.0000000000000000E+030,1.0000000000000001E-005,1.0000000000000000E-003,0,0,0,0,8,0,1
0.00196,-9.8335019407736173E-009,-3.2132026349201391E-013,1.0000000000000000E+030,1.0000000000000001E-005,1.0000000000000000E-003,0,0,0,0,8,0,1
0.00199,-9.8332714674265952E-009,-3.2623694439041403E-013,1.0000000000000000E+030,1.0000000000000001E-005,1.0000000000000000E-003,0,0,0,0,8,0,1
0.00202,-9.8329921057938313E-009,-3.3115349444931765E-013,1.0000000000000000E+030,1.0000000000000001E-005,1.0000000000000000E-003,0,0,0,0,8,0,1
0.00205,-9.8326917920386203E-009,-3.3606989913974276E-013,1.0000000000000000E+030,1.0000000000000001E-005,1.0000000000000000E-003,0,0,0,0,8,0,1
0.00208,-9.8323914782834077E-009,-3.4098615196049514E-013,1.0000000000000000E+030,1.0000000000000001E-005,1.0000000000000000E-003,0,0,0,0,8,0,1
0.00212,-9.8320143400791882E-009,-3.4754093133645793E-013,1.0000000000000000E+030,1.0000000000000001E-005,1.0000000000000000E-003,0,0,0,0,8,0,1
0.00215,-9.8317559305688929E-009,-3.5245684960951334E-013,1.0000000000000000E+030,1.0000000000000001E-005,1.0000000000000000E-003,0,0,0,0,8,0,1
0.00218,-9.8315045050994088E-009,-3.5737264866679830E-013,1.0000000000000000E+030,1.0000000000000001E-005,1.0000000000000000E-003,0,0,0,0,8,0,1
0.00221,-9.8312391115482923E-009,-3.6228831930602522E-013,1.0000000000000000E+030,1.0000000000000001E-005,1.0000000000000000E-003,0,0,0,0,8,0,1
0.00224,-9.8309527658746906E-009,-3.6720385335184524E-013,1.0000000000000000E+030,1.0000000000000001E-005,1.0000000000000000E-003,0,0,0,0,8,0,1
0.00228,-9.8305127713030952E-009,-3.7375765584903881E-013,1.0000000000000000E+030,1.0000000000000001E-005,1.0000000000000000E-003,0,0,0,0,8,0,1
0.00231,-9.8301286490580529E-009,-3.7867278953305801E-013,1.0000000000000000E+030,1.0000000000000001E-005,1.0000000000000000E-003,0,0,0,0,8,0,1
0.00234,-9.8297096066089326E-009,-3.8358772630070414E-013,1.0000000000000000E+030,1.0000000000000001E-005,1.0000000000000000E-003,0,0,0,0,8,0,1
0.00237,-9.8292765960781534E-009,-3.8850244864068352E-013,1.0000000000000000E+030,1.0000000000000001E-005,1.0000000000000000E-003,0,0,0,0,8,0,1
0.0024,-9.8288575536290084E-009,-3.9341695905455856E-013,1.0000000000000000E+030,1.0000000000000001E-005,1.0000000000000000E-003,0,0,0,0,8,0,1
0.00244,-9.8284105750165884E-009,-3.9996935165121274E-013,1.0000000000000000E+030,1.0000000000000001E-005,1.0000000000000000E-003,0,0,0,0,8,0,1
0.00247,-9.8282220059144721E-009,-4.0488349236475009E-013,1.0000000000000000E+030,1.0000000000000001E-005,1.0000000000000000E-003,0,0,0,0,8,0,1
0.0025,-9.8281731176287369E-009,-4.0979758052417940E-013,1.0000000000000000E+030,1.0000000000000001E-005,1.0000000000000000E-003,0,0,0,0,8,0,1
0.00253,-9.8283267665267571E-009,-4.1471170445345608E-013,1.0000000000000000E+030,1.0000000000000001E-005,1.0000000000000000E-003,0,0,0,0,8,0,1
0.00256,-9.8286899366493507E-009,-4.1962596360907511E-013,1.0000000000000000E+030,1.0000000000000001E-005,1.0000000000000000E-003,0,0,0,0,8,0,1
0.0026,-9.8295070694251805E-009,-4.2617870730476041E-013,1.0000000000000000E+030,1.0000000000000001E-005,1.0000000000000000E-003,0,0,0,0,8,0,1
0.00263,-9.8303591224050816E-009,-4.3109369995795520E-013,1.0000000000000000E+030,1.0000000000000001E-005,1.0000000000000000E-003,0,0,0,0,8,0,1
0.00266,-9.8313927604463076E-009,-4.3600917946137501E-013,1.0000000000000000E+030,1.0000000000000001E-005,1.0000000000000000E-003,0,0,0,0,8,0,1
0.00269,-9.8325590952630587E-009,-4.4092521555848041E-013,1.0000000000000000E+030,1.0000000000000001E-005,1.0000000000000000E-003,0,0,0,0,8,0,1
0.00272,-9.8338232066512804E-009,-4.4584186351530974E-013,1.0000000000000000E+030,1.0000000000000001E-005,1.0000000000000000E-003,0,0,0,0,8,0,1
0.00276,-9.8355552487743425E-009,-4.5239839754108644E-013,1.0000000000000000E+030,1.0000000000000001E-005,1.0000000000000000E-003,0,0,0,0,8,0,1
0.00279,-9.8368472963257894E-009,-4.5731655963201593E-013,1.0000000000000000E+030,1.0000000000000001E-005,1.0000000000000000E-003,0,0,0,0,8,0,1
0.00282,-9.8380625194282345E-009,-4.6223535361086380E-013,1.0000000000000000E+030,1.0000000000000001E-005,1.0000000000000000E-003,0,0,0,0,8,0,1
0.00285,-9.8391659978775584E-009,-4.6715472268897933E-013,1.0000000000000000E+030,1.0000000000000001E-005,1.0000000000000000E-003,0,0,0,0,8,0,1
0.00288,-9.8401158274288687E-009,-4.7207460134650701E-013,1.0000000000000000E+030,1.0000000000000001E-005,1.0000000000000000E-003,0,0,0,0,8,0,1
0.00292,-9.8411424814291841E-009,-4.7863509296115855E-013,1.0000000000000000E+030,1.0000000000000001E-005,1.0000000000000000E-003,0,0,0,0,8,0,1
0.00295,-9.8416802525721971E-009,-4.8355583191140504E-013,1.0000000000000000E+030,1.0000000000000001E-005,1.0000000000000000E-003,0,0,0,0,8,0,1
0.00298,-9.8420434226947493E-009,-4.8847678825945441E-013,1.0000000000000000E+030,1.0000000000000001E-005,1.0000000000000000E-003,0,0,0,0,8,0,1
0.00301,-9.8422250077560246E-009,-4.9339787182565823E-013,1.0000000000000000E+030,1.0000000000000001E-005,1.0000000000000000E-003,0,0,0,0,8,0,1
0.00304,-9.8422459598784783E-009,-4.9831899780564894E-013,1.0000000000000000E+030,1.0000000000000001E-005,1.0000000000000000E-003,0,0,0,0,8,0,1
0.00308,-9.8420713588580225E-009,-5.0488043946607293E-013,1.0000000000000000E+030,1.0000000000000001E-005,1.0000000000000000E-003,0,0,0,0,8,0,1
0.00311,-9.8418269174293812E-009,-5.0980140369129935E-013,1.0000000000000000E+030,1.0000000000000001E-005,1.0000000000000000E-003,0,0,0,0,8,0,1
0.00314,-9.8415335877150146E-009,-5.1472223003284394E-013,1.0000000000000000E+030,1.0000000000000001E-005,1.0000000000000000E-003,0,0,0,0,8,0,1
0.00317,-9.8412262899190022E-009,-5.1964290403530424E-013,1.0000000000000000E+030,1.0000000000000001E-005,1.0000000000000000E-003,0,0,0,0,8,0,1
0.0032,-9.8409329602046339E-009,-5.2456342753884368E-013,1.0000000000000000E+030,1.0000000000000001E-005,1.0000000000000000E-003,0,0,0,0,8,0,1
0.00324,-9.8406047102861563E-009,-5.3112392050866464E-013,1.0000000000000000E+030,1.0000000000000001E-005,1.0000000000000000E-003,0,0,0,0,8,0,1
0.00327,-9.8404161411840598E-009,-5.3604416381277742E-013,1.0000000000000000E+030,1.0000000000000001E-005,1.0000000000000000E-003,0,0,0,0,8,0,1
0.0033,-9.8402694763268724E-009,-5.4096432664831895E-013,1.0000000000000000E+030,1.0000000000000001E-005,1.0000000000000000E-003,0,0,0,0,8,0,1
0.00333,-9.8401647157145956E-009,-5.4588443174173255E-013,1.0000000000000000E+030,1.0000000000000001E-005,1.0000000000000000E-003,0,0,0,0,8,0,1
0.00336,-9.8400809072247759E-009,-5.5080449030305236E-013,1.0000000000000000E+030,1.0000000000000001E-005,1.0000000000000000E-003,0,0,0,0,8,0,1
0.0034,-9.8399621785308633E-009,-5.5736450278777187E-013,1.0000000000000000E+030,1.0000000000000001E-005,1.0000000000000000E-003,0,0,0,0,8,0,1
0.00343,-9.8398434498369475E-009,-5.6228445029804265E-013,1.0000000000000000E+030,1.0000000000000001E-005,1.0000000000000000E-003,0,0,0,0,8,0,1
0.00346,-9.8396758328573063E-009,-5.6720432240005998E-013,1.0000000000000000E+030,1.0000000000000001E-005,1.0000000000000000E-003,0,0,0,0,8,0,1
0.00349,-9.8394523435511170E-009,-5.7212409394861052E-013,1.0000000000000000E+030,1.0000000000000001E-005,1.0000000000000000E-003,0,0,0,0,8,0,1
0.00352,-9.8391659978775584E-009,-5.7704374330568281E-013,1.0000000000000000E+030,1.0000000000000001E-005,1.0000000000000000E-003,0,0,0,0,8,0,1
0.00356,-9.8387399713876318E-009,-5.8360305164241679E-013,1.0000000000000000E+030,1.0000000000000001E-005,1.0000000000000000E-003,0,0,0,0,8,0,1
0.00359,-9.8383837853058892E-009,-5.8852233465136570E-013,1.0000000000000000E+030,1.0000000000000001E-005,1.0000000000000000E-003,0,0,0,0,8,0,1
0.00362,-9.8380345832649612E-009,-5.9344143403161257E-013,1.0000000000000000E+030,1.0000000000000001E-005,1.0000000000000000E-003,0,0,0,0,8,0,1
0.00365,-9.8377133173873081E-009,-5.9836034991437084E-013,1.0000000000000000E+030,1.0000000000000001E-005,1.0000000000000000E-003,0,0,0,0,8,0,1
0.00368,-9.8374339557545624E-009,-6.0327911841849104E-013,1.0000000000000000E+030,1.0000000000000001E-005,1.0000000000000000E-003,0,0,0,0,8,0,1
0.00372,-9.8371545941218084E-009,-6.0983729372671364E-013,1.0000000000000000E+030,1.0000000000000001E-005,1.0000000000000000E-003,0,0,0,0,8,0,1
0.00375,-9.8370218973462567E-009,-6.1475582797820645E-013,1.0000000000000000E+030,1.0000000000000001E-005,1.0000000000000000E-003,0,0,0,0,8,0,1
0.00378,-9.8369380888564304E-009,-6.1967431294497045E-013,1.0000000000000000E+030,1.0000000000000001E-005,1.0000000000000000E-003,0,0,0,0,8,0,1
0.00381,-9.8368961846115213E-009,-6.2459276960683376E-013,1.0000000000000000E+030,1.0000000000000001E-005,1.0000000000000000E-003,0,0,0,0,8,0,1
0.00384,-9.8368752324890627E-009,-6.2951121150346264E-013,1.0000000000000000E+030,1.0000000000000001E-005,1.0000000000000000E-003,0,0,0,0,8,0,1
0.00388,-9.8368403122849715E-009,-6.3606911945997949E-013,1.0000000000000000E+030,1.0000000000000001E-005,1.0000000000000000E-003,0,0,0,0,8,0,1
0.00391,-9.8367844399584234E-009,-6.4098752654261749E-013,1.0000000000000000E+030,1.0000000000000001E-005,1.0000000000000000E-003,0,0,0,0,8,0,1
0.00394,-9.8366726953053238E-009,-6.4590589272264377E-013,1.0000000000000000E+030,1.0000000000000001E-005,1.0000000000000000E-003,0,0,0,0,8,0,1
0.00397,-9.8364911102440402E-009,-6.5082418644668580E-013,1.0000000000000000E+030,1.0000000000000001E-005,1.0000000000000000E-003,0,0,0,0,8,0,1
0.004,-9.8362327007337531E-009,-6.5574237056507867E-013,1.0000000000000000E+030,1.0000000000000001E-005,1.0000000000000000E-003,0,0,0,0,8,0,1
0.00404,-9.8357577859580831E-009,-6.6229970170311050E-013,1.0000000000000000E+030,1.0000000000000001E-005,1.0000000000000000E-003,0,0,0,0,8,0,1
0.00407,-9.8353038233048701E-009,-6.6721744635005707E-013,1.0000000000000000E+030,1.0000000000000001E-005,1.0000000000000000E-003,0,0,0,0,8,0,1
0.0041,-9.8347870042842645E-009,-6.7213494384581907E-013,1.0000000000000000E+030,1.0000000000000001E-005,1.0000000000000000E-003,0,0,0,0,8,0,1
0.00413,-9.8342003448554899E-009,-6.7705216336656768E-013,1.0000000000000000E+030,1.0000000000000001E-005,1.0000000000000000E-003,0,0,0,0,8,0,1
0.00417,-9.8333692439980591E-009,-6.8360798018913652E-013,1.0000000000000000E+030,1.0000000000000001E-005,1.0000000000000000E-003,0,0,0,0,8,0,1
0.0042,-9.8326917920386203E-009,-6.8852446087527413E-013,1.0000000000000000E+030,1.0000000000000001E-005,1.0000000000000000E-003,0,0,0,0,8,0,1
0.00423,-9.8320003719975508E-009,-6.9344059908724948E-013,1.0000000000000000E+030,1.0000000000000001E-005,1.0000000000000000E-003,0,0,0,0,8,0,1
0.00426,-9.8313019679156617E-009,-6.9835638731350268E-013,1.0000000000000000E+030,1.0000000000000001E-005,1.0000000000000000E-003,0,0,0,0,8,0,1
0.00429,-9.8306035638337461E-009,-7.0327182432931943E-013,1.0000000000000000E+030,1.0000000000000001E-005,1.0000000000000000E-003,0,0,0,0,8,0,1
0.00433,-9.8296956385272919E-009,-7.0982520598386249E-013,1.0000000000000000E+030,1.0000000000000001E-005,1.0000000000000000E-003,0,0,0,0,8,0,1
0.00436,-9.8290740588943980E-009,-7.1473986336397779E-013,1.0000000000000000E+030,1.0000000000000001E-005,1.0000000000000000E-003,0,0,0,0,8,0,1
0.00439,-9.8285083515880556E-009,-7.1965422777189605E-013,1.0000000000000000E+030,1.0000000000000001E-005,1.0000000000000000E-003,0,0,0,0,8,0,1
0.00442,-9.8280543889348144E-009,-7.2456834081236051E-013,1.0000000000000000E+030,1.0000000000000001E-005,1.0000000000000000E-003,0,0,0,0,8,0,1
0.00445,-9.8277051868938583E-009,-7.2948225665012421E-013,1.0000000000000000E+030,1.0000000000000001E-005,1.0000000000000000E-003,0,0,0,0,8,0,1
0.00449,-9.8274537614243676E-009,-7.3603395764310504E-013,1.0000000000000000E+030,1.0000000000000001E-005,1.0000000000000000E-003,0,0,0,0,8,0,1
0.00452,-9.8274467773835530E-009,-7.4094767406656884E-013,1.0000000000000000E+030,1.0000000000000001E-005,1.0000000000000000E-003,0,0,0,0,8,0,1
0.00455,-9.8275934422407520E-009,-7.4586143291202995E-013,1.0000000000000000E+030,1.0000000000000001E-005,1.0000000000000000E-003,0,0,0,0,8,0,1
0.00458,-9.8279496283225277E-009,-7.5077531628163932E-013,1.0000000000000000E+030,1.0000000000000001E-005,1.0000000000000000E-003,0,0,0,0,8,0,1
0.00461,-9.8284594633023203E-009,-7.5568941236846066E-013,1.0000000000000000E+030,1.0000000000000001E-005,1.0000000000000000E-003,0,0,0,0,8,0,1
0.00465,-9.8293673886088010E-009,-7.6224200667908100E-013,1.0000000000000000E+030,1.0000000000000001E-005,1.0000000000000000E-003,0,0,0,0,8,0,1
0.00468,-9.8301845213846060E-009,-7.6715688966683986E-013,1.0000000000000000E+030,1.0000000000000001E-005,1.0000000000000000E-003,0,0,0,0,8,0,1
0.00471,-9.8310714945686363E-009,-7.7207220337571804E-013,1.0000000000000000E+030,1.0000000000000001E-005,1.0000000000000000E-003,0,0,0,0,8,0,1
0.00474,-9.8320213241200061E-009,-7.7698799472238974E-013,1.0000000000000000E+030,1.0000000000000001E-005,1.0000000000000000E-003,0,0,0,0,8,0,1
0.00477,-9.8329571855897352E-009,-7.8190428859670152E-013,1.0000000000000000E+030,1.0000000000000001E-005,1.0000000000000000E-003,0,0,0,0,8,0,1
0.00481,-9.8341305044473043E-009,-7.8846005116221086E-013,1.0000000000000000E+030,1.0000000000000001E-005,1.0000000000000000E-003,0,0,0,0,8,0,1
0.00484,-9.8349266851006407E-009,-7.9337735962841745E-013,1.0000000000000000E+030,1.0000000000000001E-005,1.0000000000000000E-003,0,0,0,0,8,0,1
0.00487,-9.8356320732233493E-009,-7.9829503698424179E-013,1.0000000000000000E+030,1.0000000000000001E-005,1.0000000000000000E-003,0,0,0,0,8,0,1
0.0049,-9.8362536528562101E-009,-8.0321300975249121E-013,1.0000000000000000E+030,1.0000000000000001E-005,1.0000000000000000E-003,0,0,0,0,8,0,1
0.00493,-9.8367355516726915E-009,-8.0813125557938849E-013,1.0000000000000000E+030,1.0000000000000001E-005,1.0000000000000000E-003,0,0,0,0,8,0,1
0.00497,-9.8372803068565570E-009,-8.1468926735701726E-013,1.0000000000000000E+030,1.0000000000000001E-005,1.0000000000000000E-003,0,0,0,0,8,0,1
0.005,-9.8375876046525710E-009,-8.1960798460095493E-013,1.0000000000000000E+030,1.0000000000000001E-005,1.0000000000000000E-003,0,0,0,0,8,0,1
0.00503,-9.8378390301220419E-009,-8.2452684961931508E-013,1.0000000000000000E+030,1.0000000000000001E-005,1.0000000000000000E-003,0,0,0,0,8,0,1
0.00506,-9.8380625194282345E-009,-8.2944582674288033E-013,1.0000000000000000E+030,1.0000000000000001E-005,1.0000000000000000E-003,0,0,0,0,8,0,1
0.00509,-9.8382650566119717E-009,-8.3436490892273506E-013,1.0000000000000000E+030,1.0000000000000001E-005,1.0000000000000000E-003,0,0,0,0,8,0,1
0.00513,-9.8385234661222555E-009,-8.4092383789358339E-013,1.0000000000000000E+030,1.0000000000000001E-005,1.0000000000000000E-003,0,0,0,0,8,0,1
0.00516,-9.8387190192651781E-009,-8.4584315340203680E-013,1.0000000000000000E+030,1.0000000000000001E-005,1.0000000000000000E-003,0,0,0,0,8,0,1
0.00519,-9.8389075883672763E-009,-8.5076256164847296E-013,1.0000000000000000E+030,1.0000000000000001E-005,1.0000000000000000E-003,0,0,0,0,8,0,1
0.00522,-9.8391380617142835E-009,-8.5568206758839318E-013,1.0000000000000000E+030,1.0000000000000001E-005,1.0000000000000000E-003,0,0,0,0,8,0,1
0.00525,-9.8392917106122905E-009,-8.6060166805558010E-013,1.0000000000000000E+030,1.0000000000000001E-005,1.0000000000000000E-003,0,0,0,0,8,0,1
0.00529,-9.8395012318368423E-009,-8.6716127040865297E-013,1.0000000000000000E+030,1.0000000000000001E-005,1.0000000000000000E-003,0,0,0,0,8,0,1
0.00532,-9.8396129764899403E-009,-8.7208105251916821E-013,1.0000000000000000E+030,1.0000000000000001E-005,1.0000000000000000E-003,0,0,0,0,8,0,1
0.00535,-9.8396967849797600E-009,-8.7700088216037265E-013,1.0000000000000000E+030,1.0000000000000001E-005,1.0000000000000000E-003,0,0,0,0,8,0,1
0.00538,-9.8397247211430333E-009,-8.8192073906652374E-013,1.0000000000000000E+030,1.0000000000000001E-005,1.0000000000000000E-003,0,0,0,0,8,0,1
0.00541,-9.8397107530613991E-009,-8.8684060071003391E-013,1.0000000000000000E+030,1.0000000000000001E-005,1.0000000000000000E-003,0,0,0,0,8,0,1
0.00545,-9.8396409126532135E-009,-8.9340038597592369E-013,1.0000000000000000E+030,1.0000000000000001E-005,1.0000000000000000E-003,0,0,0,0,8,0,1
0.00548,-9.8395501201225742E-009,-8.9832018053139659E-013,1.0000000000000000E+030,1.0000000000000001E-005,1.0000000000000000E-003,0,0,0,0,8,0,1
0.00551,-9.8394313914286600E-009,-9.0323992390970553E-013,1.0000000000000000E+030,1.0000000000000001E-005,1.0000000000000000E-003,0,0,0,0,8,0,1
0.00554,-9.8393196467755637E-009,-9.0815961170884336E-013,1.0000000000000000E+030,1.0000000000000001E-005,1.0000000000000000E-003,0,0,0,0,8,0,1
0.00557,-9.8392218702041065E-009,-9.1307924543771093E-013,1.0000000000000000E+030,1.0000000000000001E-005,1.0000000000000000E-003,0,0,0,0,8,0,1
0.00561,-9.8391450457551047E-009,-9.1963869418194899E-013,1.0000000000000000E+030,1.0000000000000001E-005,1.0000000000000000E-003,0,0,0,0,8,0,1
0.00564,-9.8391101255510119E-009,-9.2455825363304031E-013,1.0000000000000000E+030,1.0000000000000001E-005,1.0000000000000000E-003,0,0,0,0,8,0,1
0.00567,-9.8391240936326493E-009,-9.2947781181783100E-013,1.0000000000000000E+030,1.0000000000000001E-005,1.0000000000000000E-003,0,0,0,0,8,0,1
0.0057,-9.8391310776734672E-009,-9.3439739072817194E-013,1.0000000000000000E+030,1.0000000000000001E-005,1.0000000000000000E-003,0,0,0,0,8,0,1
0.00573,-9.8392986946531117E-009,-9.3931701240004844E-013,1.0000000000000000E+030,1.0000000000000001E-005,1.0000000000000000E-003,0,0,0,0,8,0,1
0.00577,-9.8394802797143919E-009,-9.4587660140972403E-013,1.0000000000000000E+030,1.0000000000000001E-005,1.0000000000000000E-003,0,0,0,0,8,0,1
0.0058,-9.8396409126532135E-009,-9.5079637843191205E-013,1.0000000000000000E+030,1.0000000000000001E-005,1.0000000000000000E-003,0,0,0,0,8,0,1
0.00583,-9.8397875775104010E-009,-9.5571623150136651E-013,1.0000000000000000E+030,1.0000000000000001E-005,1.0000000000000000E-003,0,0,0,0,8,0,1
0.00586,-9.8399063062043168E-009,-9.6063615470595110E-013,1.0000000000000000E+030,1.0000000000000001E-005,1.0000000000000000E-003,0,0,0,0,8,0,1
0.00589,-9.8399761466124991E-009,-9.6555612716605035E-013,1.0000000000000000E+030,1.0000000000000001E-005,1.0000000000000000E-003,0,0,0,0,8,0,1
0.00593,-9.8399761466124991E-009,-9.7211612110653566E-013,1.0000000000000000E+030,1.0000000000000001E-005,1.0000000000000000E-003,0,0,0,0,8,0,1
0.00596,-9.8398783700410403E-009,-9.7703608980440887E-013,1.0000000000000000E+030,1.0000000000000001E-005,1.0000000000000000E-003,0,0,0,0,8,0,1
0.00599,-9.8396758328573063E-009,-9.8195598333575802E-013,1.0000000000000000E+030,1.0000000000000001E-005,1.0000000000000000E-003,0,0,0,0,8,0,1
0.00602,-9.8393685350612940E-009,-9.8687574852226133E-013,1.0000000000000000E+030,1.0000000000000001E-005,1.0000000000000000E-003,0,0,0,0,8,0,1
0.00605,-9.8389425085713691E-009,-9.9179532895058835E-013,1.0000000000000000E+030,1.0000000000000001E-005,1.0000000000000000E-003,0,0,0,0,8,0,1
0.00609,-9.8381882321629666E-009,-9.9835438382912248E-013,1.0000000000000000E+030,1.0000000000000001E-005,1.0000000000000000E-003,0,0,0,0,8,0,1
0.00612,-9.8375177642443904E-009,-1.0032733154222077E-012,1.0000000000000000E+030,1.0000000000000001E-005,1.0000000000000000E-003,0,0,0,0,8,0,1
0.00615,-9.8367495197543306E-009,-1.0081918853686042E-012,1.0000000000000000E+030,1.0000000000000001E-005,1.0000000000000000E-003,0,0,0,0,8,0,1
0.00618,-9.8359114348560918E-009,-1.0131100534567265E-012,1.0000000000000000E+030,1.0000000000000001E-005,1.0000000000000000E-003,0,0,0,0,8,0,1
0.00621,-9.8350244616721061E-009,-1.0180277891909036E-012,1.0000000000000000E+030,1.0000000000000001E-005,1.0000000000000000E-003,0,0,0,0,8,0,1
0.00625,-9.8337952704880055E-009,-1.0245840652062940E-012,1.0000000000000000E+030,1.0000000000000001E-005,1.0000000000000000E-003,0,0,0,0,8,0,1
0.00628,-9.8328803611407267E-009,-1.0295006894451839E-012,1.0000000000000000E+030,1.0000000000000001E-005,1.0000000000000000E-003,0,0,0,0,8,0,1
0.00631,-9.8320003719975508E-009,-1.0344168622889077E-012,1.0000000000000000E+030,1.0000000000000001E-005,1.0000000000000000E-003,0,0,0,0,8,0,1
0.00634,-9.8311762551809213E-009,-1.0393326099327435E-012,1.0000000000000000E+030,1.0000000000000001E-005,1.0000000000000000E-003,0,0,0,0,8,0,1
0.00637,-9.8304219787724526E-009,-1.0442479643019881E-012,1.0000000000000000E+030,1.0000000000000001E-005,1.0000000000000000E-003,0,0,0,0,8,0,1
0.00641,-9.8295629417517319E-009,-1.0508012332725677E-012,1.0000000000000000E+030,1.0000000000000001E-005,1.0000000000000000E-003,0,0,0,0,8,0,1
0.00644,-9.8290461227311247E-009,-1.0557158502682615E-012,1.0000000000000000E+030,1.0000000000000001E-005,1.0000000000000000E-003,0,0,0,0,8,0,1
0.00647,-9.8286480324044350E-009,-1.0606302465418855E-012,1.0000000000000000E+030,1.0000000000000001E-005,1.0000000000000000E-003,0,0,0,0,8,0,1
0.0065,-9.8283896228941281E-009,-1.0655444869151616E-012,1.0000000000000000E+030,1.0000000000000001E-005,1.0000000000000000E-003,0,0,0,0,8,0,1
0.00653,-9.8282778782410252E-009,-1.0704586418254671E-012,1.0000000000000000E+030,1.0000000000000001E-005,1.0000000000000000E-003,0,0,0,0,8,0,1
0.00657,-9.8282778782410252E-009,-1.0770108060985120E-012,1.0000000000000000E+030,1.0000000000000001E-005,1.0000000000000000E-003,0,0,0,0,8,0,1
0.0066,-9.8284385111798667E-009,-1.0819249817483882E-012,1.0000000000000000E+030,1.0000000000000001E-005,1.0000000000000000E-003,0,0,0,0,8,0,1
0.00663,-9.8287178728126273E-009,-1.0868392683579827E-012,1.0000000000000000E+030,1.0000000000000001E-005,1.0000000000000000E-003,0,0,0,0,8,0,1
0.00666,-9.8290880269760387E-009,-1.0917537174156270E-012,1.0000000000000000E+030,1.0000000000000001E-005,1.0000000000000000E-003,0,0,0,0,8,0,1
0.00669,-9.8295280215476391E-009,-1.0966683771176372E-012,1.0000000000000000E+030,1.0000000000000001E-005,1.0000000000000000E-003,0,0,0,0,8,0,1
0.00673,-9.8301984894662451E-009,-1.1032216143729459E-012,1.0000000000000000E+030,1.0000000000000001E-005,1.0000000000000000E-003,0,0,0,0,8,0,1
0.00676,-9.8306943563643936E-009,-1.1081368359732770E-012,1.0000000000000000E+030,1.0000000000000001E-005,1.0000000000000000E-003,0,0,0,0,8,0,1
0.00679,-9.8312111753850174E-009,-1.1130523115192056E-012,1.0000000000000000E+030,1.0000000000000001E-005,1.0000000000000000E-003,0,0,0,0,8,0,1
0.00682,-9.8316791061198844E-009,-1.1179680353182364E-012,1.0000000000000000E+030,1.0000000000000001E-005,1.0000000000000000E-003,0,0,0,0,8,0,1
0.00685,-9.8321051326098341E-009,-1.1228839836078341E-012,1.0000000000000000E+030,1.0000000000000001E-005,1.0000000000000000E-003,0,0,0,0,8,0,1
0.00689,-9.8326219516304314E-009,-1.1294388993373694E-012,1.0000000000000000E+030,1.0000000000000001E-005,1.0000000000000000E-003,0,0,0,0,8,0,1
0.00692,-9.8329641696305564E-009,-1.1343552964990018E-012,1.0000000000000000E+030,1.0000000000000001E-005,1.0000000000000000E-003,0,0,0,0,8,0,1
0.00695,-9.8332714674265952E-009,-1.1392718531712755E-012,1.0000000000000000E+030,1.0000000000000001E-005,1.0000000000000000E-003,0,0,0,0,8,0,1
0.00698,-9.8335438450185280E-009,-1.1441885612266833E-012,1.0000000000000000E+030,1.0000000000000001E-005,1.0000000000000000E-003,0,0,0,0,8,0,1
0.00701,-9.8338232066512804E-009,-1.1491054083140954E-012,1.0000000000000000E+030,1.0000000000000001E-005,1.0000000000000000E-003,0,0,0,0,8,0,1
0.00705,-9.8342073288963094E-009,-1.1556614196320087E-012,1.0000000000000000E+030,1.0000000000000001E-005,1.0000000000000000E-003,0,0,0,0,8,0,1
0.00708,-9.8345216107331529E-009,-1.1605786011423349E-012,1.0000000000000000E+030,1.0000000000000001E-005,1.0000000000000000E-003,0,0,0,0,8,0,1
0.00711,-9.8348498606516355E-009,-1.1654959440076196E-012,1.0000000000000000E+030,1.0000000000000001E-005,1.0000000000000000E-003,0,0,0,0,8,0,1
0.00714,-9.8351850946109509E-009,-1.1704134516837950E-012,1.0000000000000000E+030,1.0000000000000001E-005,1.0000000000000000E-003,0,0,0,0,8,0,1
0.00717,-9.8355342966518839E-009,-1.1753311319762440E-012,1.0000000000000000E+030,1.0000000000000001E-005,1.0000000000000000E-003,0,0,0,0,8,0,1
0.00721,-9.8359812752642807E-009,-1.1818883053822604E-012,1.0000000000000000E+030,1.0000000000000001E-005,1.0000000000000000E-003,0,0,0,0,8,0,1
0.00724,-9.8362885730603013E-009,-1.1868063732267475E-012,1.0000000000000000E+030,1.0000000000000001E-005,1.0000000000000000E-003,0,0,0,0,8,0,1
0.00727,-9.8365399985297738E-009,-1.1917245896327840E-012,1.0000000000000000E+030,1.0000000000000001E-005,1.0000000000000000E-003,0,0,0,0,8,0,1
0.0073,-9.8367495197543306E-009,-1.1966429131152248E-012,1.0000000000000000E+030,1.0000000000000001E-005,1.0000000000000000E-003,0,0,0,0,8,0,1
0.00733,-9.8368961846115213E-009,-1.2015613246188395E-012,1.0000000000000000E+030,1.0000000000000001E-005,1.0000000000000000E-003,0,0,0,0,8,0,1
0.00737,-9.8370009452238030E-009,-1.2081192940321212E-012,1.0000000000000000E+030,1.0000000000000001E-005,1.0000000000000000E-003,0,0,0,0,8,0,1
0.0074,-9.8370288813870730E-009,-1.2130378035120007E-012,1.0000000000000000E+030,1.0000000000000001E-005,1.0000000000000000E-003,0,0,0,0,8,0,1
0.00743,-9.8370288813870730E-009,-1.2179563204487702E-012,1.0000000000000000E+030,1.0000000000000001E-005,1.0000000000000000E-003,0,0,0,0,8,0,1
0.00746,-9.8370288813870730E-009,-1.2228748364634655E-012,1.0000000000000000E+030,1.0000000000000001E-005,1.0000000000000000E-003,0,0,0,0,8,0,1
0.00749,-9.8370428494687121E-009,-1.2277933537254545E-012,1.0000000000000000E+030,1.0000000000000001E-005,1.0000000000000000E-003,0,0,0,0,8,0,1
0.00753,-9.8371196739177156E-009,-1.2343514022128318E-012,1.0000000000000000E+030,1.0000000000000001E-005,1.0000000000000000E-003,0,0,0,0,8,0,1
0.00756,-9.8372384026116447E-009,-1.2392699883328408E-012,1.0000000000000000E+030,1.0000000000000001E-005,1.0000000000000000E-003,0,0,0,0,8,0,1
0.00759,-9.8374199876729266E-009,-1.2441886513606598E-012,1.0000000000000000E+030,1.0000000000000001E-005,1.0000000000000000E-003,0,0,0,0,8,0,1
0.00762,-9.8376853812240315E-009,-1.2491074258100655E-012,1.0000000000000000E+030,1.0000000000000001E-005,1.0000000000000000E-003,0,0,0,0,8,0,1
0.00765,-9.8380066471016880E-009,-1.2540263460090698E-012,1.0000000000000000E+030,1.0000000000000001E-005,1.0000000000000000E-003,0,0,0,0,8,0,1
0.00769,-9.8385234661222555E-009,-1.2605851847065689E-012,1.0000000000000000E+030,1.0000000000000001E-005,1.0000000000000000E-003,0,0,0,0,8,0,1
0.00772,-9.8389494926121870E-009,-1.2655045518959339E-012,1.0000000000000000E+030,1.0000000000000001E-005,1.0000000000000000E-003,0,0,0,0,8,0,1
0.00775,-9.8393894871837493E-009,-1.2704241371732775E-012,1.0000000000000000E+030,1.0000000000000001E-005,1.0000000000000000E-003,0,0,0,0,8,0,1
0.00778,-9.8398155136736759E-009,-1.2753439414943265E-012,1.0000000000000000E+030,1.0000000000000001E-005,1.0000000000000000E-003,0,0,0,0,8,0,1
0.00781,-9.8402275720819617E-009,-1.2802639546244979E-012,1.0000000000000000E+030,1.0000000000000001E-005,1.0000000000000000E-003,0,0,0,0,8,0,1
0.00785,-9.8406745506943386E-009,-1.2868242579806765E-012,1.0000000000000000E+030,1.0000000000000001E-005,1.0000000000000000E-003,0,0,0,0,8,0,1
0.00788,-9.8409120080821654E-009,-1.2917446565837439E-012,1.0000000000000000E+030,1.0000000000000001E-005,1.0000000000000000E-003,0,0,0,0,8,0,1
0.00791,-9.8410656569801823E-009,-1.2966651537484253E-012,1.0000000000000000E+030,1.0000000000000001E-005,1.0000000000000000E-003,0,0,0,0,8,0,1
0.00794,-9.8411005771842751E-009,-1.3015856981585482E-012,1.0000000000000000E+030,1.0000000000000001E-005,1.0000000000000000E-003,0,0,0,0,8,0,1
0.00797,-9.8410167686944537E-009,-1.3065062323379464E-012,1.0000000000000000E+030,1.0000000000000001E-005,1.0000000000000000E-003,0,0,0,0,8,0,1
0.00801,-9.8407164549392493E-009,-1.3130668223467063E-012,1.0000000000000000E+030,1.0000000000000001E-005,1.0000000000000000E-003,0,0,0,0,8,0,1
0.00804,-9.8403393167350563E-009,-1.3179870904677678E-012,1.0000000000000000E+030,1.0000000000000001E-005,1.0000000000000000E-003,0,0,0,0,8,0,1
0.00807,-9.8398364657961296E-009,-1.3229071376159733E-012,1.0000000000000000E+030,1.0000000000000001E-005,1.0000000000000000E-003,0,0,0,0,8,0,1
0.0081,-9.8392079021224691E-009,-1.3278269014350342E-012,1.0000000000000000E+030,1.0000000000000001E-005,1.0000000000000000E-003,0,0,0,0,8,0,1
0.00813,-9.8384745778365269E-009,-1.3327463242187270E-012,1.0000000000000000E+030,1.0000000000000001E-005,1.0000000000000000E-003,0,0,0,0,8,0,1
0.00817,-9.8373361791831068E-009,-1.3393049340016876E-012,1.0000000000000000E+030,1.0000000000000001E-005,1.0000000000000000E-003,0,0,0,0,8,0,1
0.0082,-9.8364003177133976E-009,-1.3442233695952148E-012,1.0000000000000000E+030,1.0000000000000001E-005,1.0000000000000000E-003,0,0,0,0,8,0,1
0.00823,-9.8354015998763322E-009,-1.3491413213728873E-012,1.0000000000000000E+030,1.0000000000000001E-005,1.0000000000000000E-003,0,0,0,0,8,0,1
0.00826,-9.8343749458759589E-009,-1.3540587672550797E-012,1.0000000000000000E+030,1.0000000000000001E-005,1.0000000000000000E-003,0,0,0,0,8,0,1
0.00829,-9.8333413078347825E-009,-1.3589756962955325E-012,1.0000000000000000E+030,1.0000000000000001E-005,1.0000000000000000E-003,0,0,0,0,8,0,1
0.00833,-9.8319724358342759E-009,-1.3655307989950252E-012,1.0000000000000000E+030,1.0000000000000001E-005,1.0000000000000000E-003,0,0,0,0,8,0,1
0.00836,-9.8309946701196046E-009,-1.3704465389708375E-012,1.0000000000000000E+030,1.0000000000000001E-005,1.0000000000000000E-003,0,0,0,0,8,0,1
0.00839,-9.8300657926906819E-009,-1.3753617988107150E-012,1.0000000000000000E+030,1.0000000000000001E-005,1.0000000000000000E-003,0,0,0,0,8,0,1
0.00842,-9.8291788195066880E-009,-1.3802766061648411E-012,1.0000000000000000E+030,1.0000000000000001E-005,1.0000000000000000E-003,0,0,0,0,8,0,1
0.00845,-9.8283686707716744E-009,-1.3851909915484092E-012,1.0000000000000000E+030,1.0000000000000001E-005,1.0000000000000000E-003,0,0,0,0,8,0,1
0.00849,-9.8273490008120793E-009,-1.3917428962511073E-012,1.0000000000000000E+030,1.0000000000000001E-005,1.0000000000000000E-003,0,0,0,0,8,0,1
0.00852,-9.8265807563219500E-009,-1.3966563820817652E-012,1.0000000000000000E+030,1.0000000000000001E-005,1.0000000000000000E-003,0,0,0,0,8,0,1
0.00855,-9.8256588629338103E-009,-1.4015694508826794E-012,1.0000000000000000E+030,1.0000000000000001E-005,1.0000000000000000E-003,0,0,0,0,8,0,1
0.00858,-9.8242969749740323E-009,-1.4064819642031239E-012,1.0000000000000000E+030,1.0000000000000001E-005,1.0000000000000000E-003,0,0,0,0,8,0,1
0.00861,-9.8219503372587204E-009,-1.4113935807381272E-012,1.0000000000000000E+030,1.0000000000000001E-005,1.0000000000000000E-003,0,0,0,0,8,0,1
0.00865,-9.8153783548474004E-009,-1.4179396528202211E-012,1.0000000000000000E+030,1.0000000000000001E-005,1.0000000000000000E-003,0,0,0,0,8,0,1
0.00868,-9.8052724477805792E-009,-1.4228450585718971E-012,1.0000000000000000E+030,1.0000000000000001E-005,1.0000000000000000E-003,0,0,0,0,8,0,1
0.00871,-9.7869393406254495E-009,-1.4277435220265865E-012,1.0000000000000000E+030,1.0000000000000001E-005,1.0000000000000000E-003,0,0,0,0,8,0,1
0.00874,-9.7548756092094174E-009,-1.4326296498566382E-012,1.0000000000000000E+030,1.0000000000000001E-005,1.0000000000000000E-003,0,0,0,0,8,0,1
0.00877,-9.7009029417138737E-009,-1.4374946508137995E-012,1.0000000000000000E+030,1.0000000000000001E-005,1.0000000000000000E-003,0,0,0,0,8,0,1
0.00881,-9.5740518081136957E-009,-1.4439238095508119E-012,1.0000000000000000E+030,1.0000000000000001E-005,1.0000000000000000E-003,0,0,0,0,8,0,1
0.00884,-9.4158842352422029E-009,-1.4486739450077677E-012,1.0000000000000000E+030,1.0000000000000001E-005,1.0000000000000000E-003,0,0,0,0,8,0,1
0.00887,-9.1787620802988699E-009,-1.4533262948406757E-012,1.0000000000000000E+030,1.0000000000000001E-005,1.0000000000000000E-003,0,0,0,0,8,0,1
0.0089,-8.8347282271865337E-009,-1.4578345712010192E-012,1.0000000000000000E+030,1.0000000000000001E-005,1.0000000000000000E-003,0,0,0,0,8,0,1
0.00893,-8.3522846505043517E-009,-1.4621375892434355E-012,1.0000000000000000E+030,1.0000000000000001E-005,1.0000000000000000E-003,0,0,0,0,8,0,1
0.00897,-7.4392120911879393E-009,-1.4674197127558596E-012,1.0000000000000000E+030,1.0000000000000001E-005,1.0000000000000000E-003,0,0,0,0,8,0,1
0.009,-6.5184431117093949E-009,-1.4709180069391703E-012,1.0000000000000000E+030,1.0000000000000001E-005,1.0000000000000000E-003,0,0,0,0,8,0,1
0.00903,-5.3783472993072273E-009,-1.4739014195893858E-012,1.0000000000000000E+030,1.0000000000000001E-005,1.0000000000000000E-003,0,0,0,0,8,0,1
0.00906,-4.0170459406411423E-009,-1.4762592232332953E-012,1.0000000000000000E+030,1.0000000000000001E-005,1.0000000000000000E-003,0,0,0,0,8,0,1
0.00909,-2.4440024040563545E-009,-1.4778829637950636E-012,1.0000000000000000E+030,1.0000000000000001E-005,1.0000000000000000E-003,0,0,0,0,8,0,1
0.00913,-4.6695300742686257E-011,-1.4787311449327947E-012,1.0000000000000000E+030,1.0000000000000001E-005,1.0000000000000000E-003,0,0,0,0,8,0,1
0.00916,1.9530662074122188E-009,-1.4782605546063957E-012,1.0000000000000000E+030,1.0000000000000001E-005,1.0000000000000000E-003,0,0,0,0,8,0,1
0.00919,4.1118822354787256E-009,-1.4767506934814165E-012,1.0000000000000000E+030,1.0000000000000001E-005,1.0000000000000000E-003,0,0,0,0,8,0,1
0.00922,6.4275528019084284E-009,-1.4741223892734005E-012,1.0000000000000000E+030,1.0000000000000001E-005,1.0000000000000000E-003,0,0,0,0,8,0,1
0.00925,8.9082771615787196E-009,-1.4702952061943280E-012,1.0000000000000000E+030,1.0000000000000001E-005,1.0000000000000000E-003,0,0,0,0,8,0,1
0.00929,1.2502271524746761E-008,-1.4631773996918208E-012,1.0000000000000000E+030,1.0000000000000001E-005,1.0000000000000000E-003,0,0,0,0,8,0,1
0.00932,1.5440415491324692E-008,-1.4562008887989200E-012,1.0000000000000000E+030,1.0000000000000001E-005,1.0000000000000000E-003,0,0,0,0,8,0,1
0.00935,1.8608746370433226E-008,-1.4476979931348870E-012,1.0000000000000000E+030,1.0000000000000001E-005,1.0000000000000000E-003,0,0,0,0,8,0,1
0.00938,2.2019814463859440E-008,-1.4375504498570819E-012,1.0000000000000000E+030,1.0000000000000001E-005,1.0000000000000000E-003,0,0,0,0,8,0,1
0.00941,2.5676350510440451E-008,-1.4256357280461067E-012,1.0000000000000000E+030,1.0000000000000001E-005,1.0000000000000000E-003,0,0,0,0,8,0,1
0.00945,3.0919862787305396E-008,-1.4067922332118912E-012,1.0000000000000000E+030,1.0000000000000001E-005,1.0000000000000000E-003,0,0,0,0,8,0,1
0.00948,3.5109308701126479E-008,-1.3902931212435310E-012,1.0000000000000000E+030,1.0000000000000001E-005,1.0000000000000000E-003,0,0,0,0,8,0,1
0.00951,3.9502360159924632E-008,-1.3716481341818947E-012,1.0000000000000000E+030,1.0000000000000001E-005,1.0000000000000000E-003,0,0,0,0,8,0,1
0.00954,4.4092012150337329E-008,-1.3507574232554625E-012,1.0000000000000000E+030,1.0000000000000001E-005,1.0000000000000000E-003,0,0,0,0,8,0,1
0.00957,4.8883858864609533E-008,-1.3275218303772691E-012,1.0000000000000000E+030,1.0000000000000001E-005,1.0000000000000000E-003,0,0,0,0,8,0,1
0.00961,-3.1520530998631452E-003,-8.0172622294926346E-010,1.0000000000000000E+030,1.0000000000000001E-005,1.0000000000000000E-003,0,0,0,0,8,0,1
0.00964,6.7466782176395082E-002,1.0830509495228846E-008,1.0000000000000000E+030,1.0000000000000001E-005,1.0000000000000000E-003,0,0,0,0,8,0,1
0.00967,2.6785667295442850E-001,8.8645529871840700E-008,1.0000000000000000E+030,1.0000000000000001E-005,1.0000000000000000E-003,0,0,0,0,8,0,1
0.0097,5.7876029662307527E-001,2.9740040723582625E-007,1.0000000000000000E+030,1.0000000000000001E-005,1.0000000000000000E-003,0,0,0,0,8,0,1
0.00973,9.3208585362383389E-001,6.7417200084543852E-007,1.0000000000000000E+030,1.0000000000000001E-005,1.0000000000000000E-003,0,0,0,0,8,0,1
0.00977,1.4377009677646897E+000,1.4623656909266992E-006,1.0000000000000000E+030,1.0000000000000001E-005,1.0000000000000000E-003,0,0,0,0,8,0,1
0.0098,1.8358134077959742E+000,2.2801346382994584E-006,1.0000000000000000E+030,1.0000000000000001E-005,1.0000000000000000E-003,0,0,0,0,8,0,1
0.00983,2.2358556400129439E+000,3.2988506243216564E-006,1.0000000000000000E+030,1.0000000000000001E-005,1.0000000000000000E-003,0,0,0,0,8,0,1
0.00986,2.5999448107393102E+000,4.5102568474018219E-006,1.0000000000000000E+030,1.0000000000000001E-005,1.0000000000000000E-003,0,0,0,0,8,0,1
0.00989,2.8968307044290538E+000,5.8875389668004428E-006,1.0000000000000000E+030,1.0000000000000001E-005,1.0000000000000000E-003,0,0,0,0,8,0,1
0.00993,3.3889668907045434E+000,7.9482461238168389E-006,1.0000000000000000E+030,1.0000000000000001E-005,1.0000000000000000E-003,0,0,0,0,8,0,1
0.00996,3.7999960763762011E+000,9.7542925693139532E-006,1.0000000000000000E+030,1.0000000000000001E-005,1.0000000000000000E-003,0,0,0,0,8,0,1
0.00999,3.9860307591875599E+000,1.1710074245234451E-005,1.0000000000000000E+030,1.0000000000000001E-005,1.0000000000000000E-003,0,0,0,0,8,0,1
0.01002,3.9804444317407892E+000,1.3707865812843257E-005,1.0000000000000000E+030,1.0000000000000001E-005,1.0000000000000000E-003,0,0,0,0,8,0,1
0.01005,3.8832517779314495E+000,1.5675118228846999E-005,1.0000000000000000E+030,1.0000000000000001E-005,1.0000000000000000E-003,0,0,0,0,8,0,1
0.01009,3.7956576556962753E+000,1.8227816021633288E-005,1.0000000000000000E+030,1.0000000000000001E-005,1.0000000000000000E-003,0,0,0,0,8,0,1
0.01012,3.8256714522080526E+000,2.0129836952594079E-005,1.0000000000000000E+030,1.0000000000000001E-005,1.0000000000000000E-003,0,0,0,0,8,0,1
0.01015,3.9135935939507096E+000,2.2063343552922312E-005,1.0000000000000000E+030,1.0000000000000001E-005,1.0000000000000000E-003,0,0,0,0,8,0,1
0.01018,4.0087584801911795E+000,2.4044530893112399E-005,1.0000000000000000E+030,1.0000000000000001E-005,1.0000000000000000E-003,0,0,0,0,8,0,1
0.01021,4.0803328820461919E+000,2.6067930257005307E-005,1.0000000000000000E+030,1.0000000000000001E-005,1.0000000000000000E-003,0,0,0,0,8,0,1
0.01025,4.1500841571163765E+000,2.8811746372210929E-005,1.0000000000000000E+030,1.0000000000000001E-005,1.0000000000000000E-003,0,0,0,0,8,0,1
0.01028,4.2135467805689002E+000,3.0901806175438459E-005,1.0000000000000000E+030,1.0000000000000001E-005,1.0000000000000000E-003,0,0,0,0,8,0,1
0.01031,4.2958900754010241E+000,3.3028641582612683E-005,1.0000000000000000E+030,1.0000000000000001E-005,1.0000000000000000E-003,0,0,0,0,8,0,1
0.01034,4.3755809408751078E+000,3.5197330190061960E-005,1.0000000000000000E+030,1.0000000000000001E-005,1.0000000000000000E-003,0,0,0,0,8,0,1
0.01037,4.4180572946294143E+000,3.7397861551251722E-005,1.0000000000000000E+030,1.0000000000000001E-005,1.0000000000000000E-003,0,0,0,0,8,0,1
0.01041,4.3869174855023569E+000,4.0338123462271892E-005,1.0000000000000000E+030,1.0000000000000001E-005,1.0000000000000000E-003,0,0,0,0,8,0,1
0.01044,4.3216021860022620E+000,4.2515701808322382E-005,1.0000000000000000E+030,1.0000000000000001E-005,1.0000000000000000E-003,0,0,0,0,8,0,1
0.01047,4.2708519651390953E+000,4.4662218159587990E-005,1.0000000000000000E+030,1.0000000000000001E-005,1.0000000000000000E-003,0,0,0,0,8,0,1
0.0105,4.2758800651619095E+000,4.6796147366989682E-005,1.0000000000000000E+030,1.0000000000000001E-005,1.0000000000000000E-003,0,0,0,0,8,0,1
0.01053,4.3448254432649991E+000,4.8949083419101801E-005,1.0000000000000000E+030,1.0000000000000001E-005,1.0000000000000000E-003,0,0,0,0,8,0,1
0.01057,4.4797629114669872E+000,5.1890584792057260E-005,1.0000000000000000E+030,1.0000000000000001E-005,1.0000000000000000E-003,0,0,0,0,8,0,1
0.0106,4.5502965383779435E+000,5.4150252595874062E-005,1.0000000000000000E+030,1.0000000000000001E-005,1.0000000000000000E-003,0,0,0,0,8,0,1
0.01063,4.5599376777113365E+000,5.6430489260053546E-005,1.0000000000000000E+030,1.0000000000000001E-005,1.0000000000000000E-003,0,0,0,0,8,0,1
0.01066,4.5145365932941521E+000,5.8700804077307968E-005,1.0000000000000000E+030,1.0000000000000001E-005,1.0000000000000000E-003,0,0,0,0,8,0,1
0.01069,4.4489730655958786E+000,6.0941601586926689E-005,1.0000000000000000E+030,1.0000000000000001E-005,1.0000000000000000E-003,0,0,0,0,8,0,1
0.01073,4.4009798329413981E+000,6.3887382822133104E-005,1.0000000000000000E+030,1.0000000000000001E-005,1.0000000000000000E-003,0,0,0,0,8,0,1
0.01076,4.4220848544086886E+000,6.6091123585459630E-005,1.0000000000000000E+030,1.0000000000000001E-005,1.0000000000000000E-003,0,0,0,0,8,0,1
0.01079,4.4831572224193632E+000,6.8316284894090362E-005,1.0000000000000000E+030,1.0000000000000001E-005,1.0000000000000000E-003,0,0,0,0,8,0,1
0.01082,4.5581440989375785E+000,7.0576604275849556E-005,1.0000000000000000E+030,1.0000000000000001E-005,1.0000000000000000E-003,0,0,0,0,8,0,1
0.01085,4.6235695140082784E+000,7.2872728179480570E-005,1.0000000000000000E+030,1.0000000000000001E-005,1.0000000000000000E-003,0,0,0,0,8,0,1
0.01089,4.6837260667943932E+000,7.5976624700197271E-005,1.0000000000000000E+030,1.0000000000000001E-005,1.0000000000000000E-003,0,0,0,0,8,0,1
0.01092,4.7202737711908114E+000,7.8327546312154420E-005,1.0000000000000000E+030,1.0000000000000001E-005,1.0000000000000000E-003,0,0,0,0,8,0,1
0.01095,4.7657195842745539E+000,8.0698435839278532E-005,1.0000000000000000E+030,1.0000000000000001E-005,1.0000000000000000E-003,0,0,0,0,8,0,1
0.01098,4.8286167048148094E+000,8.3096250998854342E-005,1.0000000000000000E+030,1.0000000000000001E-005,1.0000000000000000E-003,0,0,0,0,8,0,1
0.01101,4.9078302622832819E+000,8.5529818214701939E-005,1.0000000000000000E+030,1.0000000000000001E-005,1.0000000000000000E-003,0,0,0,0,8,0,1
0.01105,5.0252821731284349E+000,8.8840606013039822E-005,1.0000000000000000E+030,1.0000000000000001E-005,1.0000000000000000E-003,0,0,0,0,8,0,1
0.01108,5.1111613282860704E+000,9.1374981492824782E-005,1.0000000000000000E+030,1.0000000000000001E-005,1.0000000000000000E-003,0,0,0,0,8,0,1
0.01111,5.1874670989197726E+000,9.3950169154087161E-005,1.0000000000000000E+030,1.0000000000000001E-005,1.0000000000000000E-003,0,0,0,0,8,0,1
0.01114,5.2469405278765562E+000,9.6559654675565395E-005,1.0000000000000000E+030,1.0000000000000001E-005,1.0000000000000000E-003,0,0,0,0,8,0,1
0.01117,5.2798331468277180E+000,9.9192671329082082E-005,1.0000000000000000E+030,1.0000000000000001E-005,1.0000000000000000E-003,0,0,0,0,8,0,1
0.01121,5.2644731422439328E+000,1.0271157963756403E-004,1.0000000000000000E+030,1.0000000000000001E-005,1.0000000000000000E-003,0,0,0,0,8,0,1
0.01124,5.2020507206129265E+000,1.0532993802229281E-004,1.0000000000000000E+030,1.0000000000000001E-005,1.0000000000000000E-003,0,0,0,0,8,0,1
0.01127,5.1018544013684313E+000,1.0790717237568383E-004,1.0000000000000000E+030,1.0000000000000001E-005,1.0000000000000000E-003,0,0,0,0,8,0,1
0.0113,4.9791087612965947E+000,1.1042793080769331E-004,1.0000000000000000E+030,1.0000000000000001E-005,1.0000000000000000E-003,0,0,0,0,8,0,1
0.01133,4.8520162072404824E+000,1.1288554859011465E-004,1.0000000000000000E+030,1.0000000000000001E-005,1.0000000000000000E-003,0,0,0,0,8,0,1
0.01137,4.6988181547206844E+000,1.1606772980251510E-004,1.0000000000000000E+030,1.0000000000000001E-005,1.0000000000000000E-003,0,0,0,0,8,0,1
0.0114,4.6008769414700472E+000,1.1839212477038704E-004,1.0000000000000000E+030,1.0000000000000001E-005,1.0000000000000000E-003,0,0,0,0,8,0,1
0.01143,4.5121768426504172E+000,1.2067015738788057E-004,1.0000000000000000E+030,1.0000000000000001E-005,1.0000000000000000E-003,0,0,0,0,8,0,1
0.01146,4.4250436903062758E+000,1.2290453609516394E-004,1.0000000000000000E+030,1.0000000000000001E-005,1.0000000000000000E-003,0,0,0,0,8,0,1
0.01149,4.3343440532771291E+000,1.2509457875014651E-004,1.0000000000000000E+030,1.0000000000000001E-005,1.0000000000000000E-003,0,0,0,0,8,0,1
0.01153,4.2072385503909988E+000,1.2794204774040619E-004,1.0000000000000000E+030,1.0000000000000001E-005,1.0000000000000000E-003,0,0,0,0,8,0,1
0.01156,4.1106058335130760E+000,1.3002148533772462E-004,1.0000000000000000E+030,1.0000000000000001E-005,1.0000000000000000E-003,0,0,0,0,8,0,1
0.01159,4.0149565401019807E+000,1.3205283742560210E-004,1.0000000000000000E+030,1.0000000000000001E-005,1.0000000000000000E-003,0,0,0,0,8,0,1
0.01162,3.9188385527800937E+000,1.3403638011718236E-004,1.0000000000000000E+030,1.0000000000000001E-005,1.0000000000000000E-003,0,0,0,0,8,0,1
0.01165,3.8176196614546294E+000,1.3597082185009751E-004,1.0000000000000000E+030,1.0000000000000001E-005,1.0000000000000000E-003,0,0,0,0,8,0,1
0.01169,3.6644035794556102E+000,1.3846627178685044E-004,1.0000000000000000E+030,1.0000000000000001E-005,1.0000000000000000E-003,0,0,0,0,8,0,1
0.01172,3.5296953358406067E+000,1.4026555182234320E-004,1.0000000000000000E+030,1.0000000000000001E-005,1.0000000000000000E-003,0,0,0,0,8,0,1
0.01175,3.3760210310283219E+000,1.4199273172386823E-004,1.0000000000000000E+030,1.0000000000000001E-005,1.0000000000000000E-003,0,0,0,0,8,0,1
0.01178,3.2046778734077077E+000,1.4363855502651555E-004,1.0000000000000000E+030,1.0000000000000001E-005,1.0000000000000000E-003,0,0,0,0,8,0,1
0.01181,3.0190567659001819E+000,1.4519497393508852E-004,1.0000000000000000E+030,1.0000000000000001E-005,1.0000000000000000E-003,0,0,0,0,8,0,1
0.01185,2.7573126952183307E+000,1.4712104702563992E-004,1.0000000000000000E+030,1.0000000000000001E-005,1.0000000000000000E-003,0,0,0,0,8,0,1
0.01188,2.5596265951411477E+000,1.4844989465798614E-004,1.0000000000000000E+030,1.0000000000000001E-005,1.0000000000000000E-003,0,0,0,0,8,0,1
0.01191,2.3848736510985691E+000,1.4968461618565483E-004,1.0000000000000000E+030,1.0000000000000001E-005,1.0000000000000000E-003,0,0,0,0,8,0,1
0.01194,2.2465971499188395E+000,1.5084102825718091E-004,1.0000000000000000E+030,1.0000000000000001E-005,1.0000000000000000E-003,0,0,0,0,8,0,1
0.01197,2.1352729897526852E+000,1.5193579998213676E-004,1.0000000000000000E+030,1.0000000000000001E-005,1.0000000000000000E-003,0,0,0,0,8,0,1
0.01201,1.9887372891255068E+000,1.5331162482873579E-004,1.0000000000000000E+030,1.0000000000000001E-005,1.0000000000000000E-003,0,0,0,0,8,0,1
0.01204,1.8520400036857889E+000,1.5427314569600641E-004,1.0000000000000000E+030,1.0000000000000001E-005,1.0000000000000000E-003,0,0,0,0,8,0,1
0.01207,1.6732877117321254E+000,1.5515651776553348E-004,1.0000000000000000E+030,1.0000000000000001E-005,1.0000000000000000E-003,0,0,0,0,8,0,1
0.0121,1.4295459416608771E+000,1.5593555373365277E-004,1.0000000000000000E+030,1.0000000000000001E-005,1.0000000000000000E-003,0,0,0,0,8,0,1
0.01213,1.0755241804633591E+000,1.5656762442896400E-004,1.0000000000000000E+030,1.0000000000000001E-005,1.0000000000000000E-003,0,0,0,0,8,0,1
0.01217,2.3311226329104066E-008,1.5697618723193698E-004,1.0000000000000000E+030,1.0000000000000001E-005,1.0000000000000000E-003,0,0,0,0,8,0,1
0.0122,8.8715411065825024E-009,1.5697618724003378E-004,1.0000000000000000E+030,1.0000000000000001E-005,1.0000000000000000E-003,0,0,0,0,8,0,1
0.01223,-4.1278756897306990E-009,1.5697618724105534E-004,1.0000000000000000E+030,1.0000000000000001E-005,1.0000000000000000E-003,0,0,0,0,8,0,1
0.01226,-1.1187469990497091E-008,1.5697618723690073E-004,1.0000000000000000E+030,1.0000000000000001E-005,1.0000000000000000E-003,0,0,0,0,8,0,1
0.01229,-1.1939825776827996E-008,1.5697618723099579E-004,1.0000000000000000E+030,1.0000000000000001E-005,1.0000000000000000E-003,0,0,0,0,8,0,1
0.01233,-8.5746146084763880E-009,1.5697618722380015E-004,1.0000000000000000E+030,1.0000000000000001E-005,1.0000000000000000E-003,0,0,0,0,8,0,1
0.01236,-3.7579170612646271E-009,1.5697618722073110E-004,1.0000000000000000E+030,1.0000000000000001E-005,1.0000000000000000E-003,0,0,0,0,8,0,1
0.01239,-6.3690266907379371E-010,1.5697618721974868E-004,1.0000000000000000E+030,1.0000000000000001E-005,1.0000000000000000E-003,0,0,0,0,8,0,1
0.01242,-6.8652428289475729E-010,1.5697618721955488E-004,1.0000000000000000E+030,1.0000000000000001E-005,1.0000000000000000E-003,0,0,0,0,8,0,1
0.01245,-3.5023290902095010E-009,1.5697618721859330E-004,1.0000000000000000E+030,1.0000000000000001E-005,1.0000000000000000E-003,0,0,0,0,8,0,1
0.01249,-8.4731225261864522E-009,1.5697618721456226E-004,1.0000000000000000E+030,1.0000000000000001E-005,1.0000000000000000E-003,0,0,0,0,8,0,1
0.01252,-1.0674261723713237E-008,1.5697618720969140E-004,1.0000000000000000E+030,1.0000000000000001E-005,1.0000000000000000E-003,0,0,0,0,8,0,1
0.01255,-1.1092996871372422E-008,1.5697618720419265E-004,1.0000000000000000E+030,1.0000000000000001E-005,1.0000000000000000E-003,0,0,0,0,8,0,1
0.01258,-1.0493591572903936E-008,1.5697618719876693E-004,1.0000000000000000E+030,1.0000000000000001E-005,1.0000000000000000E-003,0,0,0,0,8,0,1
0.01261,-9.7026629200021431E-009,1.5697618719373235E-004,1.0000000000000000E+030,1.0000000000000001E-005,1.0000000000000000E-003,0,0,0,0,8,0,1
0.01265,-9.7064482701300432E-009,1.5697618718734719E-004,1.0000000000000000E+030,1.0000000000000001E-005,1.0000000000000000E-003,0,0,0,0,8,0,1
0.01268,-1.0596138243637189E-008,1.5697618718229524E-004,1.0000000000000000E+030,1.0000000000000001E-005,1.0000000000000000E-003,0,0,0,0,8,0,1
0.01271,-1.1675403011748343E-008,1.5697618717671680E-004,1.0000000000000000E+030,1.0000000000000001E-005,1.0000000000000000E-003,0,0,0,0,8,0,1
0.01274,-1.2230634247011230E-008,1.5697618717071572E-004,1.0000000000000000E+030,1.0000000000000001E-005,1.0000000000000000E-003,0,0,0,0,8,0,1
0.01277,-1.2407016194227540E-008,1.5697618716454867E-004,1.0000000000000000E+030,1.0000000000000001E-005,1.0000000000000000E-003,0,0,0,0,8,0,1
0.01281,-1.2453390224258298E-008,1.5697618715625335E-004,1.0000000000000000E+030,1.0000000000000001E-005,1.0000000000000000E-003,0,0,0,0,8,0,1
0.01284,-1.2453865139023597E-008,1.5697618715002681E-004,1.0000000000000000E+030,1.0000000000000001E-005,1.0000000000000000E-003,0,0,0,0,8,0,1
0.01287,-1.2551921069932673E-008,1.5697618714379988E-004,1.0000000000000000E+030,1.0000000000000001E-005,1.0000000000000000E-003,0,0,0,0,8,0,1
0.0129,-1.2454312117626212E-008,1.5697618713757285E-004,1.0000000000000000E+030,1.0000000000000001E-005,1.0000000000000000E-003,0,0,0,0,8,0,1
0.01293,-1.2454430846317527E-008,1.5697618713134592E-004,1.0000000000000000E+030,1.0000000000000001E-005,1.0000000000000000E-003,0,0,0,0,8,0,1
0.01297,-1.2454640367537503E-008,1.5697618712304289E-004,1.0000000000000000E+030,1.0000000000000001E-005,1.0000000000000000E-003,0,0,0,0,8,0,1
0.013,-1.2454717191984827E-008,1.5697618711681574E-004,1.0000000000000000E+030,1.0000000000000001E-005,1.0000000000000000E-003,0,0,0,0,8,0,1
0.01303,-1.2454710207944160E-008,1.5697618711058858E-004,1.0000000000000000E+030,1.0000000000000001E-005,1.0000000000000000E-003,0,0,0,0,8,0,1
0.01306,-1.2454640367537503E-008,1.5697618710436143E-004,1.0000000000000000E+030,1.0000000000000001E-005,1.0000000000000000E-003,0,0,0,0,8,0,1
0.01309,-1.2454472750561521E-008,1.5697618709813394E-004,1.0000000000000000E+030,1.0000000000000001E-005,1.0000000000000000E-003,0,0,0,0,8,0,1
0.01313,-1.2454137516609564E-008,1.5697618708983133E-004,1.0000000000000000E+030,1.0000000000000001E-005,1.0000000000000000E-003,0,0,0,0,8,0,1
0.01316,-1.2453683553966286E-008,1.5697618708360444E-004,1.0000000000000000E+030,1.0000000000000001E-005,1.0000000000000000E-003,0,0,0,0,8,0,1
0.01319,-1.2433779038066815E-008,1.5697618707737884E-004,1.0000000000000000E+030,1.0000000000000001E-005,1.0000000000000000E-003,0,0,0,0,8,0,1
0.01322,-1.2129274864595004E-008,1.5697618707121686E-004,1.0000000000000000E+030,1.0000000000000001E-005,1.0000000000000000E-003,0,0,0,0,8,0,1
0.01325,-1.0566253533160147E-008,1.5697618706546994E-004,1.0000000000000000E+030,1.0000000000000001E-005,1.0000000000000000E-003,0,0,0,0,8,0,1
0.01329,-7.8882998920628667E-009,1.5697618705939369E-004,1.0000000000000000E+030,1.0000000000000001E-005,1.0000000000000000E-003,0,0,0,0,8,0,1
0.01332,-7.3437961235739930E-009,1.5697618705565251E-004,1.0000000000000000E+030,1.0000000000000001E-005,1.0000000000000000E-003,0,0,0,0,8,0,1
0.01335,-8.4070465152301061E-009,1.5697618705177709E-004,1.0000000000000000E+030,1.0000000000000001E-005,1.0000000000000000E-003,0,0,0,0,8,0,1
0.01338,-1.0564158320927308E-008,1.5697618704705707E-004,1.0000000000000000E+030,1.0000000000000001E-005,1.0000000000000000E-003,0,0,0,0,8,0,1
0.01341,-1.2127200604511605E-008,1.5697618704131104E-004,1.0000000000000000E+030,1.0000000000000001E-005,1.0000000000000000E-003,0,0,0,0,8,0,1
0.01345,-2.6088772034079017E-008,1.5697618703307574E-004,1.0000000000000000E+030,1.0000000000000001E-005,1.0000000000000000E-003,0,0,0,0,8,0,1
0.01348,-1.2453858154982932E-008,1.5697618702684889E-004,1.0000000000000000E+030,1.0000000000000001E-005,1.0000000000000000E-003,0,0,0,0,8,0,1
0.01351,-1.2454409894195533E-008,1.5697618702062189E-004,1.0000000000000000E+030,1.0000000000000001E-005,1.0000000000000000E-003,0,0,0,0,8,0,1
0.01354,-1.2454507670764853E-008,1.5697618701439488E-004,1.0000000000000000E+030,1.0000000000000001E-005,1.0000000000000000E-003,0,0,0,0,8,0,1
0.01357,-1.2454717191984827E-008,1.5697618700816798E-004,1.0000000000000000E+030,1.0000000000000001E-005,1.0000000000000000E-003,0,0,0,0,8,0,1
0.01361,2.2094433784382350E-009,1.5697618699986497E-004,1.0000000000000000E+030,1.0000000000000001E-005,1.0000000000000000E-003,0,0,0,0,8,0,1
0.01364,1.4671502947061529E-007,1.5697618699363528E-004,1.0000000000000000E+030,1.0000000000000001E-005,1.0000000000000000E-003,0,0,0,0,8,0,1
0.01367,-1.2455234010994097E-008,1.5697618698741050E-004,1.0000000000000000E+030,1.0000000000000001E-005,1.0000000000000000E-003,0,0,0,0,8,0,1
0.0137,-1.2455331787563415E-008,1.5697618698118344E-004,1.0000000000000000E+030,1.0000000000000001E-005,1.0000000000000000E-003,0,0,0,0,8,0,1
0.01373,-1.2458774919611616E-008,1.5697618697495553E-004,1.0000000000000000E+030,1.0000000000000001E-005,1.0000000000000000E-003,0,0,0,0,8,0,1
0.01377,-1.2455527340702063E-008,1.5697618696665217E-004,1.0000000000000000E+030,1.0000000000000001E-005,1.0000000000000000E-003,0,0,0,0,8,0,1
0.0138,-1.2457671441186430E-008,1.5697618696042468E-004,1.0000000000000000E+030,1.0000000000000001E-005,1.0000000000000000E-003,0,0,0,0,8,0,1
0.01383,-1.2455736861922036E-008,1.5697618695419680E-004,1.0000000000000000E+030,1.0000000000000001E-005,1.0000000000000000E-003,0,0,0,0,8,0,1
0.01386,-1.2455820670410021E-008,1.5697618694796923E-004,1.0000000000000000E+030,1.0000000000000001E-005,1.0000000000000000E-003,0,0,0,0,8,0,1
0.01389,-1.2455911462938676E-008,1.5697618694174154E-004,1.0000000000000000E+030,1.0000000000000001E-005,1.0000000000000000E-003,0,0,0,0,8,0,1
0.01393,-1.2455988287385997E-008,1.5697618693343826E-004,1.0000000000000000E+030,1.0000000000000001E-005,1.0000000000000000E-003,0,0,0,0,8,0,1
0.01396,-1.2456065111833320E-008,1.5697618692721050E-004,1.0000000000000000E+030,1.0000000000000001E-005,1.0000000000000000E-003,0,0,0,0,8,0,1
0.01399,-1.2456127968199316E-008,1.5697618692098281E-004,1.0000000000000000E+030,1.0000000000000001E-005,1.0000000000000000E-003,0,0,0,0,8,0,1
0.01402,-1.2456225744768631E-008,1.5697618691475515E-004,1.0000000000000000E+030,1.0000000000000001E-005,1.0000000000000000E-003,0,0,0,0,8,0,1
0.01405,-1.2456267649012625E-008,1.5697618690852752E-004,1.0000000000000000E+030,1.0000000000000001E-005,1.0000000000000000E-003,0,0,0,0,8,0,1
0.01409,-1.2456330505378617E-008,1.5697618690022378E-004,1.0000000000000000E+030,1.0000000000000001E-005,1.0000000000000000E-003,0,0,0,0,8,0,1
0.01412,-1.2456386377703945E-008,1.5697618689399604E-004,1.0000000000000000E+030,1.0000000000000001E-005,1.0000000000000000E-003,0,0,0,0,8,0,1
0.01415,-1.2456442250029268E-008,1.5697618688776803E-004,1.0000000000000000E+030,1.0000000000000001E-005,1.0000000000000000E-003,0,0,0,0,8,0,1
0.01418,-1.2456491138313929E-008,1.5697618688154011E-004,1.0000000000000000E+030,1.0000000000000001E-005,1.0000000000000000E-003,0,0,0,0,8,0,1
0.01421,-1.2456540026598594E-008,1.5697618687531218E-004,1.0000000000000000E+030,1.0000000000000001E-005,1.0000000000000000E-003,0,0,0,0,8,0,1
0.01425,-1.2456609867005248E-008,1.5697618686700827E-004,1.0000000000000000E+030,1.0000000000000001E-005,1.0000000000000000E-003,0,0,0,0,8,0,1
0.01428,-1.2456658755289909E-008,1.5697618686078048E-004,1.0000000000000000E+030,1.0000000000000001E-005,1.0000000000000000E-003,0,0,0,0,8,0,1
0.01431,-1.2456700659533902E-008,1.5697618685455239E-004,1.0000000000000000E+030,1.0000000000000001E-005,1.0000000000000000E-003,0,0,0,0,8,0,1
0.01434,-1.2456763515899895E-008,1.5697618684832446E-004,1.0000000000000000E+030,1.0000000000000001E-005,1.0000000000000000E-003,0,0,0,0,8,0,1
0.01437,-1.2456784468021888E-008,1.5697618684209656E-004,1.0000000000000000E+030,1.0000000000000001E-005,1.0000000000000000E-003,0,0,0,0,8,0,1
0.01441,-1.2456847324387886E-008,1.5697618683379274E-004,1.0000000000000000E+030,1.0000000000000001E-005,1.0000000000000000E-003,0,0,0,0,8,0,1
0.01444,-1.2456798436103222E-008,1.5697618682756446E-004,1.0000000000000000E+030,1.0000000000000001E-005,1.0000000000000000E-003,0,0,0,0,8,0,1
0.01447,-1.2456924148835206E-008,1.5697618682133650E-004,1.0000000000000000E+030,1.0000000000000001E-005,1.0000000000000000E-003,0,0,0,0,8,0,1
0.0145,-1.2456966053079200E-008,1.5697618681510849E-004,1.0000000000000000E+030,1.0000000000000001E-005,1.0000000000000000E-003,0,0,0,0,8,0,1
0.01453,-1.2457000973282525E-008,1.5697618680888035E-004,1.0000000000000000E+030,1.0000000000000001E-005,1.0000000000000000E-003,0,0,0,0,8,0,1
0.01457,-1.2457070813689182E-008,1.5697618680057609E-004,1.0000000000000000E+030,1.0000000000000001E-005,1.0000000000000000E-003,0,0,0,0,8,0,1
0.0146,-1.2457098749851847E-008,1.5697618679434808E-004,1.0000000000000000E+030,1.0000000000000001E-005,1.0000000000000000E-003,0,0,0,0,8,0,1
0.01463,-1.2457133670055175E-008,1.5697618678811985E-004,1.0000000000000000E+030,1.0000000000000001E-005,1.0000000000000000E-003,0,0,0,0,8,0,1
0.01466,-1.2457168590258502E-008,1.5697618678189141E-004,1.0000000000000000E+030,1.0000000000000001E-005,1.0000000000000000E-003,0,0,0,0,8,0,1
0.01469,-1.2457203510461834E-008,1.5697618677566307E-004,1.0000000000000000E+030,1.0000000000000001E-005,1.0000000000000000E-003,0,0,0,0,8,0,1
0.01473,-1.2457252398746489E-008,1.5697618676735863E-004,1.0000000000000000E+030,1.0000000000000001E-005,1.0000000000000000E-003,0,0,0,0,8,0,1
0.01476,-1.2457280334909156E-008,1.5697618676113021E-004,1.0000000000000000E+030,1.0000000000000001E-005,1.0000000000000000E-003,0,0,0,0,8,0,1
0.01479,-1.2457315255112478E-008,1.5697618675490201E-004,1.0000000000000000E+030,1.0000000000000001E-005,1.0000000000000000E-003,0,0,0,0,8,0,1
0.01482,-1.2457350175315807E-008,1.5697618674867370E-004,1.0000000000000000E+030,1.0000000000000001E-005,1.0000000000000000E-003,0,0,0,0,8,0,1
0.01485,-1.2457392079559802E-008,1.5697618674244548E-004,1.0000000000000000E+030,1.0000000000000001E-005,1.0000000000000000E-003,0,0,0,0,8,0,1
0.01489,-1.2457426999763129E-008,1.5697618673414128E-004,1.0000000000000000E+030,1.0000000000000001E-005,1.0000000000000000E-003,0,0,0,0,8,0,1
0.01492,-1.2457461919966459E-008,1.5697618672791283E-004,1.0000000000000000E+030,1.0000000000000001E-005,1.0000000000000000E-003,0,0,0,0,8,0,1
0.01495,-1.2457489856129122E-008,1.5697618672168439E-004,1.0000000000000000E+030,1.0000000000000001E-005,1.0000000000000000E-003,0,0,0,0,8,0,1
0.01498,-1.2457510808251121E-008,1.5697618671545595E-004,1.0000000000000000E+030,1.0000000000000001E-005,1.0000000000000000E-003,0,0,0,0,8,0,1
0.01501,-1.2457538744413785E-008,1.5697618670922761E-004,1.0000000000000000E+030,1.0000000000000001E-005,1.0000000000000000E-003,0,0,0,0,8,0,1
0.01505,-1.2457573664617111E-008,1.5697618670092308E-004,1.0000000000000000E+030,1.0000000000000001E-005,1.0000000000000000E-003,0,0,0,0,8,0,1
0.01508,-1.2457601600779770E-008,1.5697618669469472E-004,1.0000000000000000E+030,1.0000000000000001E-005,1.0000000000000000E-003,0,0,0,0,8,0,1
0.01511,-1.2457636520983104E-008,1.5697618668846630E-004,1.0000000000000000E+030,1.0000000000000001E-005,1.0000000000000000E-003,0,0,0,0,8,0,1
0.01514,-1.2457657473105099E-008,1.5697618668223792E-004,1.0000000000000000E+030,1.0000000000000001E-005,1.0000000000000000E-003,0,0,0,0,8,0,1
0.01517,-1.2457685409267765E-008,1.5697618667600939E-004,1.0000000000000000E+030,1.0000000000000001E-005,1.0000000000000000E-003,0,0,0,0,8,0,1
0.01521,-1.2457713345430428E-008,1.5697618666770475E-004,1.0000000000000000E+030,1.0000000000000001E-005,1.0000000000000000E-003,0,0,0,0,8,0,1
0.01524,-1.2457734297552418E-008,1.5697618666147618E-004,1.0000000000000000E+030,1.0000000000000001E-005,1.0000000000000000E-003,0,0,0,0,8,0,1
0.01527,-1.2457762233715084E-008,1.5697618665524776E-004,1.0000000000000000E+030,1.0000000000000001E-005,1.0000000000000000E-003,0,0,0,0,8,0,1
0.0153,-1.2457790169877744E-008,1.5697618664901921E-004,1.0000000000000000E+030,1.0000000000000001E-005,1.0000000000000000E-003,0,0,0,0,8,0,1
0.01533,-1.2457818106040412E-008,1.5697618664279060E-004,1.0000000000000000E+030,1.0000000000000001E-005,1.0000000000000000E-003,0,0,0,0,8,0,1
0.01537,-1.2457839058162404E-008,1.5697618663448578E-004,1.0000000000000000E+030,1.0000000000000001E-005,1.0000000000000000E-003,0,0,0,0,8,0,1
0.0154,-1.2457866994325068E-008,1.5697618662825717E-004,1.0000000000000000E+030,1.0000000000000001E-005,1.0000000000000000E-003,0,0,0,0,8,0,1
0.01543,-1.2457880962406400E-008,1.5697618662202856E-004,1.0000000000000000E+030,1.0000000000000001E-005,1.0000000000000000E-003,0,0,0,0,8,0,1
0.01546,-1.2457894930487751E-008,1.5697618661580001E-004,1.0000000000000000E+030,1.0000000000000001E-005,1.0000000000000000E-003,0,0,0,0,8,0,1
0.01549,-1.2457929850691081E-008,1.5697618660957151E-004,1.0000000000000000E+030,1.0000000000000001E-005,1.0000000000000000E-003,0,0,0,0,8,0,1
0.01553,-1.2457957786853742E-008,1.5697618660126690E-004,1.0000000000000000E+030,1.0000000000000001E-005,1.0000000000000000E-003,0,0,0,0,8,0,1
0.01556,-1.2457978738975739E-008,1.5697618659503822E-004,1.0000000000000000E+030,1.0000000000000001E-005,1.0000000000000000E-003,0,0,0,0,8,0,1
0.01559,-1.2457992707057072E-008,1.5697618658880964E-004,1.0000000000000000E+030,1.0000000000000001E-005,1.0000000000000000E-003,0,0,0,0,8,0,1
0.01562,-1.2458020643219738E-008,1.5697618658258084E-004,1.0000000000000000E+030,1.0000000000000001E-005,1.0000000000000000E-003,0,0,0,0,8,0,1
0.01565,-1.2458034611301063E-008,1.5697618657635216E-004,1.0000000000000000E+030,1.0000000000000001E-005,1.0000000000000000E-003,0,0,0,0,8,0,1
0.01569,-1.2458062547463729E-008,1.5697618656804722E-004,1.0000000000000000E+030,1.0000000000000001E-005,1.0000000000000000E-003,0,0,0,0,8,0,1
0.01572,-1.2458083499585721E-008,1.5697618656181867E-004,1.0000000000000000E+030,1.0000000000000001E-005,1.0000000000000000E-003,0,0,0,0,8,0,1
0.01575,-1.2458104451707719E-008,1.5697618655559004E-004,1.0000000000000000E+030,1.0000000000000001E-005,1.0000000000000000E-003,0,0,0,0,8,0,1
0.01578,-1.2458118419789053E-008,1.5697618654936148E-004,1.0000000000000000E+030,1.0000000000000001E-005,1.0000000000000000E-003,0,0,0,0,8,0,1
0.01581,-1.2458146355951714E-008,1.5697618654313288E-004,1.0000000000000000E+030,1.0000000000000001E-005,1.0000000000000000E-003,0,0,0,0,8,0,1
0.01585,-1.2458174292114380E-008,1.5697618653482805E-004,1.0000000000000000E+030,1.0000000000000001E-005,1.0000000000000000E-003,0,0,0,0,8,0,1
0.01588,-1.2458188260195712E-008,1.5697618652859939E-004,1.0000000000000000E+030,1.0000000000000001E-005,1.0000000000000000E-003,0,0,0,0,8,0,1
0.01591,-1.2458216196358370E-008,1.5697618652237073E-004,1.0000000000000000E+030,1.0000000000000001E-005,1.0000000000000000E-003,0,0,0,0,8,0,1
0.01594,-1.2458223180399040E-008,1.5697618651614207E-004,1.0000000000000000E+030,1.0000000000000001E-005,1.0000000000000000E-003,0,0,0,0,8,0,1
0.01597,-1.2458251116561698E-008,1.5697618650991333E-004,1.0000000000000000E+030,1.0000000000000001E-005,1.0000000000000000E-003,0,0,0,0,8,0,1
0.016,-1.2458272068683699E-008,1.5697618650368470E-004,1.0000000000000000E+030,1.0000000000000001E-005,1.0000000000000000E-003,0,0,0,0,8,0,1
