"time","Noise","Noise_Filt","Noise_Filt_Sat","Sine","Sine_Filt","Sine_Filt_Quantized"
0,5.0419341316903010E-001,6.3024176646128832E-002,6.3024176646128832E-002,0.0000000000000000E+000,0.0000000000000000E+000,0.0000000000000000E+000
0.02,5.0419341316903010E-001,6.3024176646128832E-002,6.3024176646128832E-002,3.9997333386666181E-002,2.0155764566426821E-005,0.0000000000000000E+000
0.04,5.0419341316903010E-001,6.3024176646128832E-002,6.3024176646128832E-002,7.9978668373268377E-002,1.7102014534922598E-004,0.0000000000000000E+000
0.06,3.3752485631197140E+000,4.8177903820378787E-001,4.8177903820378787E-001,1.1992801295888929E-001,5.7984191877292687E-004,0.0000000000000000E+000
0.08,3.3752485631197140E+000,4.8177903820378787E-001,4.8177903820378787E-001,1.5982938793834550E-001,1.3626174425713901E-003,0.0000000000000000E+000
0.1,-1.2125881533069673E+000,3.0611656713022739E-001,3.0611656713022739E-001,1.9966683329365645E-001,2.6245406824633825E-003,0.0000000000000000E+000
0.12,-1.2125881533069673E+000,3.0611656713022739E-001,3.0611656713022739E-001,2.3942441457783892E-001,4.4604544150858814E-003,0.0000000000000000E+000
0.14,-1.2125881533069673E+000,3.0611656713022739E-001,3.0611656713022739E-001,2.7908622928847315E-001,6.9553009737146638E-003,0.0000000000000000E+000
0.16,1.8177243492157451E+000,5.1802628242568427E-001,5.0000000000000000E-001,3.1863641322849218E-001,1.0184571036449198E-002,0.0000000000000000E+000
0.18,1.8177243492157451E+000,5.1802628242568427E-001,5.0000000000000000E-001,3.5805914685164864E-001,1.4214749084140270E-002,0.0000000000000000E+000
0.2,2.7746249747157992E-001,5.2680778048834753E-001,5.0000000000000000E-001,3.9733866159012271E-001,1.9103754277399687E-002,0.0000000000000000E+000
0.22,2.7746249747157992E-001,5.2680778048834753E-001,5.0000000000000000E-001,4.3645924616173898E-001,2.4901375618575874E-002,0.0000000000000000E+000
0.24,2.7746249747157992E-001,5.2680778048834753E-001,5.0000000000000000E-001,4.7540525285426954E-001,3.1649700375648640E-002,0.0000000000000000E+000
0.26,-5.4855954788778227E-001,4.3189744797795721E-001,4.3189744797795721E-001,5.1416110378431057E-001,3.9383534850647529E-002,0.0000000000000000E+000
0.28,-5.4855954788778227E-001,4.3189744797795721E-001,4.3189744797795721E-001,5.5271129712822786E-001,4.8130816675502494E-002,0.0000000000000000E+000
0.3,-1.3007991262323269E+000,2.4770268480001800E-001,2.4770268480001800E-001,5.9104041332267954E-001,5.7913017913276486E-002,1.0000000000000001E-001
0.32,-1.3007991262323269E+000,2.4770268480001800E-001,2.4770268480001800E-001,6.2913312123223597E-001,6.8745538332602565E-002,1.0000000000000001E-001
0.34,-1.3007991262323269E+000,2.4770268480001800E-001,2.4770268480001800E-001,6.6697418428162925E-001,8.0638088307958655E-002,1.0000000000000001E-001
0.36,1.9489999778399403E-001,2.5968005028301638E-001,2.5968005028301638E-001,7.0454846655018044E-001,9.3595060878276348E-002,1.0000000000000001E-001
0.38,1.9489999778399403E-001,2.5968005028301638E-001,2.5968005028301638E-001,7.4184093882596591E-001,1.0761589257141618E-001,1.0000000000000001E-001
0.4,8.1612375239030188E-001,3.4871151681765328E-001,3.4871151681765328E-001,7.7883668461730149E-001,1.2269541267238469E-001,1.0000000000000001E-001
0.42,8.1612375239030188E-001,3.4871151681765328E-001,3.4871151681765328E-001,8.1552090611914096E-001,1.3882418067894667E-001,1.0000000000000001E-001
0.44,8.1612375239030188E-001,3.4871151681765328E-001,3.4871151681765328E-001,8.5187893013199978E-001,1.5598881174964582E-001,2.0000000000000001E-001
0.46,3.5654631241534979E-001,3.7584423002868933E-001,3.7584423002868933E-001,8.8789621393104012E-001,1.7417229000632861E-001,2.0000000000000001E-001
0.48,3.5654631241534979E-001,3.7584423002868933E-001,3.7584423002868933E-001,9.2355835108296647E-001,1.9335426960621732E-001,2.0000000000000001E-001
0.5,7.2283651033176133E-001,4.4740658231872510E-001,4.4740658231872510E-001,9.5885107720840657E-001,2.1351136354755015E-001,2.0000000000000001E-001
0.52,7.2283651033176133E-001,4.4740658231872510E-001,4.4740658231872510E-001,9.9376027568747405E-001,2.3461742021794810E-001,2.0000000000000001E-001
0.54,7.2283651033176133E-001,4.4740658231872510E-001,4.4740658231872510E-001,1.0282719833062268E+000,2.5664378773613533E-001,3.0000000000000004E-001
0.56,7.0238466787481479E-001,5.1283433668714073E-001,5.0000000000000000E-001,1.0623723958417675E+000,2.7955956617557931E-001,3.0000000000000004E-001
0.58,7.0238466787481479E-001,5.1283433668714073E-001,5.0000000000000000E-001,1.0960478735837478E+000,3.0333184779319183E-001,3.0000000000000004E-001
0.6,-1.9603711314821001E-001,4.6268798070925743E-001,4.6268798070925743E-001,1.1292849467900714E+000,3.2792594541758074E-001,3.0000000000000004E-001
0.62,-1.9603711314821001E-001,4.6268798070925743E-001,4.6268798070925743E-001,1.1620703210746108E+000,3.5330560917962783E-001,4.0000000000000002E-001
0.64,-1.9603711314821001E-001,4.6268798070925743E-001,4.6268798070925743E-001,1.1943908827247849E+000,3.7943323179353605E-001,4.0000000000000002E-001
0.66,1.7724188912693613E+000,6.6110594308246506E-001,5.0000000000000000E-001,1.2262337039468683E+000,4.0627004261907806E-001,4.0000000000000002E-001
0.68,1.7724188912693613E+000,6.6110594308246506E-001,5.0000000000000000E-001,1.2575860480369379E+000,4.3377629075575586E-001,4.0000000000000002E-001
0.7,-7.3112434170942608E-001,5.3666010321466340E-001,5.0000000000000000E-001,1.2884353744753829E+000,4.6191141743705560E-001,5.0000000000000000E-001
0.72,-7.3112434170942608E-001,5.3666010321466340E-001,5.0000000000000000E-001,1.3187693439429471E+000,4.9063421800813634E-001,5.0000000000000000E-001
0.74,-7.3112434170942608E-001,5.3666010321466340E-001,5.0000000000000000E-001,1.3485758232562910E+000,5.1990299378321425E-001,5.0000000000000000E-001
0.76,-3.0020104558731693E+000,1.3457579106978423E-001,1.3457579106978423E-001,1.3778428902211035E+000,5.4967569408977213E-001,5.0000000000000000E-001
0.78,-3.0020104558731693E+000,1.3457579106978423E-001,1.3457579106978423E-001,1.4065588384008212E+000,5.7991004881564057E-001,6.0000000000000009E-001
0.8,-2.1872023009739276E+000,-1.4555328610544649E-001,-1.4555328610544649E-001,1.4347121817990462E+000,6.1056369178209025E-001,6.0000000000000009E-001
0.82,-2.1872023009739276E+000,-1.4555328610544649E-001,-1.4555328610544649E-001,1.4622916594537925E+000,6.4159427527148349E-001,6.0000000000000009E-001
0.84,-2.1872023009739276E+000,-1.4555328610544649E-001,-1.4555328610544649E-001,1.4892862399417195E+000,6.7295957604185341E-001,7.0000000000000007E-001
0.86,2.5629814192874125E+000,1.8209705561075262E-001,1.8209705561075262E-001,1.5156851257905548E+000,7.0461759316313677E-001,7.0000000000000007E-001
0.88,2.5629814192874125E+000,1.8209705561075262E-001,1.8209705561075262E-001,1.5414777577979395E+000,7.3652663801079932E-001,7.0000000000000007E-001
0.9,-6.0767730429300792E-001,9.7032539793588946E-002,9.7032539793588946E-002,1.5666538192549677E+000,7.6864541675234177E-001,8.0000000000000004E-001
0.92,-6.0767730429300792E-001,9.7032539793588946E-002,9.7032539793588946E-002,1.5912032400727329E+000,8.0093310566078568E-001,8.0000000000000004E-001
0.94,-6.0767730429300792E-001,9.7032539793588946E-002,9.7032539793588946E-002,1.6151162008102293E+000,8.3334941958680742E-001,8.0000000000000004E-001
0.96,-1.3575245424781799E+000,-7.7509655005862932E-002,-7.7509655005862932E-002,1.6383831366019974E+000,8.6585467391777970E-001,9.0000000000000002E-001
0.98,-1.3575245424781799E+000,-7.7509655005862932E-002,-7.7509655005862932E-002,1.6609947409839418E+000,8.9840984034772675E-001,9.0000000000000002E-001
1,-1.1859152420631003E+000,-2.2187357751345727E-001,-2.2187357751345727E-001,1.6829419696157937E+000,9.3097659677714650E-001,9.0000000000000002E-001
1.021,-1.1859152420631003E+000,-2.2187357751345727E-001,-2.2187357751345727E-001,1.7052619235188211E+000,9.6514306515191051E-001,1.0000000000000000E+000
1.041,-1.1859152420631003E+000,-2.2187357751345727E-001,-2.2187357751345727E-001,1.7258200324282429E+000,9.9761698751760131E-001,1.0000000000000000E+000
1.061,-1.0554553294325670E+000,-3.4271181481685536E-001,-3.4271181481685536E-001,1.7456878363353208E+000,1.0299904125677448E+000,1.0000000000000000E+000
1.081,-1.0554553294325670E+000,-3.4271181481685536E-001,-3.4271181481685536E-001,1.7648573883833918E+000,1.0622282788068063E+000,1.1000000000000001E+000
1.101,-6.8292720457930189E-001,-4.1094212464842544E-001,-4.1094212464842544E-001,1.7833210210072279E+000,1.0942964042667320E+000,1.1000000000000001E+000
1.121,-6.8292720457930189E-001,-4.1094212464842544E-001,-4.1094212464842544E-001,1.8010713489999577E+000,1.1261615073246145E+000,1.1000000000000001E+000
1.141,-6.8292720457930189E-001,-4.1094212464842544E-001,-4.1094212464842544E-001,1.8181012724670522E+000,1.1577912237049703E+000,1.2000000000000002E+000
1.161,-6.9507533582688519E-001,-4.7727943539436490E-001,-4.7727943539436490E-001,1.8344039796661873E+000,1.1891541199254494E+000,1.2000000000000002E+000
1.181,-6.9507533582688519E-001,-4.7727943539436490E-001,-4.7727943539436490E-001,1.8499729497318496E+000,1.2202197034358311E+000,1.2000000000000002E+000
1.201,-3.0239902356072718E-001,-4.9121534156973762E-001,-4.9121534156973762E-001,1.8648019552835964E+000,1.2509584296910909E+000,1.2000000000000002E+000
1.221,-3.0239902356072718E-001,-4.9121534156973762E-001,-4.9121534156973762E-001,1.8788850649169244E+000,1.2813417063901105E+000,1.3000000000000000E+000
1.241,-3.0239902356072718E-001,-4.9121534156973762E-001,-4.9121534156973762E-001,1.8922166455757528E+000,1.3113418951023554E+000,1.3000000000000000E+000
1.261,2.1085786272757674E+000,-2.0308224608177938E-001,-2.0308224608177938E-001,1.9047913648055699E+000,1.3409323104955613E+000,1.3000000000000000E+000
1.281,2.1085786272757674E+000,-2.0308224608177938E-001,-2.0308224608177938E-001,1.9166041928863444E+000,1.3700872173681748E+000,1.4000000000000001E+000
1.301,1.0403944336369206E-001,-1.7992320335722886E-001,-1.7992320335722886E-001,1.9276504048443464E+000,1.3987818256810880E+000,1.4000000000000001E+000
1.321,1.0403944336369206E-001,-1.7992320335722886E-001,-1.7992320335722886E-001,1.9379255823420736E+000,1.4269922837739979E+000,1.4000000000000001E+000
1.341,1.0403944336369206E-001,-1.7992320335722886E-001,-1.7992320335722886E-001,1.9474256154455274E+000,1.4546956699426834E+000,1.5000000000000000E+000
1.361,1.8088512933941203E+000,5.5179368484897795E-002,5.5179368484897795E-002,1.9561467042681318E+000,1.4818699825445147E+000,1.5000000000000000E+000
1.381,1.8088512933941203E+000,5.5179368484897795E-002,5.5179368484897795E-002,1.9640853604906374E+000,1.5084941287906923E+000,1.5000000000000000E+000
1.401,1.0888472004717284E+000,1.8852630011961913E-001,1.8852630011961913E-001,1.9712384087564025E+000,1.5345479123750827E+000,1.5000000000000000E+000
1.421,1.0888472004717284E+000,1.8852630011961913E-001,1.8852630011961913E-001,1.9776029879414938E+000,1.5600120200809982E+000,1.6000000000000001E+000
1.441,1.0888472004717284E+000,1.8852630011961913E-001,1.8852630011961913E-001,1.9831765522990967E+000,1.5848680074990216E+000,1.6000000000000001E+000
1.461,4.7484693304977277E-001,2.3845585174485984E-001,2.3845585174485984E-001,1.9879568724777816E+000,1.6090982839808681E+000,1.6000000000000001E+000
1.481,4.7484693304977277E-001,2.3845585174485984E-001,2.3845585174485984E-001,1.9919420364132139E+000,1.6326860969464219E+000,1.6000000000000001E+000
1.501,-8.2917902382517072E-001,1.2288568117947041E-001,1.2288568117947041E-001,1.9951304500929541E+000,1.6556155156534502E+000,1.7000000000000002E+000
1.521,-8.2917902382517072E-001,1.2288568117947041E-001,1.2288568117947041E-001,1.9975208381940419E+000,1.6778714145320903E+000,1.7000000000000002E+000
1.541,-8.2917902382517072E-001,1.2288568117947041E-001,1.2288568117947041E-001,1.9991122445931084E+000,1.6994394561790422E+000,1.7000000000000002E+000
1.561,-6.5009694689386288E-001,3.5479278758764055E-002,3.5479278758764055E-002,1.9999040327488122E+000,1.7203060740995024E+000,1.7000000000000002E+000
1.581,-6.5009694689386288E-001,3.5479278758764055E-002,3.5479278758764055E-002,1.9998958859564484E+000,1.7404584552781959E+000,1.7000000000000002E+000
1.601,-3.3242722480314368E-001,-7.8480882795671503E-003,-7.8480882795671503E-003,1.9990878074746252E+000,1.7598845226544610E+000,1.8000000000000000E+000
1.621,-3.3242722480314368E-001,-7.8480882795671503E-003,-7.8480882795671503E-003,1.9974801205239610E+000,1.7785729175702099E+000,1.8000000000000000E+000
1.641,-3.3242722480314368E-001,-7.8480882795671503E-003,-7.8480882795671503E-003,1.9950734681578004E+000,1.7965129822536592E+000,1.8000000000000000E+000
1.661,-1.7816064915485508E+000,-2.3015649530915783E-001,-2.3015649530915783E-001,1.9918688130050017E+000,1.8136947423961343E+000,1.8000000000000000E+000
1.681,-1.7816064915485508E+000,-2.3015649530915783E-001,-2.3015649530915783E-001,1.9878674368848981E+000,1.8301088898738316E+000,1.8000000000000000E+000
1.701,3.0351354970508950E+000,1.6074326658766291E-001,1.6074326658766291E-001,1.9830709402945863E+000,1.8457467656613240E+000,1.8000000000000000E+000
1.721,3.0351354970508950E+000,1.6074326658766291E-001,1.6074326658766291E-001,1.9774812417687504E+000,1.8606003429787132E+000,1.9000000000000001E+000
1.741,3.0351354970508950E+000,1.6074326658766291E-001,1.6074326658766291E-001,1.9711005771122720E+000,1.8746622107096989E+000,1.9000000000000001E+000
1.761,1.3977045896671243E+000,3.2741917696667067E-001,3.2741917696667067E-001,1.9639314985059395E+000,1.8879255571234672E+000,1.9000000000000001E+000
1.781,1.3977045896671243E+000,3.2741917696667067E-001,3.2741917696667067E-001,1.9559768734856091E+000,1.9003841539291619E+000,1.9000000000000001E+000
1.801,-9.5854463302824899E-001,1.9123013898980579E-001,1.9123013898980579E-001,1.9472398837952285E+000,1.9120323406877755E+000,1.9000000000000001E+000
1.821,-9.5854463302824899E-001,1.9123013898980579E-001,1.9123013898980579E-001,1.9377240241141822E+000,1.9228650096026485E+000,1.9000000000000001E+000
1.841,-9.5854463302824899E-001,1.9123013898980579E-001,1.9123013898980579E-001,1.9274331006594663E+000,1.9328775907063038E+000,1.9000000000000001E+000
1.861,-1.3822317199037184E+000,8.8896670523502808E-003,8.8896670523502808E-003,1.9163712296632520E+000,1.9420660374580998E+000,1.9000000000000001E+000
1.881,-1.3822317199037184E+000,8.8896670523502808E-003,8.8896670523502808E-003,1.9045428357264484E+000,1.9504268127641873E+000,2.0000000000000000E+000
1.901,-2.1434791627189853E-001,-1.8348305834254564E-002,-1.8348305834254564E-002,1.8919526500489203E+000,1.9579568754284269E+000,2.0000000000000000E+000
1.921,-2.1434791627189853E-001,-1.8348305834254564E-002,-1.8348305834254564E-002,1.8786057085370718E+000,1.9646536670403079E+000,2.0000000000000000E+000
1.941,-2.1434791627189853E-001,-1.8348305834254564E-002,-1.8348305834254564E-002,1.8645073497895506E+000,1.9705150993034983E+000,2.0000000000000000E+000
1.961,1.0667850344608849E+000,1.1591723876506921E-001,1.1591723876506921E-001,1.8496632129618804E+000,1.9755395418063977E+000,2.0000000000000000E+000
1.981,1.0667850344608849E+000,1.1591723876506921E-001,1.1591723876506921E-001,1.8340792355108730E+000,1.9797258102340340E+000,2.0000000000000000E+000
2.001,-3.8134715755403781E-001,6.2452982132561036E-002,6.2452982132561036E-002,1.8177616508197250E+000,1.9830731550187266E+000,2.0000000000000000E+000
2.021,-3.8134715755403781E-001,6.2452982132561036E-002,6.2452982132561036E-002,1.8007169857047480E+000,1.9855812504252315E+000,2.0000000000000000E+000
2.041,-3.8134715755403781E-001,6.2452982132561036E-002,6.2452982132561036E-002,1.7829520578047293E+000,1.9872501840645229E+000,2.0000000000000000E+000
2.061,-1.8208315278209470E+000,-1.6827360795168556E-001,-1.6827360795168556E-001,1.7644739728539658E+000,1.9880804468289255E+000,2.0000000000000000E+000
2.081,-1.8208315278209470E+000,-1.6827360795168556E-001,-1.6827360795168556E-001,1.7452901218400669E+000,1.9880729232400616E+000,2.0000000000000000E+000
2.101,-1.2908124072803380E+000,-3.2121147846414344E-001,-3.2121147846414344E-001,1.7254081780476569E+000,1.9872288821999211E+000,2.0000000000000000E+000
2.121,-1.2908124072803380E+000,-3.2121147846414344E-001,-3.2121147846414344E-001,1.7048360939891636E+000,1.9855499681343685E+000,2.0000000000000000E+000
2.141,-1.2908124072803380E+000,-3.2121147846414344E-001,-3.2121147846414344E-001,1.6835820982239196E+000,1.9830381925175029E+000,2.0000000000000000E+000
2.161,-3.9695972046866042E-002,-3.1011290104679456E-001,-3.1011290104679456E-001,1.6616546920668480E+000,1.9796959257645181E+000,2.0000000000000000E+000
2.181,-3.9695972046866042E-002,-3.1011290104679456E-001,-3.1011290104679456E-001,1.6390626461880504E+000,1.9755258894800511E+000,2.0000000000000000E+000
2.201,1.6441850515728809E+000,-8.9084124547844645E-002,-8.9084124547844645E-002,1.6158149971046551E+000,1.9705311490484516E+000,2.0000000000000000E+000
2.221,1.6441850515728809E+000,-8.9084124547844645E-002,-8.9084124547844645E-002,1.5919210435663307E+000,1.9647151065519295E+000,2.0000000000000000E+000
2.241,1.6441850515728809E+000,-8.9084124547844645E-002,-8.9084124547844645E-002,1.5673903428359108E+000,1.9580814940021845E+000,2.0000000000000000E+000
2.261,-6.9982732208616519E-002,-9.3377759846529490E-002,-9.3377759846529490E-002,1.5422327068666160E+000,1.9506343668708155E+000,2.0000000000000000E+000
2.281,-6.9982732208616519E-002,-9.3377759846529490E-002,-9.3377759846529490E-002,1.5164581983774030E+000,1.9423780979036234E+000,1.9000000000000001E+000
2.301,1.3042489233408796E+000,7.4322243563407220E-002,7.4322243563407220E-002,1.4900771268280126E+000,1.9333173712037541E+000,1.9000000000000001E+000
2.321,1.3042489233408796E+000,7.4322243563407220E-002,7.4322243563407220E-002,1.4631000442953213E+000,1.9234571765685982E+000,1.9000000000000001E+000
2.341,1.3042489233408796E+000,7.4322243563407220E-002,7.4322243563407220E-002,1.4355377412526520E+000,1.9128028040653371E+000,1.9000000000000001E+000
2.361,-7.3889983546046034E-001,-2.1756348047320684E-002,-2.1756348047320684E-002,1.4074012422537301E+000,1.9013598388300856E+000,1.9000000000000001E+000
2.381,-7.3889983546046034E-001,-2.1756348047320684E-002,-2.1756348047320684E-002,1.3787018015230066E+000,1.8891341560756971E+000,1.9000000000000001E+000
2.401,-3.7429006592188591E-002,-2.5347156468978227E-002,-2.5347156468978227E-002,1.3494508984541194E+000,1.8761319162934480E+000,1.9000000000000001E+000
2.421,-3.7429006592188591E-002,-2.5347156468978227E-002,-2.5347156468978227E-002,1.3196602330182896E+000,1.8623595606340191E+000,1.9000000000000001E+000
2.441,-3.7429006592188591E-002,-2.5347156468978227E-002,-2.5347156468978227E-002,1.2893417210844877E+000,1.8478238064534400E+000,1.8000000000000000E+000
2.461,1.9692873210098139E-001,5.3629286709343249E-004,5.3629286709343249E-004,1.2585074896532458E+000,1.8325316430099428E+000,1.8000000000000000E+000
2.481,1.9692873210098139E-001,5.3629286709343249E-004,5.3629286709343249E-004,1.2271698720060189E+000,1.8164903272979707E+000,1.8000000000000000E+000
2.501,-2.3181006131516488E+000,-2.8925309842021685E-001,-2.8925309842021685E-001,1.1953414027720364E+000,1.7997073800059411E+000,1.8000000000000000E+000
2.521,-2.3181006131516488E+000,-2.8925309842021685E-001,-2.8925309842021685E-001,1.1630348129146182E+000,1.7821905815847221E+000,1.8000000000000000E+000
2.541,-2.3181006131516488E+000,-2.8925309842021685E-001,-2.8925309842021685E-001,1.1302630246389582E+000,1.7639479684141741E+000,1.8000000000000000E+000
2.561,-3.2117797286604435E+000,-6.7626290958176183E-001,-5.0000000000000000E-001,1.0970391462234155E+000,1.7449878290555121E+000,1.7000000000000002E+000
2.581,-3.2117797286604435E+000,-6.7626290958176183E-001,-5.0000000000000000E-001,1.0633764667763770E+000,1.7253187005776667E+000,1.7000000000000002E+000
2.601,5.6521721484300969E-001,-5.7179761224729730E-001,-5.0000000000000000E-001,1.0292884509207920E+000,1.7049493649462764E+000,1.7000000000000002E+000
2.621,5.6521721484300969E-001,-5.7179761224729730E-001,-5.0000000000000000E-001,9.9478873340850194E-001,1.6838888454643612E+000,1.7000000000000002E+000
2.641,5.6521721484300969E-001,-5.7179761224729730E-001,-5.0000000000000000E-001,9.5989111366652136E-001,1.6621464032542321E+000,1.7000000000000002E+000
2.661,-2.1674388572880707E-001,-5.7030071735103338E-001,-5.0000000000000000E-001,9.2460955027745184E-001,1.6397315337706022E+000,1.6000000000000001E+000
2.681,-2.1674388572880707E-001,-5.7030071735103338E-001,-5.0000000000000000E-001,8.8895815539623435E-001,1.6166539633353869E+000,1.6000000000000001E+000
2.701,1.6501507776150897E+000,-3.3551683428159507E-001,-3.3551683428159507E-001,8.5295118910547574E-001,1.5929236456851155E+000,1.6000000000000001E+000
2.721,1.6501507776150897E+000,-3.3551683428159507E-001,-3.3551683428159507E-001,8.1660305371160602E-001,1.5685507585223717E+000,1.6000000000000001E+000
2.741,1.6501507776150897E+000,-3.3551683428159507E-001,-3.3551683428159507E-001,7.7992828798414726E-001,1.5435457000631423E+000,1.5000000000000000E+000
2.761,-9.1033121361708047E-002,-3.3012013273772878E-001,-3.3012013273772878E-001,7.4294156134040001E-001,1.5179190855724323E+000,1.5000000000000000E+000
2.781,-9.1033121361708047E-002,-3.3012013273772878E-001,-3.3012013273772878E-001,7.0565766797787211E-001,1.4916817438809651E+000,1.5000000000000000E+000
2.801,-5.6107677848007931E-001,-3.8374872341085220E-001,-3.8374872341085220E-001,6.6809152095679658E-001,1.4648447138762510E+000,1.5000000000000000E+000
2.821,-5.6107677848007931E-001,-3.8374872341085220E-001,-3.8374872341085220E-001,6.3025814623510668E-001,1.4374192409617748E+000,1.4000000000000001E+000
2.841,-5.6107677848007931E-001,-3.8374872341085220E-001,-3.8374872341085220E-001,5.9217267665825257E-001,1.4094167734784795E+000,1.4000000000000001E+000
2.861,-7.5653174696393122E-001,-4.5912775561080116E-001,-4.5912775561080116E-001,5.5385034590626558E-001,1.3808489590831861E+000,1.4000000000000001E+000
2.881,-7.5653174696393122E-001,-4.5912775561080116E-001,-4.5912775561080116E-001,5.1530648240048904E-001,1.3517276410790193E+000,1.4000000000000001E+000
2.901,9.2178530655800983E-001,-3.2094820451050970E-001,-3.2094820451050970E-001,4.7655650317241383E-001,1.3220648546933194E+000,1.3000000000000000E+000
2.921,9.2178530655800983E-001,-3.2094820451050970E-001,-3.2094820451050970E-001,4.3761590769707170E-001,1.2918728232989527E+000,1.3000000000000000E+000
2.941,9.2178530655800983E-001,-3.2094820451050970E-001,-3.2094820451050970E-001,3.9850027169345170E-001,1.2611639545753184E+000,1.3000000000000000E+000
2.961,7.0937882174646849E-001,-2.1622844156667570E-001,-2.1622844156667570E-001,3.5922524089442054E-001,1.2299508366057559E+000,1.2000000000000002E+000
2.981,7.0937882174646849E-001,-2.1622844156667570E-001,-2.1622844156667570E-001,3.1980652478863758E-001,1.1982462339084266E+000,1.2000000000000002E+000
3.001,1.2161108106103800E+000,-5.3403168162043935E-002,-5.3403168162043935E-002,2.8025989033696941E-001,1.1660630833981216E+000,1.2000000000000002E+000
3.021,1.2161108106103800E+000,-5.3403168162043935E-002,-5.3403168162043935E-002,2.4060115566591514E-001,1.1334144902767875E+000,1.1000000000000001E+000
3.041,1.2161108106103800E+000,-5.3403168162043935E-002,-5.3403168162043935E-002,2.0084618374056715E-001,1.1003137238509315E+000,1.1000000000000001E+000
3.061,2.7685515229198123E+000,2.9533593061103480E-001,2.9533593061103480E-001,1.6101087601963640E-001,1.0667742132743667E+000,1.1000000000000001E+000
3.081,2.7685515229198123E+000,2.9533593061103480E-001,2.9533593061103480E-001,1.2111116609508085E-001,1.0328095432151070E+000,1.0000000000000000E+000
3.101,8.6241286122099570E-001,3.8837074173310754E-001,3.8837074173310754E-001,8.1163013318881289E-002,9.9843344944550494E-001,1.0000000000000000E+000
3.121,8.6241286122099570E-001,3.8837074173310754E-001,3.8837074173310754E-001,4.1182396419513274E-002,9.6365981435502979E-001,1.0000000000000000E+000
3.141,8.6241286122099570E-001,3.8837074173310754E-001,3.8837074173310754E-001,1.1853071106687539E-003,9.2850266238536028E-001,9.0000000000000002E-001
3.161,-2.4204368169041746E+000,6.6397602533430078E-002,6.6397602533430078E-002,-3.8812256305216147E-002,8.9297615538773800E-001,9.0000000000000002E-001
3.181,-2.4204368169041746E+000,6.6397602533430078E-002,6.6397602533430078E-002,-7.8794295336068826E-002,8.5709458790277071E-001,9.0000000000000002E-001
3.201,1.8909065601447725E-001,8.6714054408568234E-002,8.6714054408568234E-002,-1.1874481769936367E-001,8.2087238236313775E-001,8.0000000000000004E-001
3.221,1.8909065601447725E-001,8.6714054408568234E-002,8.6714054408568234E-002,-1.5864784371882190E-001,7.8432408421986000E-001,8.0000000000000004E-001
3.241,1.8909065601447725E-001,8.6714054408568234E-002,8.6714054408568234E-002,-1.9848741271606901E-001,7.4746435699302682E-001,7.0000000000000007E-001
3.261,2.1215793239360221E+000,3.4757576718014327E-001,3.4757576718014327E-001,-2.3824758939469326E-001,7.1030797724807704E-001,7.0000000000000007E-001
3.281,2.1215793239360221E+000,3.4757576718014327E-001,3.4757576718014327E-001,-2.7791247021415183E-001,6.7286982949892760E-001,7.0000000000000007E-001
3.301,-1.4094875196718628E+000,1.5401103886215295E-001,1.5401103886215295E-001,-3.1746618975097496E-001,6.3516490103941858E-001,6.0000000000000009E-001
3.321,-1.4094875196718628E+000,1.5401103886215295E-001,1.5401103886215295E-001,-3.5689292704472375E-001,5.9720827670472942E-001,6.0000000000000009E-001
3.341,-1.4094875196718628E+000,1.5401103886215295E-001,1.5401103886215295E-001,-3.9617691192616367E-001,5.5901513356457522E-001,6.0000000000000009E-001
3.361,-3.4304036408597874E-002,1.4202248236797055E-001,1.4202248236797055E-001,-4.3530243132512153E-001,5.2060073555013620E-001,5.0000000000000000E-001
3.381,-3.4304036408597874E-002,1.4202248236797055E-001,1.4202248236797055E-001,-4.7425383555550443E-001,4.8198042801683583E-001,5.0000000000000000E-001
3.401,-2.1190074344984633E+000,-1.2995457106273589E-001,-1.2995457106273589E-001,-5.1301554457496534E-001,4.4316963224518940E-001,4.0000000000000002E-001
3.421,-2.1190074344984633E+000,-1.2995457106273589E-001,-1.2995457106273589E-001,-5.5157205421671229E-001,4.0418383988208484E-001,4.0000000000000002E-001
3.441,-2.1190074344984633E+000,-1.2995457106273589E-001,-1.2995457106273589E-001,-5.8990794239096866E-001,3.6503860732495974E-001,4.0000000000000002E-001
3.461,5.3088291650140240E-001,-5.7096477946923796E-002,-5.7096477946923796E-002,-6.2800787525360313E-001,3.2574955005144746E-001,3.0000000000000004E-001
3.481,5.3088291650140240E-001,-5.7096477946923796E-002,-5.7096477946923796E-002,-6.6585661333946278E-001,2.8633233689715548E-001,3.0000000000000004E-001
3.501,-6.8154542440123300E-001,-1.3943483209973184E-001,-1.3943483209973184E-001,-7.0343901765795658E-001,2.4680268428433022E-001,2.0000000000000001E-001
3.521,-6.8154542440123300E-001,-1.3943483209973184E-001,-1.3943483209973184E-001,-7.4074005574844914E-001,2.0717635040423660E-001,2.0000000000000001E-001
3.541,-6.8154542440123300E-001,-1.3943483209973184E-001,-1.3943483209973184E-001,-7.7774480769304466E-001,1.6746912935615438E-001,2.0000000000000001E-001
3.561,-2.2015568307092876E+000,-4.0765769433340648E-001,-4.0765769433340648E-001,-8.1443847208435560E-001,1.2769684524595501E-001,1.0000000000000001E-001
3.581,-2.2015568307092876E+000,-4.0765769433340648E-001,-4.0765769433340648E-001,-8.5080637194586772E-001,8.7875346247280342E-002,1.0000000000000001E-001
3.601,7.9189861470599177E-001,-2.8828748277848704E-001,-2.8828748277848704E-001,-8.8683396060253528E-001,4.8020498628392992E-002,1.0000000000000001E-001
3.621,7.9189861470599177E-001,-2.8828748277848704E-001,-2.8828748277848704E-001,-9.2250682749925705E-001,8.1481807478120047E-003,0.0000000000000000E+000
3.641,7.9189861470599177E-001,-2.8828748277848704E-001,-2.8828748277848704E-001,-9.5781070396490620E-001,-3.1725722978115579E-002,-0.0000000000000000E+000
3.661,3.0115981339066851E+000,1.0257665809877414E-001,1.0257665809877414E-001,-9.9273146891960862E-001,-7.1585328132525300E-002,-1.0000000000000001E-001
3.681,3.0115981339066851E+000,1.0257665809877414E-001,1.0257665809877414E-001,-1.0272551545229862E+000,-1.1141475637702081E-001,-1.0000000000000001E-001
3.701,9.1098351134448685E-001,2.1132076411189638E-001,2.1132076411189638E-001,-1.0613679517611077E+000,-1.5119814154910585E-001,-1.0000000000000001E-001
3.721,9.1098351134448685E-001,2.1132076411189638E-001,2.1132076411189638E-001,-1.0950562159699089E+000,-1.9091963577482018E-001,-2.0000000000000001E-001
3.741,9.1098351134448685E-001,2.1132076411189638E-001,2.1132076411189638E-001,-1.1283064722928768E+000,-2.3056341559332416E-001,-2.0000000000000001E-001
3.761,-2.4765214536625829E-001,1.6979820773551924E-001,1.6979820773551924E-001,-1.1611054210708136E+000,-2.7011368809017328E-001,-3.0000000000000004E-001
3.781,-2.4765214536625829E-001,1.6979820773551924E-001,1.6979820773551924E-001,-1.1934399431615212E+000,-3.0955469703601846E-001,-3.0000000000000004E-001
3.801,4.3725825028471901E+000,7.0788111020464228E-001,5.0000000000000000E-001,-1.2252971051872850E+000,-3.4887072902747279E-001,-3.0000000000000004E-001
3.821,4.3725825028471901E+000,7.0788111020464228E-001,5.0000000000000000E-001,-1.2566641647080505E+000,-3.8804611962689123E-001,-4.0000000000000002E-001
3.841,4.3725825028471901E+000,7.0788111020464228E-001,5.0000000000000000E-001,-1.2875285753182319E+000,-4.2706525949781521E-001,-4.0000000000000002E-001
3.861,-9.4622198795421497E-001,5.5420930620013276E-001,5.0000000000000000E-001,-1.3178779916651051E+000,-4.6591260053285133E-001,-5.0000000000000000E-001
3.881,-9.4622198795421497E-001,5.5420930620013276E-001,5.0000000000000000E-001,-1.3477002743867843E+000,-5.0457266197076711E-001,-5.0000000000000000E-001
3.901,1.5738009108735544E+000,7.2322395474932022E-001,5.0000000000000000E-001,-1.3769834949678064E+000,-5.4303003649960402E-001,-5.0000000000000000E-001
3.921,1.5738009108735544E+000,7.2322395474932022E-001,5.0000000000000000E-001,-1.4057159405103767E+000,-5.8126939634263264E-001,-6.0000000000000009E-001
3.941,1.5738009108735544E+000,7.2322395474932022E-001,5.0000000000000000E-001,-1.4338861184193723E+000,-6.1927549932399362E-001,-6.0000000000000009E-001
3.961,1.0828658650176299E+000,8.2242099013905801E-001,5.0000000000000000E-001,-1.4614827609992269E+000,-6.5703319491090140E-001,-7.0000000000000007E-001
3.981,1.0828658650176299E+000,8.2242099013905801E-001,5.0000000000000000E-001,-1.4884948299608589E+000,-6.9452743022930863E-001,-7.0000000000000007E-001
4.001,1.0709256519130226E+000,9.1516564712123305E-001,5.0000000000000000E-001,-1.5149115208368404E+000,-7.3174325604996648E-001,-7.0000000000000007E-001
4.021,1.0709256519130226E+000,9.1516564712123305E-001,5.0000000000000000E-001,-1.5407222673030492E+000,-7.6866583274184297E-001,-8.0000000000000004E-001
4.041,1.0709256519130226E+000,9.1516564712123305E-001,5.0000000000000000E-001,-1.5659167454050258E+000,-8.0528043618989620E-001,-8.0000000000000004E-001
4.061,1.1082979622795178E-001,8.8326108929366542E-001,5.0000000000000000E-001,-1.5904848776874514E+000,-8.4157246367424532E-001,-8.0000000000000004E-001
4.081,1.1082979622795178E-001,8.8326108929366542E-001,5.0000000000000000E-001,-1.6144168372249841E+000,-8.7752743970779923E-001,-9.0000000000000002E-001
4.101,-1.9172412621187338E+000,5.9944287706413968E-001,5.0000000000000000E-001,-1.6377030515528972E+000,-9.1313102182946482E-001,-9.0000000000000002E-001
4.121,-1.9172412621187338E+000,5.9944287706413968E-001,5.0000000000000000E-001,-1.6603342064959381E+000,-9.4836900635007793E-001,-9.0000000000000002E-001
4.141,-1.9172412621187338E+000,5.9944287706413968E-001,5.0000000000000000E-001,-1.6823012498938745E+000,-9.8322733404825235E-001,-1.0000000000000000E+000
4.161,9.5606717821263143E-001,6.8897913048751169E-001,5.0000000000000000E-001,-1.7035953952222371E+000,-1.0176920958133810E+000,-1.0000000000000000E+000
4.181,9.5606717821263143E-001,6.8897913048751169E-001,5.0000000000000000E-001,-1.7242081251068129E+000,-1.0517495382330666E+000,-1.1000000000000001E+000
4.201,3.2540041211535048E-001,6.9520522547755492E-001,5.0000000000000000E-001,-1.7441311947304807E+000,-1.0853860691223021E+000,-1.1000000000000001E+000
4.221,3.2540041211535048E-001,6.9520522547755492E-001,5.0000000000000000E-001,-1.7633566351310281E+000,-1.1185882629917725E+000,-1.1000000000000001E+000
4.241,3.2540041211535048E-001,6.9520522547755492E-001,5.0000000000000000E-001,-1.7818767563886313E+000,-1.1513428664526852E+000,-1.1000000000000001E+000
4.261,-1.9892024599488103E+000,4.1179465671007609E-001,4.1179465671007609E-001,-1.7996841507017183E+000,-1.1836368035555918E+000,-1.2000000000000002E+000
4.281,-1.9892024599488103E+000,4.1179465671007609E-001,4.1179465671007609E-001,-1.8167716953499928E+000,-1.2154571810607087E+000,-1.2000000000000002E+000
4.301,3.9813924532773424E+000,8.8887898053424008E-001,5.0000000000000000E-001,-1.8331325555434266E+000,-1.2467912936372825E+000,-1.2000000000000002E+000
4.321,3.9813924532773424E+000,8.8887898053424008E-001,5.0000000000000000E-001,-1.8487601871560841E+000,-1.2776266289896181E+000,-1.3000000000000000E+000
4.341,3.9813924532773424E+000,8.8887898053424008E-001,5.0000000000000000E-001,-1.8636483393436858E+000,-1.3079508729074045E+000,-1.3000000000000000E+000
4.361,2.2409874572230759E+000,1.1245584636604127E+000,5.0000000000000000E-001,-1.8777910570438627E+000,-1.3377519142380467E+000,-1.3000000000000000E+000
4.381,2.2409874572230759E+000,1.1245584636604127E+000,5.0000000000000000E-001,-1.8911826833581018E+000,-1.3670178497787524E+000,-1.4000000000000001E+000
4.401,8.0767537277060042E-002,1.0784264826370247E+000,5.0000000000000000E-001,-1.9038178618144299E+000,-1.3957369890861751E+000,-1.4000000000000001E+000
4.421,8.0767537277060042E-002,1.0784264826370247E+000,5.0000000000000000E-001,-1.9156915385099318E+000,-1.4238978592014548E+000,-1.4000000000000001E+000
4.441,8.0767537277060042E-002,1.0784264826370247E+000,5.0000000000000000E-001,-1.9267989641322423E+000,-1.4514892092885663E+000,-1.5000000000000000E+000
4.461,-1.5918316390449785E+000,8.2552620362455031E-001,5.0000000000000000E-001,-1.9371356958592096E+000,-1.4785000151839185E+000,-1.5000000000000000E+000
4.481,-1.5918316390449785E+000,8.2552620362455031E-001,5.0000000000000000E-001,-1.9466975991359643E+000,-1.5049194838552102E+000,-1.5000000000000000E+000
4.501,-8.5029215884652476E-001,6.7796337358750702E-001,5.0000000000000000E-001,-1.9554808493286862E+000,-1.5307370577675912E+000,-1.5000000000000000E+000
4.521,-8.5029215884652476E-001,6.7796337358750702E-001,5.0000000000000000E-001,-1.9634819332544062E+000,-1.5559424191552367E+000,-1.6000000000000001E+000
4.541,-8.5029215884652476E-001,6.7796337358750702E-001,5.0000000000000000E-001,-1.9706976505862341E+000,-1.5805254941964804E+000,-1.6000000000000001E+000
4.561,-4.0613867860950315E-001,5.9329787008194379E-001,5.0000000000000000E-001,-1.9771251151334452E+000,-1.6044764570907279E+000,-1.6000000000000001E+000
4.581,-4.0613867860950315E-001,5.9329787008194379E-001,5.0000000000000000E-001,-1.9827617559959194E+000,-1.6277857340353923E+000,-1.6000000000000001E+000
4.601,1.4619020767834091E-002,5.6546035417382590E-001,5.0000000000000000E-001,-1.9876053185924654E+000,-1.6504440071011672E+000,-1.6000000000000001E+000
4.621,1.4619020767834091E-002,5.6546035417382590E-001,5.0000000000000000E-001,-1.9916538655626248E+000,-1.6724422180040053E+000,-1.7000000000000002E+000
4.641,1.4619020767834091E-002,5.6546035417382590E-001,5.0000000000000000E-001,-1.9949057775415895E+000,-1.6937715717722024E+000,-1.7000000000000002E+000
4.661,-1.1836106648524516E+000,3.8923600335857789E-001,3.8923600335857789E-001,-1.9973597538079260E+000,-1.7144235403070636E+000,-1.7000000000000002E+000
4.681,-1.1836106648524516E+000,3.8923600335857789E-001,3.8923600335857789E-001,-1.9990148128038472E+000,-1.7343898658356542E+000,-1.7000000000000002E+000
4.701,-1.2272005044102949E+000,2.1637414013936207E-001,2.1637414013936207E-001,-1.9998702925278216E+000,-1.7536625642542241E+000,-1.8000000000000000E+000
4.721,-1.2272005044102949E+000,2.1637414013936207E-001,2.1637414013936207E-001,-1.9999258507993660E+000,-1.7722339283609028E+000,-1.8000000000000000E+000
4.741,-1.2272005044102949E+000,2.1637414013936207E-001,2.1637414013936207E-001,-1.9991814653959128E+000,-1.7900965309763548E+000,-1.8000000000000000E+000
4.761,-6.8961044557045348E-001,1.1935412743608709E-001,1.1935412743608709E-001,-1.9976374340616982E+000,-1.8072432279511152E+000,-1.8000000000000000E+000
4.781,-6.8961044557045348E-001,1.1935412743608709E-001,1.1935412743608709E-001,-1.9952943743886689E+000,-1.8236671610583781E+000,-1.8000000000000000E+000
4.801,-1.2401243089538412E+000,-4.1629117554947692E-002,-4.1629117554947692E-002,-1.9921532235694539E+000,-1.8393617607710695E+000,-1.8000000000000000E+000
4.821,-1.2401243089538412E+000,-4.1629117554947692E-002,-4.1629117554947692E-002,-1.9882152380224996E+000,-1.8543207489220876E+000,-1.9000000000000001E+000
4.841,-1.2401243089538412E+000,-4.1629117554947692E-002,-4.1629117554947692E-002,-1.9834819928895184E+000,-1.8685381412466378E+000,-1.9000000000000001E+000
4.861,1.6768265629152628E+000,1.7005565868720762E-001,1.7005565868720762E-001,-1.9779553814054551E+000,-1.8820082498056578E+000,-1.9000000000000001E+000
4.881,1.6768265629152628E+000,1.7005565868720762E-001,1.7005565868720762E-001,-1.9716376141412160E+000,-1.8947256852893559E+000,-1.9000000000000001E+000
4.901,-1.2555331332974953E+000,4.6112340906601101E-003,4.6112340906601101E-003,-1.9645312181194707E+000,-1.9066853591999608E+000,-1.9000000000000001E+000
4.921,-1.2555331332974953E+000,4.6112340906601101E-003,4.6112340906601101E-003,-1.9566390358038774E+000,-1.9178824859128254E+000,-1.9000000000000001E+000
4.941,-1.2555331332974953E+000,4.6112340906601101E-003,4.6112340906601101E-003,-1.9479642239621346E+000,-1.9283125846150695E+000,-1.9000000000000001E+000
4.961,9.1781965300146573E-001,1.1910812901131052E-001,1.1910812901131052E-001,-1.9385102524033166E+000,-1.9379714811210216E+000,-1.9000000000000001E+000
4.981,9.1781965300146573E-001,1.1910812901131052E-001,1.1910812901131052E-001,-1.9282809025899954E+000,-1.9468553095637369E+000,-1.9000000000000001E+000
5,3.0796821254095961E+000,4.9811298823694505E-001,4.9811298823694505E-001,-1.9178485493262745E+000,-1.9545737974173052E+000,-2.0000000000000000E+000
5.02,3.0796821254095961E+000,4.9811298823694505E-001,4.9811298823694505E-001,-1.9061192614007285E+000,-1.9619362987913112E+000,-2.0000000000000000E+000
5.04,3.0796821254095961E+000,4.9811298823694505E-001,4.9811298823694505E-001,-1.8936275511852063E+000,-1.9685141386132221E+000,-2.0000000000000000E+000
5.06,-1.3076692012673381E+000,3.0974868866668059E-001,3.0974868866668059E-001,-1.8803784151972405E+000,-1.9743046829883457E+000,-2.0000000000000000E+000
5.08,-1.3076692012673381E+000,3.0974868866668059E-001,3.0974868866668059E-001,-1.8663771529145730E+000,-1.9793056128685591E+000,-2.0000000000000000E+000
5.1,7.4254699166740035E-001,3.8707962819177155E-001,3.8707962819177155E-001,-1.8516293646554360E+000,-1.9835149249948767E+000,-2.0000000000000000E+000
5.12,7.4254699166740035E-001,3.8707962819177155E-001,3.8707962819177155E-001,-1.8361409493384988E+000,-1.9869309327126616E+000,-2.0000000000000000E+000
5.14,7.4254699166740035E-001,3.8707962819177155E-001,3.8707962819177155E-001,-1.8199181021233786E+000,-1.9895522666591889E+000,-2.0000000000000000E+000
5.16,-8.4030328152445710E-001,2.6268773659162581E-001,2.6268773659162581E-001,-1.8029673119326597E+000,-1.9913778753233184E+000,-2.0000000000000000E+000
5.18,-8.4030328152445710E-001,2.6268773659162581E-001,2.6268773659162581E-001,-1.7852953588564109E+000,-1.9924070254770991E+000,-2.0000000000000000E+000
5.2,-3.1004289261563395E-001,2.1079798818509021E-001,2.1079798818509021E-001,-1.7669093114402399E+000,-1.9926393024791593E+000,-2.0000000000000000E+000
5.22,-3.1004289261563395E-001,2.1079798818509021E-001,2.1079798818509021E-001,-1.7478165238579688E+000,-1.9920746104498086E+000,-2.0000000000000000E+000
5.24,-3.1004289261563395E-001,2.1079798818509021E-001,2.1079798818509021E-001,-1.7280246329700639E+000,-1.9907131723178102E+000,-2.0000000000000000E+000
5.26,-1.9111490830695304E+000,-3.8635546607855842E-002,-3.8635546607855842E-002,-1.7075415552689914E+000,-1.9885555297388522E+000,-2.0000000000000000E+000
5.28,-1.9111490830695304E+000,-3.8635546607855842E-002,-3.8635546607855842E-002,-1.6863754837127283E+000,-1.9856025428857742E+000,-2.0000000000000000E+000
5.3,2.5157771984539541E+000,2.7776838052928188E-001,2.7776838052928188E-001,-1.6645348844476864E+000,-1.9818553901106857E+000,-2.0000000000000000E+000
5.32,2.5157771984539541E+000,2.7776838052928188E-001,2.7776838052928188E-001,-1.6420284934223672E+000,-1.9773155674791330E+000,-2.0000000000000000E+000
5.34,2.5157771984539541E+000,2.7776838052928188E-001,2.7776838052928188E-001,-1.6188653128931003E+000,-1.9719848881765465E+000,-2.0000000000000000E+000
5.36,1.6550143980569362E-001,2.8456764147852948E-001,2.8456764147852948E-001,-1.5950546078232586E+000,-1.9658654817872341E+000,-2.0000000000000000E+000
5.38,1.6550143980569362E-001,2.8456764147852948E-001,2.8456764147852948E-001,-1.5706059021773984E+000,-1.9589597934462506E+000,-2.0000000000000000E+000
5.4,-1.5159627705440079E-001,2.5138972477280286E-001,2.5138972477280286E-001,-1.5455289751117995E+000,-1.9512705828645083E+000,-2.0000000000000000E+000
5.42,-1.5159627705440079E-001,2.5138972477280286E-001,2.5138972477280286E-001,-1.5198338570629337E+000,-1.9428009232275532E+000,-1.9000000000000001E+000
5.44,-1.5159627705440079E-001,2.5138972477280286E-001,2.5138972477280286E-001,-1.4935308257354238E+000,-1.9335541999684853E+000,-1.9000000000000001E+000
5.46,4.3319230541319302E-002,2.4423514235182764E-001,2.4423514235182764E-001,-1.4666304019910981E+000,-1.9235341094155360E+000,-1.9000000000000001E+000
5.48,4.3319230541319302E-002,2.4423514235182764E-001,2.4423514235182764E-001,-1.4391433456407867E+000,-1.9127446573148785E+000,-1.9000000000000001E+000
5.5,-1.8085632014395711E-001,2.0941634521624153E-001,2.0941634521624153E-001,-1.4110806511405407E+000,-1.9011901572292884E+000,-1.9000000000000001E+000
5.52,-1.8085632014395711E-001,2.0941634521624153E-001,2.0941634521624153E-001,-1.3824535431939962E+000,-1.8888752288133259E+000,-1.9000000000000001E+000
5.54,-1.8085632014395711E-001,2.0941634521624153E-001,2.0941634521624153E-001,-1.3532734722626416E+000,-1.8758047959657553E+000,-1.9000000000000001E+000
5.56,-1.4595731251250474E+000,1.6498887314798649E-002,1.6498887314798649E-002,-1.3235521099857874E+000,-1.8619840848599643E+000,-1.9000000000000001E+000
5.58,-1.4595731251250474E+000,1.6498887314798649E-002,1.6498887314798649E-002,-1.2933013445120647E+000,-1.8474186218531952E+000,-1.8000000000000000E+000
5.6,-1.3539141926455059E-001,-1.2499844590101172E-003,-1.2499844590101172E-003,-1.2625332757443248E+000,-1.8321142312754595E+000,-1.8000000000000000E+000
5.62,-1.3539141926455059E-001,-1.2499844590101172E-003,-1.2499844590101172E-003,-1.2312602104998396E+000,-1.8160770330990224E+000,-1.8000000000000000E+000
5.64,-1.3539141926455059E-001,-1.2499844590101172E-003,-1.2499844590101172E-003,-1.1994946575877379E+000,-1.7993134404894324E+000,-1.8000000000000000E+000
5.66,1.5233781358543166E+000,1.8923478174573016E-001,1.8923478174573016E-001,-1.1672493228056495E+000,-1.7818301572390807E+000,-1.8000000000000000E+000
5.68,1.5233781358543166E+000,1.8923478174573016E-001,1.8923478174573016E-001,-1.1345371038575556E+000,-1.7636341750843441E+000,-1.8000000000000000E+000
5.7,3.0490840255351239E+000,5.6090854585033489E-001,5.0000000000000000E-001,-1.1013710851948779E+000,-1.7447327709074041E+000,-1.7000000000000002E+000
5.72,3.0490840255351239E+000,5.6090854585033489E-001,5.0000000000000000E-001,-1.0677645327828740E+000,-1.7251335038238746E+000,-1.7000000000000002E+000
5.74,3.0490840255351239E+000,5.6090854585033489E-001,5.0000000000000000E-001,-1.0337308887944272E+000,-1.7048442121574230E+000,-1.7000000000000002E+000
5.76,1.3028336802832269E-001,5.4914853956135845E-001,5.0000000000000000E-001,-9.9928376623335713E-001,-1.6838730103026076E+000,-1.7000000000000002E+000
5.78,1.3028336802832269E-001,5.4914853956135845E-001,5.0000000000000000E-001,-9.6443694348939935E-001,-1.6622282854772070E+000,-1.7000000000000002E+000
5.8,-3.3887281408723289E+000,9.8100094974248320E-002,9.8100094974248320E-002,-9.2920435882703345E-001,-1.6399186943653490E+000,-1.6000000000000001E+000
5.82,-3.3887281408723289E+000,9.8100094974248320E-002,9.8100094974248320E-002,-8.9360010481036267E-001,-1.6169531596527951E+000,-1.6000000000000001E+000
5.84,-3.3887281408723289E+000,9.8100094974248320E-002,9.8100094974248320E-002,-8.5763842266627666E-001,-1.5933408664557838E+000,-1.6000000000000001E+000
5.86,2.0509786830642809E+000,3.4956742560857124E-001,3.4956742560857124E-001,-8.2133369658815047E-001,-1.5690912586448638E+000,-1.6000000000000001E+000
5.88,2.0509786830642809E+000,3.4956742560857124E-001,3.4956742560857124E-001,-7.8470044798235872E-001,-1.5442140350652100E+000,-1.5000000000000000E+000
5.9,-1.4723681368347311E-001,3.1368445261770844E-001,3.1368445261770844E-001,-7.4775332965990693E-001,-1.5187191456549323E+000,-1.5000000000000000E+000
5.92,-1.4723681368347311E-001,3.1368445261770844E-001,3.1368445261770844E-001,-7.1050711997550253E-001,-1.4926167874629439E+000,-1.5000000000000000E+000
5.94,-1.4723681368347311E-001,3.1368445261770844E-001,3.1368445261770844E-001,-6.7297671691640959E-001,-1.4659174005679958E+000,-1.5000000000000000E+000
5.96,1.9483911547721522E+000,5.4154912433334257E-001,5.0000000000000000E-001,-6.3517713214345317E-001,-1.4386316639005059E+000,-1.4000000000000001E+000
5.98,1.9483911547721522E+000,5.4154912433334257E-001,5.0000000000000000E-001,-5.9712348498655476E-001,-1.4107704909688721E+000,-1.4000000000000001E+000
6,1.3888774713647685E+000,6.8808135203727139E-001,5.0000000000000000E-001,-5.5883099639720191E-001,-1.3823450254919794E+000,-1.4000000000000001E+000
6.02,1.3888774713647685E+000,6.8808135203727139E-001,5.0000000000000000E-001,-5.2031498286027056E-001,-1.3533666369396506E+000,-1.4000000000000001E+000
6.04,1.3888774713647685E+000,6.8808135203727139E-001,5.0000000000000000E-001,-4.8159085026763565E-001,-1.3238469159828430E+000,-1.3000000000000000E+000
6.06,-1.5904409237277928E-001,6.3379677288881042E-001,5.0000000000000000E-001,-4.4267408775601919E-001,-1.2937976698553975E+000,-1.3000000000000000E+000
6.08,-1.5904409237277928E-001,6.3379677288881042E-001,5.0000000000000000E-001,-4.0358026151154275E-001,-1.2632309176292151E+000,-1.3000000000000000E+000
6.1,-1.1358129651147613E+000,4.6013031360502443E-001,4.6013031360502443E-001,-3.6432500854345995E-001,-1.2321588854047465E+000,-1.2000000000000002E+000
6.12,-1.1358129651147613E+000,4.6013031360502443E-001,4.6013031360502443E-001,-3.2492403042956169E-001,-1.2005940014187193E+000,-1.2000000000000002E+000
6.14,-1.1358129651147613E+000,4.6013031360502443E-001,4.6013031360502443E-001,-2.8539308703575417E-001,-1.1685488910710731E+000,-1.2000000000000002E+000
6.16,1.9866868680148735E+000,6.8545965642663242E-001,5.0000000000000000E-001,-2.4574799021232266E-001,-1.1360363718730855E+000,-1.1000000000000001E+000
6.18,1.9866868680148735E+000,6.8545965642663242E-001,5.0000000000000000E-001,-2.0600459746940236E-001,-1.1030694483187089E+000,-1.1000000000000001E+000
6.2,-1.1177662847779999E+000,5.1146588800805082E-001,5.0000000000000000E-001,-1.6617880563418558E-001,-1.0696613066811833E+000,-1.1000000000000001E+000
6.22,-1.1177662847779999E+000,5.1146588800805082E-001,5.0000000000000000E-001,-1.2628654449240295E-001,-1.0358253097369960E+000,-1.0000000000000000E+000
6.24,-1.1177662847779999E+000,5.1146588800805082E-001,5.0000000000000000E-001,-8.6343770416621488E-002,-1.0015749914193051E+000,-1.0000000000000000E+000
6.26,-8.6479797931744951E-001,3.7779284619296666E-001,3.7779284619296666E-001,-4.6366459983908252E-002,-9.6692405140296556E-001,-1.0000000000000000E+000
6.28,-8.6479797931744951E-001,3.7779284619296666E-001,3.7779284619296666E-001,-6.3706035854126757E-003,-9.3188634962332251E-001,-9.0000000000000002E-001
6.3,1.4378380709447758E+000,5.3863296275141526E-001,5.0000000000000000E-001,3.3627800969576821E-002,-8.9647590073096706E-001,-9.0000000000000002E-001
6.32,1.4378380709447758E+000,5.3863296275141526E-001,5.0000000000000000E-001,7.3612754852543177E-002,-8.6070686848466915E-001,-9.0000000000000002E-001
6.34,1.4378380709447758E+000,5.3863296275141526E-001,5.0000000000000000E-001,1.1356826461505881E-001,-8.2459356008473406E-001,-8.0000000000000004E-001
6.36,5.7628775728172243E-001,5.8373728427405980E-001,5.0000000000000000E-001,1.5347834858595172E-001,-7.8815042044904315E-001,-8.0000000000000004E-001
6.38,5.7628775728172243E-001,5.8373728427405980E-001,5.0000000000000000E-001,1.9332704326376093E-001,-7.5139202643407543E-001,-8.0000000000000004E-001
6.4,-2.2118443804645067E+000,2.7806987250229342E-001,2.7806987250229342E-001,2.3309840970192411E-001,-7.1433308100321369E-001,-7.0000000000000007E-001
6.42,-2.2118443804645067E+000,2.7806987250229342E-001,2.7806987250229342E-001,2.7277653988414380E-001,-6.7698840734466892E-001,-7.0000000000000007E-001
6.44,-2.2118443804645067E+000,2.7806987250229342E-001,2.7806987250229342E-001,3.1234556308738182E-001,-6.3937294294137648E-001,-6.0000000000000009E-001
6.46,-2.2839634965258016E-001,2.3561683517060616E-001,2.3561683517060616E-001,3.5178965222993674E-001,-6.0150173359523318E-001,-6.0000000000000009E-001
6.48,-2.2839634965258016E-001,2.3561683517060616E-001,2.3561683517060616E-001,3.9109303020206582E-001,-5.6338992740806537E-001,-6.0000000000000009E-001
6.5,-1.7098772054519579E-001,2.0246252834392631E-001,2.0246252834392631E-001,4.3023997617661813E-001,-5.2505276872173201E-001,-5.0000000000000000E-001
6.52,-1.7098772054519579E-001,2.0246252834392631E-001,2.0246252834392631E-001,4.6921483189715624E-001,-4.8650559201978688E-001,-5.0000000000000000E-001
6.54,-1.7098772054519579E-001,2.0246252834392631E-001,2.0246252834392631E-001,5.0800200794104966E-001,-4.4776381579313768E-001,-4.0000000000000002E-001
6.56,-1.6707295655219628E-001,1.7145528235770541E-001,1.7145528235770541E-001,5.4658598995503638E-001,-4.0884293637215402E-001,-4.0000000000000002E-001
6.58,-1.6707295655219628E-001,1.7145528235770541E-001,1.7145528235770541E-001,5.8495134486075684E-001,-3.6975852172768869E-001,-4.0000000000000002E-001
6.6,5.4116054701194305E-001,2.3052758661631298E-001,2.3052758661631298E-001,6.2308272702778023E-001,-3.3052620524349074E-001,-3.0000000000000004E-001
6.62,5.4116054701194305E-001,2.3052758661631298E-001,2.3052758661631298E-001,6.6096488441165124E-001,-2.9116167946250066E-001,-3.0000000000000004E-001
6.64,5.4116054701194305E-001,2.3052758661631298E-001,2.3052758661631298E-001,6.9858266465450503E-001,-2.5168068980952546E-001,-3.0000000000000004E-001
6.66,-1.9522947113010294E+000,-2.5035631627132182E-002,-2.5035631627132182E-002,7.3592102114580826E-001,-2.1209902829280317E-001,-2.0000000000000001E-001
6.68,-1.9522947113010294E+000,-2.5035631627132182E-002,-2.5035631627132182E-002,7.7296501904080228E-001,-1.7243252718697683E-001,-2.0000000000000001E-001
6.7,-5.8187200691656160E-001,-9.6517850910345926E-002,-9.6517850910345926E-002,8.0969984123424266E-001,-1.3269705269999829E-001,-1.0000000000000001E-001
6.72,-5.8187200691656160E-001,-9.6517850910345926E-002,-9.6517850910345926E-002,8.4611079428704306E-001,-9.2908498626497873E-002,-1.0000000000000001E-001
6.74,-5.8187200691656160E-001,-9.6517850910345926E-002,-9.6517850910345926E-002,8.8218331430345531E-001,-5.3082779990153983E-002,-1.0000000000000001E-001
6.76,-1.9489757046404068E+000,-3.3531392144487970E-001,-3.3531392144487970E-001,9.1790297275643329E-001,-1.3235826677604675E-002,-0.0000000000000000E+000
6.78,-1.9489757046404068E+000,-3.3531392144487970E-001,-3.3531392144487970E-001,9.5325548225885148E-001,2.6616422933553961E-002,0.0000000000000000E+000
6.8,1.0980758613775126E+000,-1.8128874270044670E-001,-1.8128874270044670E-001,9.8822670227826959E-001,6.6458028350135742E-002,1.0000000000000001E-001
6.82,1.0980758613775126E+000,-1.8128874270044670E-001,-1.8128874270044670E-001,1.0228026447929564E+000,1.0627305333955017E-001,1.0000000000000001E-001
6.84,1.0980758613775126E+000,-1.8128874270044670E-001,-1.8128874270044670E-001,1.0569694798869127E+000,1.4604557230425724E-001,1.0000000000000001E-001
6.86,1.7093312417326985E+000,4.1442099651163300E-002,4.1442099651163300E-002,1.0907135412816522E+000,1.8575967665194318E-001,2.0000000000000001E-001
6.88,1.7093312417326985E+000,4.1442099651163300E-002,4.1442099651163300E-002,1.1240213318025323E+000,2.2539948115887048E-001,2.0000000000000001E-001
6.9,-2.5944974189488190E-001,6.9387769317448555E-003,6.9387769317448555E-003,1.1568795287774423E+000,2.6494913032385881E-001,3.0000000000000004E-001
6.92,-2.5944974189488190E-001,6.9387769317448555E-003,6.9387769317448555E-003,1.1892749893656955E+000,3.0439280471035646E-001,3.0000000000000004E-001
6.94,-2.5944974189488190E-001,6.9387769317448555E-003,6.9387769317448555E-003,1.2211947558149907E+000,3.4371472727406627E-001,3.0000000000000004E-001
6.96,5.4335341014319249E-001,7.4511014353056682E-002,7.4511014353056682E-002,1.2526260606443393E+000,3.8289916967359877E-001,4.0000000000000002E-001
6.98,5.4335341014319249E-001,7.4511014353056682E-002,7.4511014353056682E-002,1.2835563317508878E+000,4.2193045856162664E-001,4.0000000000000002E-001
7,9.9406672473585367E-001,1.9504380422738554E-001,1.9504380422738554E-001,1.3139731974385920E+000,4.6079298185402728E-001,5.0000000000000000E-001
7.02,9.9406672473585367E-001,1.9504380422738554E-001,1.9504380422738554E-001,1.3438644913667293E+000,4.9947119497450626E-001,5.0000000000000000E-001
7.04,9.9406672473585367E-001,1.9504380422738554E-001,1.9504380422738554E-001,1.3732182574162739E+000,5.3794962707220584E-001,5.0000000000000000E-001
7.06,6.9567570671508605E-001,2.7225107735540210E-001,2.7225107735540210E-001,1.4020227544721844E+000,5.7621288720981245E-001,6.0000000000000009E-001
7.08,6.9567570671508605E-001,2.7225107735540210E-001,2.7225107735540210E-001,1.4302664611196929E+000,6.1424567051968826E-001,6.0000000000000009E-001
7.1,8.4472533667344962E-001,3.6422919057181341E-001,3.6422919057181341E-001,1.4579380802527186E+000,6.5203276432556578E-001,7.0000000000000007E-001
7.12,8.4472533667344962E-001,3.6422919057181341E-001,3.6422919057181341E-001,1.4850265435925578E+000,6.8955905422736052E-001,7.0000000000000007E-001
7.14,8.4472533667344962E-001,3.6422919057181341E-001,3.6422919057181341E-001,1.5115210161150496E+000,7.2680953014666128E-001,7.0000000000000007E-001
7.16,-2.7870430040261368E-001,3.1117969349289593E-001,3.1117969349289593E-001,1.5374109003844398E+000,7.6376929233049329E-001,8.0000000000000004E-001
7.18,-2.7870430040261368E-001,3.1117969349289593E-001,3.1117969349289593E-001,1.5626858407922146E+000,8.0042355731093928E-001,8.0000000000000004E-001
7.2,6.0377372271341390E-001,3.7109242415742788E-001,3.7109242415742788E-001,1.5873357276992055E+000,8.3675766381824657E-001,8.0000000000000004E-001
7.22,6.0377372271341390E-001,3.7109242415742788E-001,3.7109242415742788E-001,1.6113507014793103E+000,8.7275707864505059E-001,9.0000000000000002E-001
7.24,6.0377372271341390E-001,3.7109242415742788E-001,3.7109242415742788E-001,1.6347211564632127E+000,9.0840740245937168E-001,9.0000000000000002E-001
7.26,-1.7912533935054469E+000,1.2863112876137561E-001,1.2863112876137561E-001,1.6574377447805206E+000,9.4369437556405755E-001,9.0000000000000002E-001
7.28,-1.7912533935054469E+000,1.2863112876137561E-001,1.2863112876137561E-001,1.6794913800987914E+000,9.7860388360037454E-001,1.0000000000000000E+000
7.3,7.1153795290456678E-001,2.1114181643637764E-001,2.1114181643637764E-001,1.7008732412579419E+000,1.0131219631934600E+000,1.0000000000000000E+000
7.32,7.1153795290456678E-001,2.1114181643637764E-001,2.1114181643637764E-001,1.7215747757985962E+000,1.0472348075373841E+000,1.0000000000000000E+000
7.34,7.1153795290456678E-001,2.1114181643637764E-001,2.1114181643637764E-001,1.7415877033829550E+000,1.0809287719175802E+000,1.1000000000000001E+000
7.36,1.7418668029046622E+000,4.1831807597764170E-001,4.1831807597764170E-001,1.7609040191068199E+000,1.1141903791684482E+000,1.1000000000000001E+000
7.38,1.7418668029046622E+000,4.1831807597764170E-001,4.1831807597764170E-001,1.7795159967014489E+000,1.1470063250639309E+000,1.1000000000000001E+000
7.4,-2.4960511645725739E-001,3.6620153262160232E-001,3.6620153262160232E-001,1.7974161916239604E+000,1.1793634836389222E+000,1.2000000000000002E+000
7.42,-2.4960511645725739E-001,3.6620153262160232E-001,3.6620153262160232E-001,1.8145974440350514E+000,1.2112489124393753E+000,1.2000000000000002E+000
7.44,-2.4960511645725739E-001,3.6620153262160232E-001,3.6620153262160232E-001,1.8310528816628380E+000,1.2426498576990030E+000,1.2000000000000002E+000
7.46,1.4474010263486575E-002,3.4970070727345803E-001,3.4970070727345803E-001,1.8467759225516720E+000,1.2735537594405137E+000,1.3000000000000000E+000
7.48,1.4474010263486575E-002,3.4970070727345803E-001,3.4970070727345803E-001,1.8617602776948352E+000,1.3039482564993319E+000,1.3000000000000000E+000
7.5,2.7558002177406662E+000,6.7669069912736912E-001,5.0000000000000000E-001,1.8759999535500596E+000,1.3338211914677944E+000,1.3000000000000000E+000
7.52,2.7558002177406662E+000,6.7669069912736912E-001,5.0000000000000000E-001,1.8894892544368627E+000,1.3631606155578597E+000,1.4000000000000001E+000
7.54,2.7558002177406662E+000,6.7669069912736912E-001,5.0000000000000000E-001,1.9022227848147444E+000,1.3919547933803604E+000,1.4000000000000001E+000
7.56,-2.8069007863015505E-001,6.0776990434223133E-001,5.0000000000000000E-001,1.9141954514413322E+000,1.4201922076389104E+000,1.4000000000000001E+000
7.58,-2.8069007863015505E-001,6.0776990434223133E-001,5.0000000000000000E-001,1.9254024654096087E+000,1.4478615637365753E+000,1.4000000000000001E+000
7.6,2.5474552390901806E-001,6.0922459961374698E-001,5.0000000000000000E-001,1.9358393440634114E+000,1.4749517942934740E+000,1.5000000000000000E+000
7.62,2.5474552390901806E-001,6.0922459961374698E-001,5.0000000000000000E-001,1.9455019127904354E+000,1.5014520635734923E+000,1.5000000000000000E+000
7.64,2.5474552390901806E-001,6.0922459961374698E-001,5.0000000000000000E-001,1.9543863066920222E+000,1.5273517718183485E+000,1.5000000000000000E+000
7.66,1.0687035632463520E+000,7.1235131503885363E-001,5.0000000000000000E-001,1.9624889721290684E+000,1.5526405594872725E+000,1.6000000000000001E+000
7.68,1.0687035632463520E+000,7.1235131503885363E-001,5.0000000000000000E-001,1.9698066681434332E+000,1.5773083114006072E+000,1.6000000000000001E+000
7.7,-1.2323912039369875E+000,5.2268484879478772E-001,5.0000000000000000E-001,1.9763364677542787E+000,1.6013451607856677E+000,1.6000000000000001E+000
7.72,-1.2323912039369875E+000,5.2268484879478772E-001,5.0000000000000000E-001,1.9820757591288236E+000,1.6247414932232425E+000,1.6000000000000001E+000
7.74,-1.2323912039369875E+000,5.2268484879478772E-001,5.0000000000000000E-001,1.9870222466270409E+000,1.6474879504931663E+000,1.6000000000000001E+000
7.76,3.9895079595565208E-001,5.4641945584950491E-001,5.0000000000000000E-001,1.9911739517198834E+000,1.6695754343174130E+000,1.7000000000000002E+000
7.78,3.9895079595565208E-001,5.4641945584950491E-001,5.0000000000000000E-001,1.9945292137806696E+000,1.6909951099992204E+000,1.7000000000000002E+000
7.8,1.6260016704796549E+000,7.2234869186698691E-001,5.0000000000000000E-001,1.9970866907493112E+000,1.7117384099567912E+000,1.7000000000000002E+000
7.82,1.6260016704796549E+000,7.2234869186698691E-001,5.0000000000000000E-001,1.9988453596691202E+000,1.7317970371501492E+000,1.7000000000000002E+000
7.84,1.6260016704796549E+000,7.2234869186698691E-001,5.0000000000000000E-001,1.9998045170959771E+000,1.7511629683997918E+000,1.8000000000000000E+000
7.86,6.0217717602809273E-001,7.6150340427714913E-001,5.0000000000000000E-001,1.9999637793796996E+000,1.7698284575957988E+000,1.8000000000000000E+000
7.88,6.0217717602809273E-001,7.6150340427714913E-001,5.0000000000000000E-001,1.9993230828174979E+000,1.7877860387961229E+000,1.8000000000000000E+000
7.9,2.9537689173014775E-001,7.6035034552956016E-001,5.0000000000000000E-001,1.9978826836794545E+000,1.8050285292128205E+000,1.8000000000000000E+000
7.92,2.9537689173014775E-001,7.6035034552956016E-001,5.0000000000000000E-001,1.9956431581060194E+000,1.8215490320850241E+000,1.8000000000000000E+000
7.94,2.9537689173014775E-001,7.6035034552956016E-001,5.0000000000000000E-001,1.9926054018775619E+000,1.8373409394375122E+000,1.8000000000000000E+000
7.96,-2.2846132952510851E+000,4.3675616634669567E-001,4.3675616634669567E-001,1.9887706300560706E+000,1.8523979347237725E+000,1.9000000000000001E+000
7.98,-2.2846132952510851E+000,4.3675616634669567E-001,4.3675616634669567E-001,1.9841403764991445E+000,1.8667139953524954E+000,1.9000000000000001E+000
8,-1.5904510381295505E+000,2.1611197826316708E-001,2.1611197826316708E-001,1.9787164932464709E+000,1.8802833950965008E+000,1.9000000000000001E+000
8.02,-1.5904510381295505E+000,2.1611197826316708E-001,2.1611197826316708E-001,1.9725011497790386E+000,1.8931007063831142E+000,1.9000000000000001E+000
8.04,-1.5904510381295505E+000,2.1611197826316708E-001,2.1611197826316708E-001,1.9654968321513602E+000,1.9051608024650957E+000,1.9000000000000001E+000
8.06,-2.8944631769655400E+000,-1.5650151777068411E-001,-1.5650151777068411E-001,1.9577063419970973E+000,1.9164588594712411E+000,1.9000000000000001E+000
8.08,-2.8944631769655400E+000,-1.5650151777068411E-001,-1.5650151777068411E-001,1.9491327954084394E+000,1.9269903583358405E+000,1.9000000000000001E+000
8.1,-1.4113566020797901E+000,-3.2509601714212355E-001,-3.2509601714212355E-001,1.9397796216897099E+000,1.9367510866062183E+000,1.9000000000000001E+000
8.12,-1.4113566020797901E+000,-3.2509601714212355E-001,-3.2509601714212355E-001,1.9296505619856885E+000,1.9457371401276391E+000,1.9000000000000001E+000
8.14,-1.4113566020797901E+000,-3.2509601714212355E-001,-3.2509601714212355E-001,1.9187496677852052E+000,1.9539449246048932E+000,2.0000000000000000E+000
8.16,4.5938588163296606E-001,-2.5141798108089652E-001,-2.5141798108089652E-001,1.9070812993005961E+000,1.9613711570399510E+000,2.0000000000000000E+000
8.18,4.5938588163296606E-001,-2.5141798108089652E-001,-2.5141798108089652E-001,1.8946501237236795E+000,1.9680128670451007E+000,2.0000000000000000E+000
8.2,-9.4863827900904016E-002,-2.5070506051446473E-001,-2.5070506051446473E-001,1.8814611133589390E+000,1.9738673980310493E+000,2.0000000000000000E+000
8.22,-9.4863827900904016E-002,-2.5070506051446473E-001,-2.5070506051446473E-001,1.8675195436346694E+000,1.9789324082695066E+000,2.0000000000000000E+000
8.24,-9.4863827900904016E-002,-2.5070506051446473E-001,-2.5070506051446473E-001,1.8528309909928755E+000,1.9832058718298364E+000,2.0000000000000000E+000
8.26,-1.3736301146693555E+000,-4.0987357182241113E-001,-4.0987357182241113E-001,1.8374013306587689E+000,1.9866860793893870E+000,2.0000000000000000E+000
8.28,-1.3736301146693555E+000,-4.0987357182241113E-001,-4.0987357182241113E-001,1.8212367342907576E+000,1.9893716389171927E+000,2.0000000000000000E+000
8.3,3.4191287740614915E+000,3.8011203526395754E-002,3.8011203526395754E-002,1.8043436675118634E+000,1.9912614762307550E+000,2.0000000000000000E+000
8.32,3.4191287740614915E+000,3.8011203526395754E-002,3.8011203526395754E-002,1.7867288873235598E+000,1.9923548354256972E+000,2.0000000000000000E+000
8.34,3.4191287740614915E+000,3.8011203526395754E-002,3.8011203526395754E-002,1.7683994394030620E+000,1.9926512791781097E+000,2.0000000000000000E+000
8.36,-8.3359377546878966E-001,-6.8088578583522796E-002,-6.8088578583522796E-002,1.7493626552851487E+000,1.9921506889194660E+000,2.0000000000000000E+000
8.38,-8.3359377546878966E-001,-6.8088578583522796E-002,-6.8088578583522796E-002,1.7296261494296463E+000,1.9908532648840471E+000,2.0000000000000000E+000
8.4,9.9251810274503957E-002,-5.2277673370033674E-002,-5.2277673370033674E-002,1.7091978161757473E+000,1.9887595260288473E+000,2.0000000000000000E+000
8.42,9.9251810274503957E-002,-5.2277673370033674E-002,-5.2277673370033674E-002,1.6880858265843792E+000,1.9858703098259964E+000,2.0000000000000000E+000
8.44,9.9251810274503957E-002,-5.2277673370033674E-002,-5.2277673370033674E-002,1.6662986251698890E+000,1.9821867719277795E+000,2.0000000000000000E+000
8.46,4.1575867498150855E-003,-4.9144091357805099E-002,-4.9144091357805099E-002,1.6438449265223505E+000,1.9777103857043912E+000,2.0000000000000000E+000
8.48,4.1575867498150855E-003,-4.9144091357805099E-002,-4.9144091357805099E-002,1.6207337118218437E+000,1.9724429416546065E+000,2.0000000000000000E+000
8.5,2.4934827656847791E-001,-1.5518352218854975E-002,-1.5518352218854975E-002,1.5969742252461037E+000,1.9663865466896067E+000,2.0000000000000000E+000
8.52,2.4934827656847791E-001,-1.5518352218854975E-002,-1.5518352218854975E-002,1.5725759702729716E+000,1.9595436232902439E+000,2.0000000000000000E+000
8.54,2.4934827656847791E-001,-1.5518352218854975E-002,-1.5518352218854975E-002,1.5475487058791313E+000,1.9519169085380839E+000,2.0000000000000000E+000
8.56,1.2328991077894014E+000,1.3936995386576279E-001,1.3936995386576279E-001,1.5219024426366474E+000,1.9435094530206085E+000,1.9000000000000001E+000
8.58,1.2328991077894014E+000,1.3936995386576279E-001,1.3936995386576279E-001,1.4956474387088716E+000,1.9343246196110286E+000,1.9000000000000001E+000
8.6,-3.2125847587921652E+000,-2.6917163867654637E-001,-2.6917163867654637E-001,1.4687941957473130E+000,1.9243660821231794E+000,1.9000000000000001E+000
8.62,-3.2125847587921652E+000,-2.6917163867654637E-001,-2.6917163867654637E-001,1.4413534546911173E+000,1.9136378238420471E+000,1.9000000000000001E+000
8.64,-3.2125847587921652E+000,-2.6917163867654637E-001,-2.6917163867654637E-001,1.4133361914708358E+000,1.9021441359305138E+000,1.9000000000000001E+000
8.66,-2.1761870760258093E+000,-5.2773644124594565E-001,-5.0000000000000000E-001,1.3847536126181981E+000,1.8898896157129512E+000,1.9000000000000001E+000
8.68,-2.1761870760258093E+000,-5.2773644124594565E-001,-5.0000000000000000E-001,1.3556171507836487E+000,1.8768791648363587E+000,1.9000000000000001E+000
8.7,-2.3929869522745641E+000,-8.0047298821796953E-001,-5.0000000000000000E-001,1.3259384601634410E+000,1.8631179873097710E+000,1.9000000000000001E+000
8.72,-2.3929869522745641E+000,-8.0047298821796953E-001,-5.0000000000000000E-001,1.2957294118381122E+000,1.8486115874227298E+000,1.8000000000000000E+000
8.74,-2.3929869522745641E+000,-8.0047298821796953E-001,-5.0000000000000000E-001,1.2650020890242106E+000,1.8333657675436474E+000,1.8000000000000000E+000
8.76,5.4715034375574112E-001,-6.9205554583760320E-001,-5.0000000000000000E-001,1.2337687822411696E+000,1.8173866257989404E+000,1.8000000000000000E+000
8.78,5.4715034375574112E-001,-6.9205554583760320E-001,-5.0000000000000000E-001,1.2020419843952634E+000,1.8006805536338633E+000,1.8000000000000000E+000
8.8,-2.0577912358070161E-002,-6.6002500759048177E-001,-5.0000000000000000E-001,1.1698343857826128E+000,1.7832542332560239E+000,1.8000000000000000E+000
8.82,-2.0577912358070161E-002,-6.6002500759048177E-001,-5.0000000000000000E-001,1.1371588690132333E+000,1.7651146349625912E+000,1.8000000000000000E+000
8.84,-2.0577912358070161E-002,-6.6002500759048177E-001,-5.0000000000000000E-001,1.1040285038581652E+000,1.7462690143522757E+000,1.7000000000000002E+000
8.86,-2.6147423345901435E-002,-6.3029218512919538E-001,-5.0000000000000000E-001,1.0704565420217380E+000,1.7267249094231918E+000,1.7000000000000002E+000
8.88,-2.6147423345901435E-002,-6.3029218512919538E-001,-5.0000000000000000E-001,1.0364564118410662E+000,1.7064901375577639E+000,1.7000000000000002E+000
8.9,9.0082954307460869E-002,-5.8751720658430284E-001,-5.0000000000000000E-001,1.0020417129148931E+000,1.6855727923958823E+000,1.7000000000000002E+000
8.92,9.0082954307460869E-002,-5.8751720658430284E-001,-5.0000000000000000E-001,9.6722621066393244E-001,1.6639812405975605E+000,1.7000000000000002E+000
8.94,9.0082954307460869E-002,-5.8751720658430284E-001,-5.0000000000000000E-001,9.3202383082488416E-001,1.6417241184963842E+000,1.6000000000000001E+000
8.96,1.5893351452368751E+000,-3.5947445310047788E-001,-3.5947445310047788E-001,8.9644865388032502E-001,1.6188103286451034E+000,1.6000000000000001E+000
8.98,1.5893351452368751E+000,-3.5947445310047788E-001,-3.5947445310047788E-001,8.6051490942670361E-001,1.5952490362547300E+000,1.6000000000000001E+000
9,-5.3324270637764049E-001,-4.0815606874265914E-001,-4.0815606874265914E-001,8.2423697048269096E-001,1.5710496655285824E+000,1.6000000000000001E+000
9.02,-5.3324270637764049E-001,-4.0815606874265914E-001,-4.0815606874265914E-001,7.8762934774016535E-001,1.5462218958927330E+000,1.5000000000000000E+000
9.04,-5.3324270637764049E-001,-4.0815606874265914E-001,-4.0815606874265914E-001,7.5070668376012861E-001,1.5207756581243723E+000,1.5000000000000000E+000
9.06,-2.3133891210389863E+000,-6.7692190543539921E-001,-5.0000000000000000E-001,7.1348374711587725E-001,1.4947211303796331E+000,1.5000000000000000E+000
9.08,-2.3133891210389863E+000,-6.7692190543539921E-001,-5.0000000000000000E-001,6.7597542648576958E-001,1.4680687341224690E+000,1.5000000000000000E+000
9.1,-1.4922436534309140E+000,-8.2960626684249361E-001,-5.0000000000000000E-001,6.3819672469795341E-001,1.4408291299562128E+000,1.4000000000000001E+000
9.12,-1.4922436534309140E+000,-8.2960626684249361E-001,-5.0000000000000000E-001,6.0016275272943453E-001,1.4130132133594782E+000,1.4000000000000001E+000
9.14,-1.4922436534309140E+000,-8.2960626684249361E-001,-5.0000000000000000E-001,5.6188872366188747E-001,1.3846321103281194E+000,1.4000000000000001E+000
9.16,-1.6260123422335231E+000,-9.9137749627955962E-001,-5.0000000000000000E-001,5.2338994659662574E-001,1.3556971729249834E+000,1.4000000000000001E+000
9.18,-1.6260123422335231E+000,-9.9137749627955962E-001,-5.0000000000000000E-001,4.8468182053116510E-001,1.3262199747392420E+000,1.3000000000000000E+000
9.2,-1.9023379836974037E+000,-1.1796008694277571E+000,-5.0000000000000000E-001,4.4577982819983036E-001,1.2962123062571118E+000,1.3000000000000000E+000
9.22,-1.9023379836974037E+000,-1.1796008694277571E+000,-5.0000000000000000E-001,4.0669952988086766E-001,1.2656861701458197E+000,1.3000000000000000E+000
9.24,-1.9023379836974037E+000,-1.1796008694277571E+000,-5.0000000000000000E-001,3.6745655717254089E-001,1.2346537764527006E+000,1.2000000000000002E+000
9.26,1.0600492860404875E-001,-1.1073702098808629E+000,-5.0000000000000000E-001,3.2806660674070071E-001,1.2031275377213428E+000,1.2000000000000002E+000
9.28,1.0600492860404875E-001,-1.1073702098808629E+000,-5.0000000000000000E-001,2.8854543404032745E-001,1.1711200640267396E+000,1.2000000000000002E+000
9.3,-2.2173020751389196E+000,-1.3291644587791851E+000,-5.0000000000000000E-001,2.4890884701355939E-001,1.1386441579314293E+000,1.1000000000000001E+000
9.32,-2.2173020751389196E+000,-1.3291644587791851E+000,-5.0000000000000000E-001,2.0917269976672639E-001,1.1057128093646451E+000,1.1000000000000001E+000
9.34,-2.2173020751389196E+000,-1.3291644587791851E+000,-5.0000000000000000E-001,1.6935288622891892E-001,1.0723391904265178E+000,1.1000000000000001E+000
9.36,-3.8940162803297168E-001,-1.3113814393443475E+000,-5.0000000000000000E-001,1.2946533379462835E-001,1.0385366501194124E+000,1.0000000000000000E+000
9.38,-3.8940162803297168E-001,-1.3113814393443475E+000,-5.0000000000000000E-001,8.9525996953001424E-002,1.0043187090085095E+000,1.0000000000000000E+000
9.4,1.9152366496302262E+000,-1.0064077861733522E+000,-5.0000000000000000E-001,4.9550850906257375E-002,9.6969905381376043E-001,1.0000000000000000E+000
9.42,1.9152366496302262E+000,-1.0064077861733522E+000,-5.0000000000000000E-001,9.5558851798200443E-003,9.3469153193538324E-001,9.0000000000000002E-001
9.44,1.9152366496302262E+000,-1.0064077861733522E+000,-5.0000000000000000E-001,-3.0442902773279105E-002,8.9931014591508951E-001,9.0000000000000002E-001
9.46,-1.7710231014564060E+000,-1.1774652845467353E+000,-5.0000000000000000E-001,-7.0429513971168908E-002,8.6356904783525668E-001,9.0000000000000002E-001
9.48,-1.7710231014564060E+000,-1.1774652845467353E+000,-5.0000000000000000E-001,-1.1038795430251795E-001,8.2748253365828361E-001,8.0000000000000004E-001
9.5,-5.4604351205485036E-001,-1.1868474593262548E+000,-5.0000000000000000E-001,-1.5030224092396580E-001,7.9106503750839940E-001,8.0000000000000004E-001
9.52,-5.4604351205485036E-001,-1.1868474593262548E+000,-5.0000000000000000E-001,-1.9015640865304728E-001,7.5433112589820650E-001,8.0000000000000004E-001
9.54,-5.4604351205485036E-001,-1.1868474593262548E+000,-5.0000000000000000E-001,-2.2993451635405260E-001,7.1729549190227138E-001,7.0000000000000007E-001
9.56,-1.4133365290301190E+000,-1.3041721524887071E+000,-5.0000000000000000E-001,-2.6962065331426910E-001,6.7997294928009200E-001,7.0000000000000007E-001
9.58,-1.4133365290301190E+000,-1.3041721524887071E+000,-5.0000000000000000E-001,-3.0919894560805411E-001,6.4237842655079180E-001,6.0000000000000009E-001
9.6,-1.6235092382228284E+000,-1.4419021996421255E+000,-5.0000000000000000E-001,-3.4865356244619367E-001,6.0452696102191283E-001,6.0000000000000009E-001
9.62,-1.6235092382228284E+000,-1.4419021996421255E+000,-5.0000000000000000E-001,-3.8796872250800707E-001,5.6643369277469358E-001,6.0000000000000009E-001
9.64,-1.6235092382228284E+000,-1.4419021996421255E+000,-5.0000000000000000E-001,-4.2712870025366478E-001,5.2811385860823956E-001,5.0000000000000000E-001
9.66,2.0026760135810520E+000,-1.1194725879623879E+000,-5.0000000000000000E-001,-4.6611783221419467E-001,4.8958278594500776E-001,5.0000000000000000E-001
9.68,2.0026760135810520E+000,-1.1194725879623879E+000,-5.0000000000000000E-001,-5.0492052325666059E-001,4.5085588670004184E-001,5.0000000000000000E-001
9.7,-9.5166495622559300E-001,-1.1824570780924677E+000,-5.0000000000000000E-001,-5.4352125282200792E-001,4.1194865111641260E-001,4.0000000000000002E-001
9.72,-9.5166495622559300E-001,-1.1824570780924677E+000,-5.0000000000000000E-001,-5.8190458113308019E-001,3.7287664156932787E-001,4.0000000000000002E-001
9.74,-9.5166495622559300E-001,-1.1824570780924677E+000,-5.0000000000000000E-001,-6.2005515537032374E-001,3.3365548634139058E-001,3.0000000000000004E-001
9.76,-1.7515164933409646E+000,-1.3422737858554652E+000,-5.0000000000000000E-001,-6.5795771581271134E-001,2.9430087337149408E-001,3.0000000000000004E-001
9.78,-1.7515164933409646E+000,-1.3422737858554652E+000,-5.0000000000000000E-001,-6.9559710194142665E-001,2.5482854397985610E-001,3.0000000000000004E-001
9.8,-1.6524222301325249E+000,-1.4817128753292574E+000,-5.0000000000000000E-001,-7.3295825850387009E-001,2.1525428657170115E-001,2.0000000000000001E-001
9.821,-1.6524222301325249E+000,-1.4817128753292574E+000,-5.0000000000000000E-001,-7.7187167841302629E-001,1.7360893683837447E-001,2.0000000000000001E-001
9.841,-1.6524222301325249E+000,-1.4817128753292574E+000,-5.0000000000000000E-001,-8.0861587418733505E-001,1.3387525055026120E-001,1.0000000000000001E-001
9.861,-1.0971110535019124E+000,-1.5447661132505335E+000,-5.0000000000000000E-001,-8.4503663439337051E-001,9.4088015949625278E-002,1.0000000000000001E-001
9.881,-1.0971110535019124E+000,-1.5447661132505335E+000,-5.0000000000000000E-001,-8.8111939121265392E-001,5.4263147399608171E-002,1.0000000000000001E-001
9.901,2.5857120017058149E-001,-1.4352064075666844E+000,-5.0000000000000000E-001,-9.1684971202355448E-001,1.4416574316437555E-002,0.0000000000000000E+000
9.921,2.5857120017058149E-001,-1.4352064075666844E+000,-5.0000000000000000E-001,-9.5221330517414593E-001,-2.5435765202126887E-002,-0.0000000000000000E+000
9.941,2.5857120017058149E-001,-1.4352064075666844E+000,-5.0000000000000000E-001,-9.8719602569867626E-001,-6.5277930751819938E-002,-1.0000000000000001E-001
9.961,-1.2392401991768736E+000,-1.5183511120854591E+000,-5.0000000000000000E-001,-1.0217838809753657E+000,-1.0509398599782006E-001,-1.0000000000000001E-001
9.981,-1.2392401991768736E+000,-1.5183511120854591E+000,-5.0000000000000000E-001,-1.0559630363232690E+000,-1.4486800504907091E-001,-1.0000000000000001E-001
10,1.5658673406211874E+000,-1.2467001389035377E+000,-5.0000000000000000E-001,-1.0880422217785668E+000,-1.8259989668736701E-001,-2.0000000000000001E-001
