"time","J1_w","J2_w","J3_w","J4_w"
0,1.0000000000000000E+001,0.0000000000000000E+000,0.0000000000000000E+000,0.0000000000000000E+000
0.003,9.9709420317557207E+000,2.9999981030353950E-002,3.1225022567582528E-016,3.1113750818250729E-016
0.006,9.9447010760873784E+000,5.9999696817929049E-002,1.6583956430338276E-015,1.6562056103471068E-015
0.009,9.9212441963364206E+000,8.9998721000355886E-002,4.8572257327350599E-016,4.8248286061199245E-016
0.012,9.9005137503182681E+000,1.1999662722510074E-001,-2.9143354396410359E-016,-2.9570888695689040E-016
0.015,9.8824279057366997E+000,1.4999298915551762E-001,1.3322676295501878E-015,1.3263233862046776E-015
0.018,9.8668813703112317E+000,1.7998738047690210E-001,1.0547118733938987E-015,1.0483247627920020E-015
0.021,9.8537463301368078E+000,2.0997937490256291E-001,1.0269562977782698E-015,1.0200661670624669E-015
0.024,9.8428735879467517E+000,2.3996854617987218E-001,1.6098233857064770E-015,1.6020209154631816E-015
0.027,9.8340938911756659E+000,2.6995446809632284E-001,7.7715611723760958E-016,7.6893417216406841E-016
0.03,9.8272194380342164E+000,2.9993671448559311E-001,1.1657341758564144E-015,1.1572273621953547E-015
0.033,9.8220455482277291E+000,3.2991485923359321E-001,5.5511151231257827E-017,4.6884364764697879E-017
0.036,9.8183524834891518E+000,3.5988847628453158E-001,-4.4408920985006262E-016,-4.5279152632877489E-016
0.039,9.8159074017671024E+000,3.8985713964696167E-001,-1.8318679906315083E-015,-1.8405630176543208E-015
0.042,9.8144664277234828E+000,4.1982042339984460E-001,-8.3266726846886741E-016,-8.4123150184447206E-016
0.045,9.8137768211626977E+000,4.4977790169859233E-001,4.4408920985006262E-016,4.3567558161207544E-016
0.048,9.8135792241452915E+000,4.7972914878112505E-001,-5.5511151231257827E-017,-6.3658446014362223E-017
0.051,9.8136099668404295E+000,5.0967373897392498E-001,-1.7763568394002505E-015,-1.7842626849612893E-015
0.054,9.8136034116502397E+000,5.3961124669808669E-001,-1.1102230246251565E-015,-1.1180533811812288E-015
0.057,9.8132943147993537E+000,5.6954124647535487E-001,-1.6653345369377348E-015,-1.6728468155766502E-015
0.06,9.8124201844279675E+000,5.9946331293418353E-001,-2.4424906541753444E-015,-2.4498966195911050E-015
0.063,9.8107236142577499E+000,6.2937702081577562E-001,-3.4416913763379853E-015,-3.4489494074967545E-015
0.066,9.8079545721167793E+000,6.5928194498012793E-001,-4.6629367034256575E-015,-4.6701769257458383E-015
0.069,9.8038726230103297E+000,6.8917766041207251E-001,-7.1054273576010019E-015,-7.1127678407414293E-015
0.072,9.7982490670053313E+000,7.1906374222732161E-001,-7.9936057773011271E-015,-8.0011743040828828E-015
0.075,9.7908689729524312E+000,7.4893976567849840E-001,-8.3266726846886741E-015,-8.3343336487110029E-015
0.078,9.7815330899941397E+000,7.7880530616117660E-001,-1.0436096431476471E-014,-1.0444467704285357E-014
0.081,9.7700596198923346E+000,8.0865993921992185E-001,-1.0991207943789050E-014,-1.1000322185949921E-014
0.084,9.7562858344437551E+000,8.3850324055431180E-001,-1.3100631690576847E-014,-1.3110402888150838E-014
0.087,9.7400695236271506E+000,8.6833478602498104E-001,-1.2101430968414206E-014,-1.2112434646867285E-014
0.09,9.7212902616281465E+000,8.9815415165963230E-001,-1.1546319456101628E-014,-1.1557903438867395E-014
0.093,9.6998504795044944E+000,9.2796091365907429E-001,-1.1990408665951691E-014,-1.2002571802267346E-014
0.096,9.6756763349705519E+000,9.5775464840324354E-001,-1.1324274851176597E-014,-1.1338917502088971E-014
0.099,9.6487183715806975E+000,9.8753493245721913E-001,-1.1213252548714081E-014,-1.1229146548003965E-014
0.102,9.6189519614606720E+000,1.0173013425772464E+000,-1.1102230246251565E-014,-1.1119409311840619E-014
0.105,9.5863775276570475E+000,1.0470534557167497E+000,-1.0658141036401503E-014,-1.0677266833524861E-014
0.108,9.5510205441312284E+000,1.0767908490323439E+000,-1.0658141036401503E-014,-1.0679869240781641E-014
0.111,9.5129313133979352E+000,1.1065130998898471E+000,-1.0436096431476471E-014,-1.0459814807882688E-014
0.114,9.4721845237818503E+000,1.1362197858702849E+000,-9.3258734068513149E-015,-9.3534642877990563E-015
0.117,9.4288785902221814E+000,1.1659104847758925E+000,-8.4376949871511897E-015,-8.4685053890822693E-015
0.12,9.3831347844761428E+000,1.1955847746361190E+000,-6.6613381477509392E-015,-6.6959426098313920E-015
0.123,9.3350961624417010E+000,1.2252422337136188E+000,-6.4392935428259079E-015,-6.4769768485393345E-015
0.126,9.2849262981206788E+000,1.2548824405102543E+000,-4.8849813083506888E-015,-4.9262458011284986E-015
0.129,9.2328078354595799E+000,1.2845049737730747E+000,-5.7731597280508140E-015,-5.8159525981291593E-015
0.132,9.1789408709220872E+000,1.3141094125003159E+000,-5.5511151231257827E-015,-5.5983607410314833E-015
0.135,9.1235411811495322E+000,1.3436953359473724E+000,-5.7731597280508140E-015,-5.8252195078943178E-015
0.138,9.0668383114407352E+000,1.3732623236327832E+000,-7.1054273576010019E-015,-7.1626086622942869E-015
0.141,9.0090735420179335E+000,1.4028099553442086E+000,-7.3274719625260332E-015,-7.3900253400390572E-015
0.144,8.9504977501303014E+000,1.4323378111443974E+000,-6.8833827526759706E-015,-6.9514996757972476E-015
0.147,8.8913691869711577E+000,1.4618454713771580E+000,-6.8833827526759706E-015,-6.9571938823398394E-015
0.15,8.8319511891410212E+000,1.4913325166733236E+000,-6.6613381477509392E-015,-6.7383999874129843E-015
0.153,8.7725098449696954E+000,1.5207985279567104E+000,-6.2172489379008766E-015,-6.2950553333945121E-015
0.156,8.7133116364112038E+000,1.5502430864500738E+000,-7.1054273576010019E-015,-7.1864337002942566E-015
0.159,8.6546210774422523E+000,1.5796657736810635E+000,-7.5495165674510645E-015,-7.6336038139236720E-015
0.162,8.5966983699258854E+000,1.6090661714881662E+000,-8.4376949871511897E-015,-8.5271949706176255E-015
0.165,8.5397970977470177E+000,1.6384438620266524E+000,-7.9936057773011271E-015,-8.0857663224270997E-015
0.168,8.4841619796867977E+000,1.6677984277745095E+000,-8.8817841970012523E-015,-8.9788197994865630E-015
0.171,8.4300267009814096E+000,1.6971294515383848E+000,-7.7715611723760958E-015,-7.8706070057641846E-015
0.174,8.3776118428124722E+000,1.7264365164595032E+000,-7.9936057773011271E-015,-8.0967693708933559E-015
0.177,8.3271229281070074E+000,1.7557192060196032E+000,-6.8833827526759706E-015,-6.9889550201827735E-015
0.18,8.2787486009925093E+000,1.7849771040468454E+000,-7.9936057773011271E-015,-8.1023453618599609E-015
0.183,8.2326589560663805E+000,1.8142097947217408E+000,-6.6613381477509392E-015,-6.7714514947217985E-015
0.186,8.1890040323091622E+000,1.8434168625830472E+000,-4.4408920985006262E-015,-4.5530624747013075E-015
0.189,8.1479124850096873E+000,1.8725978925336761E+000,-4.8849813083506888E-015,-4.9998616902702863E-015
0.192,8.1094904474901668E+000,1.9017524698466044E+000,-3.3306690738754696E-015,-3.4476313779342049E-015
0.195,8.0738205927345490E+000,1.9308801801707514E+000,-3.1086244689504383E-015,-3.2295332986266741E-015
0.198,8.0409614032491881E+000,1.9599806095368786E+000,-4.6629367034256575E-015,-4.7858746766051353E-015
0.201,8.0109466556365181E+000,1.9890533443634730E+000,-5.7731597280508140E-015,-5.8987136654352746E-015
0.204,7.9837851244566300E+000,2.0180979714626206E+000,-5.7731597280508140E-015,-5.9006583195756057E-015
0.207,7.9594605080052743E+000,2.0471140780458779E+000,-7.1054273576010019E-015,-7.2329470682337016E-015
0.21,7.9379315766670135E+000,2.0761012517301456E+000,-6.6613381477509392E-015,-6.7894773102514539E-015
0.213,7.9191325425266879E+000,2.1050590805435201E+000,-6.6613381477509392E-015,-6.7900825615646295E-015
0.216,7.9029736469584462E+000,2.1339871529311578E+000,-5.3290705182007514E-015,-5.4584271318668996E-015
0.219,7.8893419609767994E+000,2.1628850577611143E+000,-6.2172489379008766E-015,-6.3466232690002908E-015
0.222,7.8781023912456911E+000,2.1917523843301989E+000,-6.2172489379008766E-015,-6.3473344040081665E-015
0.225,7.8690988828160977E+000,2.2205887223698015E+000,-7.1054273576010019E-015,-7.2358550743368820E-015
0.228,7.8621558079165528E+000,2.2493936620517312E+000,-6.6613381477509392E-015,-6.7920946216558122E-015
0.231,7.8570795284695150E+000,2.2781667939940338E+000,-6.2172489379008766E-015,-6.3482877849865121E-015
0.234,7.8536601184645392E+000,2.3069077092668149E+000,-6.2172489379008766E-015,-6.3483156310027895E-015
0.237,7.8516732309002855E+000,2.3356159993980503E+000,-7.1054273576010019E-015,-7.2364625056340986E-015
0.24,7.8508820927242082E+000,2.3642912563793921E+000,-7.1054273576010019E-015,-7.2362875060673820E-015
0.243,7.8510396100626432E+000,2.3929330726719664E+000,-5.7731597280508140E-015,-5.9037007476176274E-015
0.246,7.8518905650550739E+000,2.4215410412121630E+000,-5.3290705182007514E-015,-5.4593654057136464E-015
0.249,7.8531738847932706E+000,2.4501147554174256E+000,-4.8849813083506888E-015,-5.0149290426527497E-015
0.252,7.8546249622259836E+000,2.4786538091920267E+000,-4.8849813083506888E-015,-5.0148572149712075E-015
0.255,7.8559780084286261E+000,2.5071577969328409E+000,-5.3290705182007514E-015,-5.4585844922159762E-015
0.258,7.8569684153589820E+000,2.5356263135351096E+000,-5.7731597280508140E-015,-5.9025550206791165E-015
0.261,7.8573351081269021E+000,2.5640589543981971E+000,-5.7731597280508140E-015,-5.9023485636822272E-015
0.264,7.8568228658990238E+000,2.5924553154313408E+000,-4.8849813083506888E-015,-5.0138575243150733E-015
0.267,7.8551845908379532E+000,2.6208149930593931E+000,-5.3290705182007514E-015,-5.4578609224806494E-015
0.27,7.8521835049365896E+000,2.6491375842285620E+000,-5.7731597280508140E-015,-5.9019800803020080E-015
0.273,7.8475952552482804E+000,2.6774226864121342E+000,-6.2172489379008766E-015,-6.3462089670224536E-015
0.276,7.8412099088265990E+000,2.7056698976162004E+000,-5.7731597280508140E-015,-5.9024873060748450E-015
0.279,7.8328338196674476E+000,2.7338788163853609E+000,-6.2172489379008766E-015,-6.3469427864535985E-015
0.282,7.8222913510823426E+000,2.7620490418084422E+000,-5.7731597280508140E-015,-5.9034169523223534E-015
0.285,7.8094264382149108E+000,2.7901801735241847E+000,-5.3290705182007514E-015,-5.4604390067401438E-015
0.288,7.7941039768315505E+000,2.8182718117269383E+000,-5.7731597280508140E-015,-5.9059051792520824E-015
0.291,7.7762110260591939E+000,2.8463235571723438E+000,-5.3290705182007514E-015,-5.4634852390026392E-015
0.294,7.7556578143945387E+000,2.8743350111830051E+000,-5.3290705182007514E-015,-5.4657819858571959E-015
0.297,7.7323785400552891E+000,2.9023057756541570E+000,-6.2172489379008766E-015,-6.3556440623071106E-015
0.3,7.7063319585693817E+000,2.9302354530593240E+000,-5.7731597280508140E-015,-5.9138912160764979E-015
0.303,7.6775017523866644E+000,2.9581236464559675E+000,-5.3290705182007514E-015,-5.4721668920899857E-015
0.306,7.6458966792322745E+000,2.9859699594911282E+000,-4.8849813083506888E-015,-5.0298410001330338E-015
0.309,7.6115504978848714E+000,3.0137739964070587E+000,-5.3290705182007514E-015,-5.4750840185658429E-015
0.312,7.5745216720384825E+000,3.0415353620468508E+000,-6.2172489379008766E-015,-6.3663051257679719E-015
0.315,7.5348928548764373E+000,3.0692536618600501E+000,-6.6613381477509392E-015,-6.8140503713935854E-015
0.318,7.4927701589323101E+000,3.0969285019082617E+000,-5.7731597280508140E-015,-5.9276042061131493E-015
0.321,7.4482822177185870E+000,3.1245594888707489E+000,-5.7731597280508140E-015,-5.9311506153648821E-015
0.324,7.4015790474520573E+000,3.1521462300500263E+000,-4.8849813083506888E-015,-5.0457852901636117E-015
0.327,7.3528307189792788E+000,3.1796883333774364E+000,-5.7731597280508140E-015,-5.9360034448004304E-015
0.33,7.3022258516901664E+000,3.2071854074187289E+000,-5.3290705182007514E-015,-5.4956483449953634E-015
0.333,7.2499699427877644E+000,3.2346370613796163E+000,-4.8849813083506888E-015,-5.0531710101601875E-015
0.336,7.1962835467436888E+000,3.2620429051113309E+000,-3.9968028886505635E-015,-4.1669424439303884E-015
0.339,7.1414003210984669E+000,3.2894025491161698E+000,-4.4408920985006262E-015,-4.6157766132219746E-015
0.342,7.0855649559523428E+000,3.3167156045530328E+000,-3.1086244689504383E-015,-3.2884792823961976E-015
0.345,7.0290310055244731E+000,3.3439816832429425E+000,-2.2204460492503131E-015,-2.4029246463765228E-015
0.348,6.9720586410277221E+000,3.3712003976745684E+000,-8.8817841970012523E-016,-1.0758973165281503E-015
0.351,6.9149123448046224E+000,3.3983713610097279E+000,-1.3322676295501878E-015,-1.5252689140183547E-015
0.354,6.8578585661914886E+000,3.4254941870888902E+000,-1.7763568394002505E-015,-1.9695955601596551E-015
0.357,6.8011633599173349E+000,3.4525684904366596E+000,-2.6645352591003757E-015,-2.8579281101698388E-015
0.36,6.7450900279992938E+000,3.4795938862672582E+000,-1.7763568394002505E-015,-1.9747828084519011E-015
0.363,6.6898967860651872E+000,3.5065699904899885E+000,-2.2204460492503131E-015,-2.4236990237728674E-015
0.366,6.6358344748170941E+000,3.5334964197146990E+000,-1.7763568394002505E-015,-1.9816594915137007E-015
0.369,6.5831443369490676E+000,3.5603727912572274E+000,-1.7763568394002505E-015,-1.9833871821710286E-015
0.372,6.5320558792511996E+000,3.5871987231448443E+000,-1.7763568394002505E-015,-1.9885070647595660E-015
0.375,6.4827848388760900E+000,3.6139738341216772E+000,-1.3322676295501878E-015,-1.5478548334491135E-015
0.378,6.4355312718192463E+000,3.6406977436541337E+000,-4.4408920985006262E-016,-6.6263945520723322E-016
0.381,6.3904777805801345E+000,3.6673700719363032E+000,-1.3322676295501878E-015,-1.5545200567750383E-015
0.384,6.3477878967352597E+000,3.6939904398953640E+000,-8.8817841970012523E-016,-1.1123215162416338E-015
0.387,6.3076046327795980E+000,3.7205584691969618E+000,-1.3322676295501878E-015,-1.5589683582755458E-015
0.39,6.2700492160903201E+000,3.7470737822505926E+000,-8.8817841970012523E-016,-1.1168191276737553E-015
0.393,6.2352200162501568E+000,3.7735360022149651E+000,-1.3322676295501878E-015,-1.5634635792775929E-015
0.396,6.2031916752515359E+000,3.7999447530033592E+000,-2.6645352591003757E-015,-2.8963719947861167E-015
0.399,6.1740144483018025E+000,3.8262996592889724E+000,-2.2204460492503131E-015,-2.4547655100409500E-015
0.402,6.1477137610805297E+000,3.8326003465102456E+000,1.9999999999997797E-002,-2.4494295480792516E-015
0.405,6.1242899873786953E+000,3.8288464408762017E+000,4.9999999999998046E-002,-2.2204460492503131E-015
0.408,6.1037184490933809E+000,3.8250375693717418E+000,7.9999999999998739E-002,-1.5543122344752192E-015
0.411,6.0859496385779579E+000,3.8211733597629549E+000,1.0999999999999854E-001,-1.7763568394002505E-015
0.414,6.0709096613741513E+000,3.8172534406024079E+000,1.3999999999999790E-001,-2.4424906541753444E-015
0.417,6.0585008953961976E+000,3.8132774412344248E+000,1.6999999999999726E-001,-3.1086244689504383E-015
0.42,6.0486028607160858E+000,3.8092449918003526E+000,1.9999999999999751E-001,-2.8865798640254070E-015
0.423,6.0410732922295631E+000,3.8051557232438173E+000,2.2999999999999776E-001,-2.6645352591003757E-015
0.426,6.0357494056817975E+000,3.8010092673159712E+000,2.5999999999999757E-001,-2.8865798640254070E-015
0.429,6.0324493458153183E+000,3.7968052565807273E+000,2.8999999999999782E-001,-2.6645352591003757E-015
0.432,6.0309738037863196E+000,3.7925433244199773E+000,3.1999999999999718E-001,-3.3306690738754696E-015
0.435,6.0311077894929879E+000,3.7882231050388069E+000,3.4999999999999698E-001,-3.5527136788005009E-015
0.438,6.0326225430844875E+000,3.7838442334706910E+000,3.7999999999999678E-001,-3.7747582837255322E-015
0.441,6.0352775686838722E+000,3.7794063455826810E+000,4.0999999999999615E-001,-4.4408920985006262E-015
0.444,6.0388227722734129E+000,3.7749090780805838E+000,4.3999999999999595E-001,-4.6629367034256575E-015
0.447,6.0430006847662598E+000,3.7703520685141183E+000,4.6999999999999487E-001,-5.7731597280508140E-015
0.45,6.0475487505322754E+000,3.7657349552820745E+000,4.9999999999999556E-001,-5.1070259132757201E-015
0.453,6.0522016610648457E+000,3.7610573776374445E+000,5.2999999999999581E-001,-4.8849813083506888E-015
0.456,6.0566937130748615E+000,3.7563189756925555E+000,5.5999999999999561E-001,-5.1070259132757201E-015
0.459,6.0607611700811939E+000,3.7515193904241824E+000,5.8999999999999497E-001,-5.7731597280508140E-015
0.462,6.0641446065359874E+000,3.7466582636786510E+000,6.1999999999999433E-001,-6.4392935428259079E-015
0.465,6.0665912136780928E+000,3.7417352381769278E+000,6.4999999999999414E-001,-6.6613381477509392E-015
0.468,6.0678570466476867E+000,3.7367499575196970E+000,6.7999999999999439E-001,-6.4392935428259079E-015
0.471,6.0677091929164728E+000,3.7317020661924256E+000,7.0999999999999419E-001,-6.6613381477509392E-015
0.474,6.0659278427862997E+000,3.7265912095704188E+000,7.3999999999999444E-001,-6.4392935428259079E-015
0.477,6.0623082435782285E+000,3.7214170339238555E+000,7.6999999999999380E-001,-7.1054273576010019E-015
0.48,6.0566625201665154E+000,3.7161791864228202E+000,7.9999999999999316E-001,-7.7715611723760958E-015
0.483,6.0488213456982560E+000,3.7108773151423158E+000,8.2999999999999341E-001,-7.5495165674510645E-015
0.486,6.0386354476692246E+000,3.7055110690672621E+000,8.5999999999999277E-001,-8.2156503822261584E-015
0.489,6.0259769359878410E+000,3.7000800980974904E+000,8.8999999999999257E-001,-8.4376949871511897E-015
0.492,6.0107404412392116E+000,3.6945840530527141E+000,9.1999999999999238E-001,-8.6597395920762210E-015
0.495,5.9928440530459035E+000,3.6890225856774932E+000,9.4999999999999218E-001,-8.8817841970012523E-015
0.498,5.9722300501964423E+000,3.6833953486461843E+000,9.7999999999999199E-001,-9.1038288019262836E-015
0.501,5.9488654160608236E+000,3.6777019955678765E+000,1.0099999999999918E+000,-9.3258734068513149E-015
0.504,5.9227421347181251E+000,3.6719421809913135E+000,1.0399999999999907E+000,-1.0436096431476471E-014
0.507,5.8938772651677294E+000,3.6661155604098066E+000,1.0699999999999910E+000,-1.0214051826551440E-014
0.51,5.8623127929654046E+000,3.6602217902661249E+000,1.0999999999999908E+000,-1.0436096431476471E-014
0.513,5.8281152606010975E+000,3.6542605279573834E+000,1.1299999999999910E+000,-1.0214051826551440E-014
0.516,5.7913751798991786E+000,3.6482314318399101E+000,1.1599999999999917E+000,-9.5479180117763462E-015
0.519,5.7522062316566789E+000,3.6421341612340998E+000,1.1899999999999924E+000,-8.8817841970012523E-015
0.522,5.7107442596235440E+000,3.6359683764292594E+000,1.2199999999999926E+000,-8.6597395920762210E-015
0.525,5.6671460677543593E+000,3.6297337386884334E+000,1.2499999999999925E+000,-8.8817841970012523E-015
0.528,5.6215880314071880E+000,3.6234299102532201E+000,1.2799999999999923E+000,-9.1038288019262836E-015
0.531,5.5742645348165736E+000,3.6170565543485695E+000,1.3099999999999921E+000,-9.3258734068513149E-015
0.534,5.5253862487097658E+000,3.6106133351875713E+000,1.3399999999999914E+000,-9.9920072216264089E-015
0.537,5.4751782633541275E+000,3.6040999179762281E+000,1.3699999999999921E+000,-9.3258734068513149E-015
0.54,5.4238780936068824E+000,3.5975159689182092E+000,1.3999999999999924E+000,-9.1038288019262836E-015
0.543,5.3717335736744847E+000,3.5908611552195993E+000,1.4299999999999922E+000,-9.3258734068513149E-015
0.546,5.3190006602678315E+000,3.5841351450936272E+000,1.4599999999999929E+000,-8.6597395920762210E-015
0.549,5.2659411636526210E+000,3.5773376077653785E+000,1.4899999999999927E+000,-8.8817841970012523E-015
0.552,5.2128204267341838E+000,3.5704682134765009E+000,1.5199999999999929E+000,-8.6597395920762210E-015
0.555,5.1599049727773396E+000,3.5635266334898876E+000,1.5499999999999936E+000,-7.9936057773011271E-015
0.558,5.1074601426402522E+000,3.5565125400943494E+000,1.5799999999999932E+000,-8.4376949871511897E-015
0.561,5.0557477424943205E+000,3.5494256066092751E+000,1.6099999999999939E+000,-7.7715611723760958E-015
0.564,5.0050237229090611E+000,3.5422655073892706E+000,1.6399999999999944E+000,-7.3274719625260332E-015
0.567,4.9555359099025598E+000,3.5350319178287890E+000,1.6699999999999942E+000,-7.5495165674510645E-015
0.57,4.9075218080967993E+000,3.5277245143667457E+000,1.6999999999999946E+000,-7.1054273576010019E-015
0.573,4.8612064954771679E+000,3.5203429744911121E+000,1.7299999999999942E+000,-7.5495165674510645E-015
0.576,4.8168006284423903E+000,3.5128869767435056E+000,1.7599999999999947E+000,-7.1054273576010019E-015
0.579,4.7744985748521334E+000,3.5053562007237509E+000,1.7899999999999940E+000,-7.7715611723760958E-015
0.582,4.7344766916434677E+000,3.4977503270944421E+000,1.8199999999999950E+000,-6.8833827526759706E-015
0.585,4.6968917623041273E+000,3.4900690375854717E+000,1.8499999999999948E+000,-7.1054273576010019E-015
0.588,4.6618796080716427E+000,3.4823120149985618E+000,1.8799999999999946E+000,-7.3274719625260332E-015
0.591,4.6295538851853868E+000,3.4744789432117686E+000,1.9099999999999946E+000,-7.3274719625260332E-015
0.594,4.6000050788671745E+000,3.4665695071839759E+000,1.9399999999999951E+000,-6.8833827526759706E-015
0.597,4.5732997029598765E+000,3.4585833929593708E+000,1.9699999999999949E+000,-7.1054273576010019E-015
0.6,4.5494797123280772E+000,3.4505202876719085E+000,1.9999999999999936E+000,-8.2156503822261584E-015
0.603,4.5285621332363011E+000,3.4423798795497609E+000,2.0299999999999949E+000,-6.2172489379008766E-015
0.606,4.5105389149855553E+000,3.4341618579197379E+000,2.0599999999999952E+000,-5.3290705182007514E-015
0.609,4.4953770041250518E+000,3.4258659132117133E+000,2.0899999999999954E+000,-4.4408920985006262E-015
0.612,4.4830186405803421E+000,3.4174917369630204E+000,2.1199999999999966E+000,-2.6645352591003757E-015
0.615,4.4733818730693757E+000,3.4090390218228324E+000,2.1499999999999968E+000,-1.7763568394002505E-015
0.618,4.4663612892315872E+000,3.4005074615565380E+000,2.1799999999999971E+000,-8.8817841970012523E-016
0.621,4.4618289539892739E+000,3.3918967510500875E+000,2.2099999999999973E+000,0.0000000000000000E+000
0.624,4.4596355478122822E+000,3.3832065863143317E+000,2.2399999999999967E+000,0.0000000000000000E+000
0.627,4.4596116947826374E+000,3.3744366644893429E+000,2.2699999999999969E+000,8.8817841970012523E-016
0.63,4.4615694686710823E+000,3.3655866838487167E+000,2.2999999999999963E+000,8.8817841970012523E-016
0.633,4.4653040636574506E+000,3.3566563438038619E+000,2.3299999999999952E+000,4.4408920985006262E-016
0.636,4.4705956148653998E+000,3.3476453449082744E+000,2.3599999999999950E+000,8.8817841970012523E-016
0.639,4.4772111525522682E+000,3.3385533888617882E+000,2.3899999999999948E+000,1.3322676295501878E-015
0.642,4.4849066726085010E+000,3.3293801785148194E+000,2.4199999999999955E+000,2.6645352591003757E-015
0.645,4.4934293049886955E+000,3.3201254178725854E+000,2.4499999999999953E+000,3.1086244689504383E-015
0.648,4.5025195608270918E+000,3.3107888120993167E+000,2.4799999999999960E+000,4.4408920985006262E-015
0.651,4.5119136382919072E+000,3.3013700675224422E+000,2.5099999999999962E+000,5.3290705182007514E-015
0.654,4.5213457667115557E+000,3.2918688916367653E+000,2.5399999999999965E+000,6.2172489379008766E-015
0.657,4.5305505681660838E+000,3.2822849931086218E+000,2.5699999999999976E+000,7.9936057773011271E-015
0.66,4.5392654155821308E+000,3.2726180817800170E+000,2.5999999999999970E+000,7.9936057773011271E-015
0.663,4.5472327664007688E+000,3.2628678686727541E+000,2.6299999999999963E+000,7.9936057773011271E-015
0.666,4.5542024511043673E+000,3.2530340659925407E+000,2.6599999999999975E+000,9.7699626167013776E-015
0.669,4.5599338962893343E+000,3.2431163871330724E+000,2.6899999999999977E+000,1.0658141036401503E-014
0.672,4.5641982625525443E+000,3.2331145466801132E+000,2.7199999999999971E+000,1.0658141036401503E-014
0.675,4.5667804782153825E+000,3.2230282604155511E+000,2.7499999999999969E+000,1.1102230246251565E-014
0.678,4.5674811508338875E+000,3.2128572453214348E+000,2.7799999999999967E+000,1.1546319456101628E-014
0.681,4.5661183395282672E+000,3.2026012195839977E+000,2.8099999999999978E+000,1.3322676295501878E-014
0.684,4.5625291724004189E+000,3.1922599025976606E+000,2.8399999999999976E+000,1.3766765505351941E-014
0.687,4.5565712946831187E+000,3.1818330149690244E+000,2.8699999999999979E+000,1.4654943925052066E-014
0.69,4.5481241347669545E+000,3.1713202785208376E+000,2.8999999999999986E+000,1.5987211554602254E-014
0.693,4.5370899768676338E+000,3.1607214162959485E+000,2.9299999999999993E+000,1.7319479184152442E-014
0.696,4.5233948308125624E+000,3.1500361525612455E+000,2.9599999999999995E+000,1.8207657603852567E-014
0.699,4.5069890912263562E+000,3.1392642128115722E+000,2.9899999999999993E+000,1.8651746813702630E-014
0.702,4.4878479802642968E+000,3.1284053237736327E+000,3.0199999999999996E+000,1.9539925233402755E-014
0.705,4.4659717699639385E+000,3.1174592134098704E+000,3.0500000000000003E+000,2.0872192862952943E-014
0.708,4.4413857822412464E+000,3.1064256109223365E+000,3.0799999999999996E+000,2.0872192862952943E-014
0.711,4.4141401665312499E+000,3.1021626913935725E+000,3.1031415553629684E+000,2.1316282072803006E-014
0.714,4.3843094570468608E+000,3.1115579943179426E+000,3.1125368582873385E+000,2.1316282072803006E-014
0.717,4.3519919135856231E+000,3.1209091487215299E+000,3.1218880126909259E+000,2.1760371282653068E-014
0.72,4.3173086517354058E+000,3.1302160217037303E+000,3.1311948856731262E+000,2.1316282072803006E-014
0.723,4.2804025701993664E+000,3.1394784809932785E+000,3.1404573449626745E+000,2.0872192862952943E-014
0.726,4.2414370847612828E+000,3.1486963949501270E+000,3.1496752589195229E+000,2.1760371282653068E-014
0.729,4.2005946801286358E+000,3.1578696325673121E+000,3.1588484965367081E+000,2.1760371282653068E-014
0.732,4.1580752925073616E+000,3.1669980634728239E+000,3.1679769274422198E+000,2.2204460492503131E-014
0.735,4.1140945372646067E+000,3.1760815579314521E+000,3.1770604219008480E+000,2.1760371282653068E-014
0.738,4.0688817974108575E+000,3.1851199868466349E+000,3.1860988508160308E+000,2.1760371282653068E-014
0.741,4.0226781898681701E+000,3.1941132217622910E+000,3.1950920857316869E+000,2.2204460492503131E-014
0.744,3.9757344275760191E+000,3.2030611348646452E+000,3.2040399988340411E+000,2.2648549702353193E-014
0.747,3.9283085964108349E+000,3.2119635989840463E+000,3.2129424629534422E+000,2.3092638912203256E-014
0.75,3.8806638666514108E+000,3.2208204875967734E+000,3.2217993515661694E+000,2.3536728122053319E-014
0.753,3.8330661593033493E+000,3.2296316748268339E+000,3.2306105387962298E+000,2.3092638912203256E-014
0.756,3.7857817879963807E+000,3.2383970354477545E+000,3.2393758994171504E+000,2.3092638912203256E-014
0.759,3.7390750973852120E+000,3.2471164448843584E+000,3.2480953088537543E+000,2.2648549702353193E-014
0.762,3.6932061190155916E+000,3.2557897792145374E+000,3.2567686431839333E+000,2.3092638912203256E-014
0.765,3.6484282654622611E+000,3.2644169151710121E+000,3.2653957791404080E+000,2.3980817331903381E-014
0.768,3.6049860832057568E+000,3.2729977301430839E+000,3.2739765941124799E+000,2.3980817331903381E-014
0.771,3.5631130841936534E+000,3.2815321021783785E+000,3.2825109661477745E+000,2.4424906541753444E-014
0.774,3.5230296753334347E+000,3.2900199099845784E+000,3.2909987739539743E+000,2.4424906541753444E-014
0.777,3.4849412042949317E+000,3.2984610329311468E+000,3.2994398969005427E+000,2.4424906541753444E-014
0.78,3.4490361389678883E+000,3.3068553510510426E+000,3.3078342150204385E+000,2.4868995751603507E-014
0.783,3.4154843967338899E+000,3.3152027450424235E+000,3.3161816090118195E+000,2.4868995751603507E-014
0.786,3.3844358383821311E+000,3.3235030962703447E+000,3.3244819602397406E+000,2.4868995751603507E-014
0.789,3.3560189400370906E+000,3.3317562867684418E+000,3.3327351507378378E+000,2.4424906541753444E-014
0.792,3.3303396548861590E+000,3.3399621992406101E+000,3.3409410632100061E+000,2.4424906541753444E-014
0.795,3.3281589400756686E+000,3.3377814844301197E+000,3.3387603483995156E+000,2.4424906541753444E-014
0.798,3.3269060200359255E+000,3.3365285643903766E+000,3.3375074283597725E+000,2.4424906541753444E-014
0.801,3.3265920157739006E+000,3.3362145601283517E+000,3.3371934240977477E+000,2.4424906541753444E-014
0.804,3.3272197144136539E+000,3.3368422587681050E+000,3.3378211227375010E+000,2.4424906541753444E-014
0.807,3.3287835444576221E+000,3.3384060888120732E+000,3.3393849527814692E+000,2.4424906541753444E-014
0.81,3.3312696252396243E+000,3.3408921695940754E+000,3.3418710335634714E+000,2.4424906541753444E-014
0.813,3.3346558901306409E+000,3.3442784344850920E+000,3.3452572984544879E+000,2.4424906541753444E-014
0.816,3.3389122824037725E+000,3.3485348267582236E+000,3.3495136907276195E+000,2.4424906541753444E-014
0.819,3.3440010220198766E+000,3.3536235663743277E+000,3.3546024303437236E+000,2.4424906541753444E-014
0.822,3.3498769409658689E+000,3.3594994853203199E+000,3.3604783492897159E+000,2.4424906541753444E-014
0.825,3.3564878841692054E+000,3.3661104285236565E+000,3.3670892924930524E+000,2.4424906541753444E-014
0.828,3.3637751724300000E+000,3.3733977167844511E+000,3.3743765807538471E+000,2.4424906541753444E-014
0.831,3.3716741232617551E+000,3.3812966676162062E+000,3.3822755315856021E+000,2.4424906541753444E-014
0.834,3.3814498462472846E+000,3.3890695587573441E+000,3.3900484227267400E+000,2.4424906541753444E-014
0.837,3.3932049941239821E+000,3.3965526861024862E+000,3.3975315500718821E+000,2.4424906541753444E-014
0.84,3.4062209827941579E+000,3.4039867511700308E+000,3.4049656151394267E+000,2.4424906541753444E-014
0.843,3.4202505221543116E+000,3.4113716483054572E+000,3.4123505122748532E+000,2.3980817331903381E-014
0.846,3.4350381971917892E+000,3.4187072725530312E+000,3.4196861365224271E+000,2.3536728122053319E-014
0.849,3.4503227369267204E+000,3.4259935196572950E+000,3.4269723836266910E+000,2.3536728122053319E-014
0.852,3.4658393353195285E+000,3.4332302860645485E+000,3.4342091500339444E+000,2.3536728122053319E-014
0.855,3.4813220035434389E+000,3.4404174689243230E+000,3.4413963328937189E+000,2.3536728122053319E-014
0.858,3.4965059327430299E+000,3.4475549660908409E+000,3.4485338300602368E+000,2.4424906541753444E-014
0.861,3.5111298463067824E+000,3.4546426761244673E+000,3.4556215400938632E+000,2.3536728122053319E-014
0.864,3.5249383207746696E+000,3.4616804982931559E+000,3.4626593622625519E+000,2.3536728122053319E-014
0.867,3.5376840547802146E+000,3.4686683325738752E+000,3.4696471965432711E+000,2.3980817331903381E-014
0.87,3.5491300658877072E+000,3.4756060796540313E+000,3.4765849436234273E+000,2.3980817331903381E-014
0.873,3.5590517958252690E+000,3.4824936409328817E+000,3.4834725049022777E+000,2.3980817331903381E-014
0.876,3.5672391054275443E+000,3.4893309185229358E+000,3.4903097824923317E+000,2.3980817331903381E-014
0.879,3.5734981415807372E+000,3.4961178152513441E+000,3.4970966792207401E+000,2.3536728122053319E-014
0.882,3.5776530595988376E+000,3.5028542346612817E+000,3.5038330986306776E+000,2.3536728122053319E-014
0.885,3.5795475857430765E+000,3.5095400810133168E+000,3.5105189449827128E+000,2.3092638912203256E-014
0.888,3.5790464060155540E+000,3.5161752592867748E+000,3.5171541232561707E+000,2.3092638912203256E-014
0.891,3.5760363688999828E+000,3.5227596751810846E+000,3.5237385391504805E+000,2.3092638912203256E-014
0.894,3.5704274913739136E+000,3.5292932351171218E+000,3.5302720990865177E+000,2.2648549702353193E-014
0.897,3.5621537592629831E+000,3.5357758462385376E+000,3.5367547102079335E+000,2.2648549702353193E-014
0.9,3.5511737148331588E+000,3.5422074164130795E+000,3.5431862803824754E+000,2.2648549702353193E-014
0.903,3.5374708264054466E+000,3.5335878542338977E+000,3.5345667182032936E+000,3.0000000000022009E-002
0.906,3.5229712823056105E+000,3.5239582462242005E+000,3.5249371101935965E+000,6.0000000000022258E-002
0.909,3.5107905674951199E+000,3.5117775314137099E+000,3.5127563953831058E+000,9.0000000000022062E-002
0.912,3.4977014140929215E+000,3.4986883780115114E+000,3.4996672419809074E+000,1.2000000000002231E-001
0.915,3.4837312416433064E+000,3.4847182055618964E+000,3.4856970695312923E+000,1.5000000000002256E-001
0.918,3.4689152896780007E+000,3.4699022535965907E+000,3.4708811175659866E+000,1.8000000000002236E-001
0.921,3.4532963049275884E+000,3.4542832688461784E+000,3.4552621328155744E+000,2.1000000000002217E-001
0.924,3.4369241618985038E+000,3.4379111258170938E+000,3.4388899897864897E+000,2.4000000000002197E-001
0.927,3.4198554201833815E+000,3.4208423841019715E+000,3.4218212480713674E+000,2.7000000000002222E-001
0.93,3.4021528224341084E+000,3.4031397863526984E+000,3.4041186503220944E+000,3.0000000000002247E-001
0.933,3.3838847374536032E+000,3.3848717013721932E+000,3.3858505653415891E+000,3.3000000000002228E-001
0.936,3.3651245533494825E+000,3.3661115172680725E+000,3.3670903812374684E+000,3.6000000000002208E-001
0.939,3.3459500261360215E+000,3.3469369900546115E+000,3.3479158540240075E+000,3.9000000000002233E-001
0.942,3.3264425895662675E+000,3.3274295534848575E+000,3.3284084174542534E+000,4.2000000000002302E-001
0.945,3.3066866323202802E+000,3.3076735962388701E+000,3.3086524602082661E+000,4.5000000000002238E-001
0.948,3.2867687489652377E+000,3.2877557128838277E+000,3.2887345768532237E+000,4.8000000000002219E-001
0.951,3.2667769713359243E+000,3.2677639352545143E+000,3.2687427992239102E+000,5.1000000000002199E-001
0.954,3.2467999871579338E+000,3.2477869510765238E+000,3.2487658150459198E+000,5.4000000000002180E-001
0.957,3.2269263528491394E+000,3.2279133167677294E+000,3.2288921807371254E+000,5.7000000000002160E-001
0.96,3.2072437074866582E+000,3.2082306714052482E+000,3.2092095353746442E+000,6.0000000000002141E-001
0.963,3.1878379949161997E+000,3.1888249588347897E+000,3.1898038228041856E+000,6.3000000000002165E-001
0.966,3.1687927009084049E+000,3.1697796648269949E+000,3.1707585287963909E+000,6.6000000000002146E-001
0.969,3.1501881121332391E+000,3.1511750760518291E+000,3.1521539400212251E+000,6.9000000000002171E-001
0.972,3.1321006035298216E+000,3.1330875674484115E+000,3.1340664314178075E+000,7.2000000000002107E-001
0.975,3.1146019603970627E+000,3.1155889243156527E+000,3.1165677882850487E+000,7.5000000000002132E-001
0.978,3.0977587412222665E+000,3.0987457051408565E+000,3.0997245691102524E+000,7.8000000000002112E-001
0.981,3.0816316869032860E+000,3.0826186508218760E+000,3.0835975147912720E+000,8.1000000000002093E-001
0.984,3.0662751816080149E+000,3.0672621455266049E+000,3.0682410094960009E+000,8.4000000000002162E-001
0.987,3.0517367700566611E+000,3.0527237339752511E+000,3.0537025979446470E+000,8.7000000000002231E-001
0.99,3.0380567355114456E+000,3.0390436994300356E+000,3.0400225633994316E+000,9.0000000000002256E-001
0.993,3.0252677422195160E+000,3.0262547061381060E+000,3.0272335701075019E+000,9.3000000000002281E-001
0.996,3.0133945454827749E+000,3.0143815094013648E+000,3.0153603733707608E+000,9.6000000000002350E-001
0.999,3.0024537719280677E+000,3.0034407358466577E+000,3.0044195998160537E+000,9.9000000000002331E-001
1.002,2.9929107185161850E+000,2.9932122625526003E+000,2.9941911265219963E+000,1.0200000000000198E+000
1.005,2.9865474164492967E+000,2.9828050739181067E+000,2.9837839378875026E+000,1.0500000000000165E+000
1.009,2.9825740114728410E+000,2.9688450209472719E+000,2.9698238849166678E+000,1.0900000000000114E+000
1.012,2.9829074202360313E+000,2.9583120466689747E+000,2.9592909106383707E+000,1.1200000000000081E+000
1.015,2.9859919151645000E+000,2.9477250578791638E+000,2.9487039218485598E+000,1.1500000000000050E+000
1.018,2.9917219031003821E+000,2.9370839918591809E+000,2.9380628558285768E+000,1.1800000000000015E+000
1.021,2.9999692677521272E+000,2.9263887866589258E+000,2.9273676506283217E+000,1.2099999999999977E+000
1.024,3.0105845079617590E+000,2.9156393810977361E+000,2.9166182450671321E+000,1.2399999999999942E+000
1.027,3.0233980657720845E+000,2.9048357147652561E+000,2.9058145787346521E+000,1.2699999999999907E+000
1.03,3.0382218325058239E+000,2.8939777280222958E+000,2.8949565919916918E+000,1.2999999999999874E+000
1.033,3.0548508194885735E+000,2.8830653620016786E+000,2.8840442259710746E+000,1.3299999999999845E+000
1.036,3.0730649785861379E+000,2.8720985586090775E+000,2.8730774225784734E+000,1.3599999999999819E+000
1.039,3.0926311563969930E+000,2.8610772605238401E+000,2.8620561244932361E+000,1.3899999999999781E+000
1.042,3.1133051647543222E+000,2.8500014111998069E+000,2.8509802751692028E+000,1.4199999999999751E+000
1.045,3.1348339491596762E+000,2.8388709548661097E+000,2.8398498188355057E+000,1.4499999999999720E+000
1.048,3.1569578359010855E+000,2.8276858365279680E+000,2.8286647004973640E+000,1.4799999999999685E+000
1.051,3.1794128379100228E+000,2.8164460019674693E+000,2.8174248659368653E+000,1.5099999999999651E+000
1.054,3.2019329988902534E+000,2.8051513977443392E+000,2.8061302617137351E+000,1.5399999999999616E+000
1.057,3.2242527549119111E+000,2.7938019711967028E+000,2.7947808351660988E+000,1.5699999999999588E+000
1.06,3.2461092925091024E+000,2.7823976704418296E+000,2.7833765344112256E+000,1.5999999999999557E+000
1.063,3.2672448823503908E+000,2.7709384443768741E+000,2.7719173083462700E+000,1.6299999999999517E+000
1.066,3.2874091677683213E+000,2.7594242426796027E+000,2.7604031066489987E+000,1.6599999999999488E+000
1.069,3.3063613878348201E+000,2.7478550158091037E+000,2.7488338797784997E+000,1.6899999999999451E+000
1.072,3.3238725152502870E+000,2.7362307150064984E+000,2.7372095789758943E+000,1.7199999999999416E+000
1.075,3.3397272900703086E+000,2.7245512922956281E+000,2.7255301562650240E+000,1.7499999999999378E+000
1.078,3.3537261312184792E+000,2.7128167004837400E+000,2.7137955644531360E+000,1.7799999999999341E+000
1.081,3.3656869088185961E+000,2.7010268931621564E+000,2.7020057571315523E+000,1.8099999999999312E+000
1.084,3.3754465616148677E+000,2.6891818247069326E+000,2.6901606886763285E+000,1.8399999999999279E+000
1.087,3.3828625451237895E+000,2.6772814502795077E+000,2.6782603142489037E+000,1.8699999999999244E+000
1.09,3.3878140976637789E+000,2.6653257258273415E+000,2.6663045897967375E+000,1.8999999999999209E+000
1.093,3.3902033130251827E+000,2.6533146080845409E+000,2.6542934720539368E+000,1.9299999999999180E+000
1.096,3.3899560102595578E+000,2.6412480545724719E+000,2.6422269185418679E+000,1.9599999999999147E+000
1.099,3.3870223928679017E+000,2.6291260236003673E+000,2.6301048875697632E+000,1.9899999999999116E+000
1.102,3.3813774915368167E+000,2.6169484742659161E+000,2.6179273382353121E+000,2.0199999999999081E+000
1.105,3.3730213864928462E+000,2.6047153664558480E+000,2.6056942304252440E+000,2.0499999999999048E+000
1.108,3.3619792075013324E+000,2.5924266608464994E+000,2.5934055248158954E+000,2.0799999999999015E+000
1.111,3.3483009115098032E+000,2.5800823189043758E+000,2.5810611828737717E+000,2.1099999999998982E+000
1.114,3.3320608399095257E+000,2.5676823028866984E+000,2.5686611668560944E+000,2.1399999999998949E+000
1.117,3.3133570593449955E+000,2.5552265758419392E+000,2.5562054398113352E+000,2.1699999999998916E+000
1.12,3.2923104919223780E+000,2.5427151016103484E+000,2.5436939655797444E+000,2.1999999999998883E+000
1.123,3.2690638425372169E+000,2.5301478448244654E+000,2.5311267087938614E+000,2.2299999999998850E+000
1.126,3.2437803328425234E+000,2.5175247709096253E+000,2.5185036348790213E+000,2.2599999999998817E+000
1.129,3.2166422530946188E+000,2.5048458460844465E+000,2.5058247100538424E+000,2.2899999999998784E+000
1.132,3.1878493447306471E+000,2.4921110373613127E+000,2.4930899013307086E+000,2.3199999999998746E+000
1.135,3.1576170280341018E+000,2.4793203125468426E+000,2.4802991765162385E+000,2.3499999999998713E+000
1.138,3.1261744906197246E+000,2.4664736402423455E+000,2.4674525042117414E+000,2.3799999999998680E+000
1.141,3.0937626537045144E+000,2.4535709898442684E+000,2.4545498538136643E+000,2.4099999999998651E+000
1.144,3.0606320342163569E+000,2.4406123315446306E+000,2.4415911955140266E+000,2.4399999999998618E+000
1.147,3.0270405217163474E+000,2.4371585334010919E+000,2.4381373973704878E+000,2.4508782058605694E+000
1.15,2.9932510898669893E+000,2.4384446931728894E+000,2.4394235571422853E+000,2.4521643656323668E+000
1.153,2.9595294627594324E+000,2.4396934579127625E+000,2.4406723218821584E+000,2.4534131303722400E+000
1.156,2.9261417568135921E+000,2.4409048098730004E+000,2.4418836738423964E+000,2.4546244823324779E+000
1.159,2.8933521191818001E+000,2.4420787318376105E+000,2.4430575958070064E+000,2.4557984042970880E+000
1.162,2.8614203836176761E+000,2.4432152071225630E+000,2.4441940710919590E+000,2.4569348795820405E+000
1.165,2.8305997646168914E+000,2.4443142195760292E+000,2.4452930835454252E+000,2.4580338920355067E+000
1.168,2.8011346102967853E+000,2.4453757535786087E+000,2.4463546175480047E+000,2.4590954260380862E+000
1.171,2.7732582339604273E+000,2.4463997940435545E+000,2.4473786580129504E+000,2.4601194665030319E+000
1.174,2.7471908435923114E+000,2.4473863264169844E+000,2.4483651903863803E+000,2.4611059988764619E+000
1.177,2.7231375876636208E+000,2.4483353366780891E+000,2.4493142006474851E+000,2.4620550091375666E+000
1.18,2.7012867345926255E+000,2.4492468113393322E+000,2.4502256753087281E+000,2.4629664837988097E+000
1.183,2.6818080020194470E+000,2.4501207374466420E+000,2.4510996014160380E+000,2.4638404099061195E+000
1.186,2.6648510507246610E+000,2.4509571025795935E+000,2.4519359665489895E+000,2.4646767750390710E+000
1.189,2.6505441565598189E+000,2.4517558948515878E+000,2.4527347588209838E+000,2.4654755673110653E+000
1.192,2.6389930721779185E+000,2.4525171029100168E+000,2.4534959668794127E+000,2.4662367753694943E+000
1.195,2.6302800886671878E+000,2.4532407159364307E+000,2.4542195799058266E+000,2.4669603883959081E+000
1.198,2.6244633054171724E+000,2.4539267236466857E+000,2.4549055876160817E+000,2.4676463961061632E+000
1.201,2.6215761146978522E+000,2.4545751162910943E+000,2.4555539802604902E+000,2.4682947887505717E+000
1.204,2.6216269055266896E+000,2.4551858846545618E+000,2.4561647486239577E+000,2.4689055571140393E+000
1.207,2.6245989894521049E+000,2.4557590200567176E+000,2.4567378840261136E+000,2.4694786925161951E+000
1.21,2.6304507489121263E+000,2.4562945143520389E+000,2.4572733783214349E+000,2.4700141868115164E+000
1.213,2.6391160068513715E+000,2.4567923599299668E+000,2.4577712238993628E+000,2.4705120323894443E+000
1.216,2.6505046143156052E+000,2.4572525497150126E+000,2.4582314136844086E+000,2.4709722221744901E+000
1.219,2.6645032508083464E+000,2.4576750771668618E+000,2.4586539411362578E+000,2.4713947496263393E+000
1.222,2.6809764303054946E+000,2.4580599362804643E+000,2.4590388002498602E+000,2.4717796087399417E+000
1.225,2.6997677039985195E+000,2.4584071215861196E+000,2.4593859855555156E+000,2.4721267940455971E+000
1.228,2.7207010490905752E+000,2.4587166281495563E+000,2.4596954921189522E+000,2.4724363006090337E+000
1.231,2.7435824313184889E+000,2.4589884515720013E+000,2.4599673155413972E+000,2.4727081240314788E+000
1.234,2.7682015273315583E+000,2.4592225879902414E+000,2.4602014519596374E+000,2.4729422604497189E+000
1.237,2.7943335916392109E+000,2.4594190340766802E+000,2.4603978980460761E+000,2.4731387065361576E+000
1.24,2.8217414515563526E+000,2.4595777870393842E+000,2.4605566510087802E+000,2.4732974594988617E+000
1.243,2.8501776124391371E+000,2.4596988446221220E+000,2.4606777085915179E+000,2.4734185170815994E+000
1.246,2.8793864545249290E+000,2.4597822051043976E+000,2.4607610690737935E+000,2.4735018775638751E+000
1.249,2.9091065018771531E+000,2.4598278673014735E+000,2.4608067312708695E+000,2.4735475397609510E+000
1.252,2.9390681401932142E+000,2.4598373649318903E+000,2.4608162289012863E+000,2.4735570373913678E+000
1.255,2.9689251741366718E+000,2.4598373649318908E+000,2.4608162289012867E+000,2.4735570373913682E+000
1.258,2.9983840976692995E+000,2.4598373649318912E+000,2.4608162289012872E+000,2.4735570373913687E+000
1.261,3.0271834313003110E+000,2.4598373649318912E+000,2.4608162289012872E+000,2.4735570373913687E+000
1.264,3.0550675501055822E+000,2.4598373649318908E+000,2.4608162289012867E+000,2.4735570373913682E+000
1.267,3.0817889526725741E+000,2.4598373649318908E+000,2.4608162289012867E+000,2.4735570373913682E+000
1.27,3.1071104579403914E+000,2.4598373649318912E+000,2.4608162289012872E+000,2.4735570373913687E+000
1.273,3.1308073104356700E+000,2.4598373649318912E+000,2.4608162289012872E+000,2.4735570373913687E+000
1.276,3.1526691752180711E+000,2.4598373649318912E+000,2.4608162289012872E+000,2.4735570373913687E+000
1.279,3.1725020048281007E+000,2.4598373649318912E+000,2.4608162289012872E+000,2.4735570373913687E+000
1.282,3.1901297616660975E+000,2.4598373649318912E+000,2.4608162289012872E+000,2.4735570373913687E+000
1.285,3.2053959805144316E+000,2.4598373649318912E+000,2.4608162289012872E+000,2.4735570373913687E+000
1.288,3.2181651573338508E+000,2.4598373649318912E+000,2.4608162289012872E+000,2.4735570373913687E+000
1.291,3.2283239520069267E+000,2.4598373649318912E+000,2.4608162289012872E+000,2.4735570373913687E+000
1.294,3.2357821943529612E+000,2.4598373649318912E+000,2.4608162289012872E+000,2.4735570373913687E+000
1.297,3.2404736844848929E+000,2.4598373649318912E+000,2.4608162289012872E+000,2.4735570373913687E+000
1.3,3.2423567804041826E+000,2.4598373649318912E+000,2.4608162289012872E+000,2.4735570373913687E+000
1.303,3.2414147676181391E+000,2.4598373649318908E+000,2.4608162289012867E+000,2.4735570373913682E+000
1.306,3.2376560074989400E+000,2.4598373649318912E+000,2.4608162289012872E+000,2.4735570373913687E+000
1.309,3.2311138630674998E+000,2.4598373649318908E+000,2.4608162289012867E+000,2.4735570373913682E+000
1.312,3.2218464028609368E+000,2.4598373649318912E+000,2.4608162289012872E+000,2.4735570373913687E+000
1.315,3.2099358855121221E+000,2.4598373649318912E+000,2.4608162289012872E+000,2.4735570373913687E+000
1.318,3.1954880296162358E+000,2.4598373649318912E+000,2.4608162289012872E+000,2.4735570373913687E+000
1.321,3.1786310753650286E+000,2.4598373649318912E+000,2.4608162289012872E+000,2.4735570373913687E+000
1.324,3.1595146462778034E+000,2.4598373649318912E+000,2.4608162289012872E+000,2.4735570373913687E+000
1.327,3.1383084211324630E+000,2.4598373649318912E+000,2.4608162289012872E+000,2.4735570373913687E+000
1.33,3.1152006278846676E+000,2.4598373649318912E+000,2.4608162289012872E+000,2.4735570373913687E+000
1.333,3.0903963729431743E+000,2.4598373649318912E+000,2.4608162289012872E+000,2.4735570373913687E+000
1.336,3.0641158206308319E+000,2.4598373649318912E+000,2.4608162289012872E+000,2.4735570373913687E+000
1.339,3.0365922389904663E+000,2.4598373649318912E+000,2.4608162289012872E+000,2.4735570373913687E+000
1.342,3.0080699292812172E+000,2.4598373649318916E+000,2.4608162289012876E+000,2.4735570373913691E+000
1.345,2.9788020575432674E+000,2.4598373649318921E+000,2.4608162289012880E+000,2.4735570373913696E+000
1.348,2.9490484074781480E+000,2.4598373649318916E+000,2.4608162289012876E+000,2.4735570373913691E+000
1.351,2.9190730745902123E+000,2.4598373649318916E+000,2.4608162289012876E+000,2.4735570373913691E+000
1.354,2.8891421220562425E+000,2.4598373649318916E+000,2.4608162289012876E+000,2.4735570373913691E+000
1.357,2.8595212191298574E+000,2.4598373649318921E+000,2.4608162289012880E+000,2.4735570373913696E+000
1.36,2.8304732830424082E+000,2.4598373649318921E+000,2.4608162289012880E+000,2.4735570373913696E+000
1.363,2.8022561453310222E+000,2.4598373649318916E+000,2.4608162289012876E+000,2.4735570373913691E+000
1.366,2.7751202633076257E+000,2.4598373649318916E+000,2.4608162289012876E+000,2.4735570373913691E+000
1.369,2.7493064969821108E+000,2.4598373649318912E+000,2.4608162289012872E+000,2.4735570373913687E+000
1.372,2.7250439711718393E+000,2.4598373649318916E+000,2.4608162289012876E+000,2.4735570373913691E+000
1.375,2.7025480417735399E+000,2.4598373649318916E+000,2.4608162289012876E+000,2.4735570373913691E+000
1.378,2.6820183842491252E+000,2.4598373649318916E+000,2.4608162289012876E+000,2.4735570373913691E+000
1.381,2.6636372212921549E+000,2.4598373649318916E+000,2.4608162289012876E+000,2.4735570373913691E+000
1.384,2.6475677054063085E+000,2.4598373649318916E+000,2.4608162289012876E+000,2.4735570373913691E+000
1.387,2.6339524707522113E+000,2.4598373649318916E+000,2.4608162289012876E+000,2.4735570373913691E+000
1.39,2.6229123671165282E+000,2.4598373649318916E+000,2.4608162289012876E+000,2.4735570373913691E+000
1.393,2.6145453872407001E+000,2.4598373649318916E+000,2.4608162289012876E+000,2.4735570373913691E+000
1.396,2.6089257970304360E+000,2.4598373649318916E+000,2.4608162289012876E+000,2.4735570373913691E+000
1.399,2.6061034763662740E+000,2.4598373649318916E+000,2.4608162289012876E+000,2.4735570373913691E+000
1.402,2.6061034763662327E+000,2.4598373649318912E+000,2.4608162289012872E+000,2.4735570373913687E+000
1.405,2.6089257970303121E+000,2.4598373649318912E+000,2.4608162289012872E+000,2.4735570373913687E+000
1.408,2.6145453872404953E+000,2.4598373649318908E+000,2.4608162289012867E+000,2.4735570373913682E+000
1.411,2.6229123671162444E+000,2.4598373649318908E+000,2.4608162289012867E+000,2.4735570373913682E+000
1.414,2.6339524707518516E+000,2.4598373649318912E+000,2.4608162289012872E+000,2.4735570373913687E+000
1.417,2.6475677054058755E+000,2.4598373649318912E+000,2.4608162289012872E+000,2.4735570373913687E+000
1.42,2.6636372212916526E+000,2.4598373649318916E+000,2.4608162289012876E+000,2.4735570373913691E+000
1.423,2.6820183842485577E+000,2.4598373649318912E+000,2.4608162289012872E+000,2.4735570373913687E+000
1.426,2.7025480417729120E+000,2.4598373649318908E+000,2.4608162289012867E+000,2.4735570373913682E+000
1.429,2.7250439711711567E+000,2.4598373649318903E+000,2.4608162289012863E+000,2.4735570373913678E+000
1.432,2.7493064969813803E+000,2.4598373649318908E+000,2.4608162289012867E+000,2.4735570373913682E+000
1.435,2.7751202633068530E+000,2.4598373649318908E+000,2.4608162289012867E+000,2.4735570373913682E+000
1.438,2.8022561453302148E+000,2.4598373649318912E+000,2.4608162289012872E+000,2.4735570373913687E+000
1.441,2.8304732830415729E+000,2.4598373649318912E+000,2.4608162289012872E+000,2.4735570373913687E+000
1.444,2.8595212191290016E+000,2.4598373649318912E+000,2.4608162289012872E+000,2.4735570373913687E+000
1.447,2.8891421220553744E+000,2.4598373649318912E+000,2.4608162289012872E+000,2.4735570373913687E+000
1.45,2.9190730745893392E+000,2.4598373649318916E+000,2.4608162289012876E+000,2.4735570373913691E+000
1.453,2.9490484074772776E+000,2.4598373649318916E+000,2.4608162289012876E+000,2.4735570373913691E+000
1.456,2.9788020575424068E+000,2.4598373649318912E+000,2.4608162289012872E+000,2.4735570373913687E+000
1.459,3.0080699292803748E+000,2.4598373649318916E+000,2.4608162289012876E+000,2.4735570373913691E+000
1.462,3.0365922389896491E+000,2.4598373649318912E+000,2.4608162289012872E+000,2.4735570373913687E+000
1.465,3.0641158206300481E+000,2.4598373649318921E+000,2.4608162289012880E+000,2.4735570373913696E+000
1.468,3.0903963729424300E+000,2.4598373649318921E+000,2.4608162289012880E+000,2.4735570373913696E+000
1.471,3.1152006278839695E+000,2.4598373649318916E+000,2.4608162289012876E+000,2.4735570373913691E+000
1.474,3.1383084211318173E+000,2.4598373649318916E+000,2.4608162289012876E+000,2.4735570373913691E+000
1.477,3.1595146462772159E+000,2.4598373649318916E+000,2.4608162289012876E+000,2.4735570373913691E+000
1.48,3.1786310753645051E+000,2.4598373649318916E+000,2.4608162289012876E+000,2.4735570373913691E+000
1.483,3.1954880296157802E+000,2.4598373649318916E+000,2.4608162289012876E+000,2.4735570373913691E+000
1.486,3.2099358855117388E+000,2.4598373649318921E+000,2.4608162289012880E+000,2.4735570373913696E+000
1.489,3.2218464028606291E+000,2.4598373649318921E+000,2.4608162289012880E+000,2.4735570373913696E+000
1.492,3.2311138630672707E+000,2.4598373649318921E+000,2.4608162289012880E+000,2.4735570373913696E+000
1.495,3.2376560074987903E+000,2.4598373649318916E+000,2.4608162289012876E+000,2.4735570373913691E+000
1.498,3.2414147676180711E+000,2.4598373649318916E+000,2.4608162289012876E+000,2.4735570373913691E+000
1.5,3.2423567804041795E+000,2.4598373649318912E+000,2.4608162289012872E+000,2.4735570373913687E+000
