"time","Out1","Out2[1]","Out2[2]","Out3","Out4","Out5"
0,0.0000000000000000E+000,0.0000000000000000E+000,0.0000000000000000E+000,0.0000000000000000E+000,0.0000000000000000E+000,0.0000000000000000E+000
0.02,1.8999398340944387E-004,1.1399794611756418E-006,1.8999398340944387E-004,1.9189995677325593E-002,1.8885883342799833E-004,1.8772368344655279E-004
0.04,7.7989860527096454E-004,9.8792489824985435E-006,7.7989860527096454E-004,3.9779984153425499E-002,7.7011008761127399E-004,7.6032156995158333E-004
0.06,1.7694779116011069E-003,3.4214045642926634E-005,1.7694779116011069E-003,6.0769961172040740E-002,1.7357460339573528E-003,1.7020141563135983E-003
0.08,3.1583360838715532E-003,8.2134368518499797E-005,3.1583360838715532E-003,8.2159928519490777E-002,3.0777592313701789E-003,2.9971823788688041E-003
0.1,4.9459175973312602E-003,1.6162078278924135E-004,4.9459175973312602E-003,1.0394989754638041E-001,4.7881426774868561E-003,4.6303677576424529E-003
0.12,7.1315074432089448E-003,2.8064122761949220E-004,7.1315074432089448E-003,1.2613989258657093E-001,6.8588900201952087E-003,6.5862725971814751E-003
0.14,9.7142314147070606E-003,4.4714782908848266E-004,9.7142314147070606E-003,1.4872995444008275E-001,9.2819958281498607E-003,8.8497602415926607E-003
0.16,1.2693056456672873E-002,6.6907371944592781E-004,1.2693056456672873E-002,1.7172014391993223E-001,1.2049455919004642E-002,1.1405855381336408E-002
0.18,1.6066791078806739E-002,9.5432986396490219E-004,1.6066791078806739E-002,1.9511054546290749E-001,1.5153267744079312E-002,1.4239744409351888E-002
0.2,1.9834085832242321E-002,1.3108018966612065E-003,1.9834085832242321E-002,2.1890127080429217E-001,1.8585430828178824E-002,1.7336775824115327E-002
0.22,2.3993433849308188E-002,1.7463469661449041E-003,2.3993433849308188E-002,2.4309246271654891E-001,2.2337947263283611E-002,2.0682460677259037E-002
0.24,2.8543171446254734E-002,2.2687905928656356E-003,2.8543171446254734E-002,2.6768429881197875E-001,2.6402822254829744E-002,2.4262473063404760E-002
0.26,3.3481478788705540E-002,2.8859235390087789E-003,3.3481478788705540E-002,2.9267699540937858E-001,3.0772064719298300E-002,2.8062650649891066E-002
0.28,3.8806380619566858E-002,3.6054986922944531E-003,3.8806380619566858E-002,3.1807081146472321E-001,3.5437687931833661E-002,3.2068995244100486E-002
0.3,4.4515747049104069E-002,4.4352279649257928E-003,4.4515747049104069E-002,3.4386605256590441E-001,4.0391710222611288E-002,3.6267673396118492E-002
0.32,5.0607294406869258E-002,5.3827792089269017E-003,5.0607294406869258E-002,3.7006307499156854E-001,4.5626155720675847E-002,4.0645017034482436E-002
0.34,5.7078586155138854E-002,6.4557731491042712E-003,5.7078586155138854E-002,3.9666228983409851E-001,5.1133055143972213E-002,4.5187524132805579E-002
0.36,6.3927033863496255E-002,7.6617803348584673E-003,6.3927033863496255E-002,4.2366416718679600E-001,5.6904446634291492E-002,4.9881859405086729E-002
0.38,7.1149898244169577E-002,9.0083181120653201E-003,7.1149898244169577E-002,4.5106924039532870E-001,6.2932376635856824E-002,5.4714855027544057E-002
0.4,7.8744290247710069E-002,1.0502847616237784E-002,7.8744290247710069E-002,4.7887811037351502E-001,6.9208900816273580E-002,5.9673511384837008E-002
0.42,8.6707172218573603E-002,1.2152770788171226E-002,8.6707172218573603E-002,5.0709144998353095E-001,7.5726085028570811E-002,6.4744997838567936E-002
0.44,9.5035359110142145E-002,1.3965427413265809E-002,9.5035359110142145E-002,5.3571000848063244E-001,8.2476006313062150E-002,6.9916653515982030E-002
0.46,1.0372551975870012E-001,1.5948092185710163E-002,1.0372551975870012E-001,5.6473461602250041E-001,8.9450753937755159E-002,7.5175988116810102E-002
0.48,1.1277417821585528E-001,1.8107971798700738E-002,1.1277417821585528E-001,5.9416618824332568E-001,9.6642430476041610E-002,8.0510682736227857E-002
0.5,1.2217771513887196E-001,2.0452202061860582E-002,1.2217771513887196E-001,6.2400573089276423E-001,1.0404315292040141E-001,8.5908590701930743E-002
0.52,1.3193236923835985E-001,2.2987845047010680E-002,1.3193236923835985E-001,6.5425434453990916E-001,1.1164505383085596E-001,9.1357738423352000E-002
0.54,1.4203423878273938E-001,2.5721886263435335E-002,1.4203423878273938E-001,6.8491322934243715E-001,1.1944028251690933E-001,9.6846326251079182E-002
0.56,1.5247928315888265E-001,2.8661231863771616E-002,1.5247928315888265E-001,7.1598368988110273E-001,1.2742100625171690E-001,1.0236272934455107E-001
0.58,1.6326332448830461E-001,3.1812705881640368E-002,1.6326332448830461E-001,7.4746714005977277E-001,1.3557941151722561E-001,1.0789549854614647E-001
0.6,1.7438204929825879E-001,3.5183047502123803E-002,1.7438204929825879E-001,7.7936510807120574E-001,1.4390770527903068E-001,1.1343336125980241E-001
0.62,1.8583101024706883E-001,3.8778908366181274E-002,1.8583101024706883E-001,8.1167924142880066E-001,1.5239811628969921E-001,1.1896522233232940E-001
0.64,1.9760562790300601E-001,4.2606849910081547E-002,1.9760562790300601E-001,8.4441131206455855E-001,1.6104289641931216E-001,1.2448016493561812E-001
0.66,2.0970119257600081E-001,4.6673340740915850E-002,2.0970119257600081E-001,8.7756322149351695E-001,1.6983432201198101E-001,1.2996745144796101E-001
0.68,2.2211286620145609E-001,5.0984754049241243E-002,2.2211286620145609E-001,9.1113700604493952E-001,1.7876469526709832E-001,1.3541652433274035E-001
0.7,2.3483568427540841E-001,5.5547365059889380E-002,2.3483568427540841E-001,9.4513484216056232E-001,1.8782634564408657E-001,1.4081700701276462E-001
0.72,2.4786455784026346E-001,6.0367348521960282E-002,2.4786455784026346E-001,9.7955905176022084E-001,1.9701163128941238E-001,1.4615870473856118E-001
0.74,2.6119427552031138E-001,6.5450776239004915E-002,2.6119427552031138E-001,1.0144121076752024E+000,2.0631294048463822E-001,1.5143160544896489E-001
0.76,2.7481950560620727E-001,7.0803614640384885E-002,2.7481950560620727E-001,1.0496966391496947E+000,2.1572269311428810E-001,1.5662588062236882E-001
0.78,2.8873479818758413E-001,7.6431722394780091E-002,2.8873479818758413E-001,1.0854154374107217E+000,2.2523334215231028E-001,1.6173188611703634E-001
0.8,3.0293458733294415E-001,8.2340848066799463E-002,3.0293458733294415E-001,1.1215714613069880E+000,2.3483737516592096E-001,1.6674016299889777E-001
0.82,3.1741319331595702E-001,8.8536627817631733E-002,3.1741319331595702E-001,1.1581678430170732E+000,2.4452731583562348E-001,1.7164143835528978E-001
0.84,3.3216482488727528E-001,9.5024583150656067E-002,3.3216482488727528E-001,1.1952078938274457E+000,2.5429572549019841E-001,1.7642662609312132E-001
0.86,3.4718358159095619E-001,1.0181011870291443E-001,3.4718358159095619E-001,1.2326951099808006E+000,2.6413520465546969E-001,1.8108682771998288E-001
0.88,3.6246345612456560E-001,1.0889852008332879E-001,3.6246345612456560E-001,1.2706331785952414E+000,2.7403839461565394E-001,1.8561333310674197E-001
0.9,3.7799833674201910E-001,1.1629495175852797E-001,3.7799833674201910E-001,1.3090259836548666E+000,2.8399797898611107E-001,1.8999762123020281E-001
0.92,3.9378200969819860E-001,1.2400445498712988E-001,3.9378200969819860E-001,1.3478776120723481E+000,2.9400668529631552E-001,1.9423136089443230E-001
0.94,4.0980816173436790E-001,1.3203194580330532E-001,4.0980816173436790E-001,1.3871923598241174E+000,3.0405728658187947E-001,1.9830641142939107E-001
0.96,4.2607038260339158E-001,1.4038221305042989E-001,4.2607038260339158E-001,1.4269747381588131E+000,3.1414260298446223E-001,2.0221482336553287E-001
0.98,4.4256216763374884E-001,1.4905991646561040E-001,4.4256216763374884E-001,1.4672294798796739E+000,3.2425550335840964E-001,2.0594883908307038E-001
1,4.5927692033131484E-001,1.5806958481585218E-001,4.5927692033131484E-001,1.5079615457015922E+000,3.3438890688297457E-001,2.0950089343463418E-001
1.021,4.7706006303981874E-001,1.6789182204162945E-001,4.7706006303981874E-001,1.5512496225241865E+000,3.4504335691624616E-001,2.1302665079267358E-001
1.041,4.9421090373252696E-001,1.7759561422296902E-001,4.9421090373252696E-001,1.5929767074345420E+000,3.5519687649458154E-001,2.1618284925663594E-001
1.061,5.1156405328664523E-001,1.8764435662538195E-001,5.1156405328664523E-001,1.6351977215491407E+000,3.6534963036372609E-001,2.1913520744080670E-001
1.081,5.2911257067372430E-001,1.9804202961855896E-001,5.2911257067372430E-001,1.6779186152019254E+000,3.7549475807955929E-001,2.2187694548539402E-001
1.101,5.4684943672078634E-001,2.0879247400460693E-001,5.4684943672078634E-001,1.7211455999106220E+000,3.8562545770915585E-001,2.2440147869752530E-001
1.121,5.6476755691790059E-001,2.1989938948177892E-001,5.6476755691790059E-001,1.7648851552029354E+000,3.9573498745272701E-001,2.2670241798755308E-001
1.141,5.8285976425589370E-001,2.3136633316464456E-001,5.8285976425589370E-001,1.8091440355235417E+000,4.0581666726327426E-001,2.2877357027065454E-001
1.161,6.0111882209305667E-001,2.4319671816129154E-001,6.0111882209305667E-001,1.8539292772229041E+000,4.1586388046288197E-001,2.3060893883270725E-001
1.181,6.1953742704970516E-001,2.5539381220812774E-001,6.1953742704970516E-001,1.8992482056289934E+000,4.2587007535457416E-001,2.3220272365944317E-001
1.201,6.3810821192943468E-001,2.6796073636283035E-001,6.3810821192943468E-001,1.9451084422030367E+000,4.3582876682868005E-001,2.3354932172792511E-001
1.221,6.5682374866590076E-001,2.8090046375596467E-001,6.5682374866590076E-001,1.9915179117804584E+000,4.4573353796265763E-001,2.3464332725941414E-001
1.241,6.7567655129394599E-001,2.9421581840177102E-001,6.7567655129394599E-001,2.0384848498982304E+000,4.5557804161333970E-001,2.3547953193273299E-001
1.261,6.9465907894388634E-001,3.0790947406859687E-001,6.9465907894388634E-001,2.0860178102098961E+000,4.6535600200057209E-001,2.3605292505725747E-001
1.281,7.1376373885775890E-001,3.2198395320942552E-001,7.1376373885775890E-001,2.1341256719895818E+000,4.7506121628123138E-001,2.3635869370470344E-001
1.301,7.3298288942632372E-001,3.3644162595292815E-001,7.3298288942632372E-001,2.1828176477263623E+000,4.8468755611261516E-001,2.3639222279890634E-001
1.321,7.5230884324560499E-001,3.5128470915544391E-001,7.5230884324560499E-001,2.2321032908103886E+000,4.9422896920421350E-001,2.3614909516282173E-001
1.341,7.7173387019175088E-001,3.6651526551426716E-001,7.7173387019175088E-001,2.2819925033122592E+000,5.0367948085688019E-001,2.3562509152200894E-001
1.361,7.9125020051298012E-001,3.8213520274259627E-001,7.9125020051298012E-001,2.3324955438571506E+000,5.1303319548843573E-001,2.3481619046389068E-001
1.381,8.1085002793737837E-001,3.9814627280647291E-001,8.1085002793737837E-001,2.3836230355952890E+000,5.2228429814474453E-001,2.3371856835211002E-001
1.401,8.3052551279530340E-001,4.1455007122401971E-001,8.3052551279530340E-001,2.4353859742704005E+000,5.3142705599532425E-001,2.3232859919534427E-001
1.421,8.5026878515514859E-001,4.3134803642725456E-001,8.5026878515514859E-001,2.4877957363878371E+000,5.4045581981255519E-001,2.3064285446996108E-001
1.441,8.7007194797120979E-001,4.4854144918673627E-001,8.7007194797120979E-001,2.5408640874841275E+000,5.4936502543357402E-001,2.2865810289593747E-001
1.461,8.8992708024239919E-001,4.6613143209927355E-001,8.8992708024239919E-001,2.5946031904997717E+000,5.5814919520394413E-001,2.2637131016548845E-001
1.481,9.0982624018054015E-001,4.8411894913890180E-001,9.0982624018054015E-001,2.6490256142571593E+000,5.6680293940221815E-001,2.2377963862389577E-001
1.501,9.2976146838697593E-001,5.0250480527130581E-001,9.2976146838697593E-001,2.7041443420455455E+000,5.7532095764450875E-001,2.2088044690204139E-001
1.521,9.4972479103622331E-001,5.2128964613184425E-001,9.4972479103622331E-001,2.7599727803150955E+000,5.8369804026821026E-001,2.1767128950019682E-001
1.541,9.6970822306539695E-001,5.4047395776730434E-001,9.6970822306539695E-001,2.8165247674820719E+000,5.9192906969402093E-001,2.1414991632264468E-001
1.561,9.8970377136812715E-001,5.6005806644148970E-001,9.8970377136812715E-001,2.8738145828472961E+000,6.0000902176543280E-001,2.1031427216273835E-001
1.581,1.0097034379916967E+000,5.8004213850471831E-001,1.0097034379916967E+000,2.9318569556301020E+000,6.0793296706486810E-001,2.0616249613803966E-001
1.601,1.0296992233361153E+000,6.0042618032728645E-001,1.0296992233361153E+000,2.9906670741200516E+000,6.1569607220566147E-001,2.0169292107520881E-001
1.621,1.0496831293538511E+000,6.2121003829691857E-001,1.0496831293538511E+000,3.0502605949487736E+000,6.2329360109909604E-001,1.9690407284434203E-001
1.641,1.0696471627489463E+000,6.4239339888021219E-001,1.0696471627489463E+000,3.1106536524843369E+000,6.3072091619571902E-001,1.9179466964249314E-001
1.661,1.0895833381742264E+000,6.6397578874804453E-001,1.0895833381742264E+000,3.1718628683506771E+000,6.3797347970018481E-001,1.8636362122614536E-001
1.681,1.1094836814253328E+000,6.8595657496490048E-001,1.1094836814253328E+000,3.2339053610746231E+000,6.4504685475887635E-001,1.8061002809242227E-001
1.701,1.1293402326302999E+000,7.0833496524203632E-001,1.1293402326302999E+000,3.2967987558632084E+000,6.5193670661958136E-001,1.7453318060886575E-001
1.721,1.1491450494333957E+000,7.3111000825438621E-001,1.1491450494333957E+000,3.3605611945139717E+000,6.5863880376251493E-001,1.6813255809163719E-001
1.741,1.1688902101719605E+000,7.5428059402107916E-001,1.1688902101719605E+000,3.4252113454610855E+000,6.6514901900199175E-001,1.6140782783202656E-001
1.761,1.1885678170449641E+000,7.7784545434941510E-001,1.1885678170449641E+000,3.4907684139601844E+000,6.7146333055807184E-001,1.5435884407118394E-001
1.781,1.2081699992720203E+000,8.0180316334212720E-001,1.2081699992720203E+000,3.5572521524148986E+000,6.7757782309752079E-001,1.4698564692302518E-001
1.801,1.2276889162415989E+000,8.2615213796772036E-001,1.2276889162415989E+000,3.6246828708481242E+000,6.8348868874343871E-001,1.3928846124528205E-001
1.821,1.2471167606471605E+000,8.5089063869366310E-001,1.2471167606471605E+000,3.6930814475212310E+000,6.8919222805293145E-001,1.3126769545870620E-001
1.841,1.2664457616099769E+000,8.7601677018217794E-001,1.2664457616099769E+000,3.7624693397044076E+000,6.9468485096221699E-001,1.2292394031446063E-001
1.861,1.2856681877873806E+000,9.0152848204835012E-001,1.2856681877873806E+000,3.8328685946014893E+000,6.9996307769857136E-001,1.1425796760976570E-001
1.881,1.3047763504651955E+000,9.2742356968025497E-001,1.3047763504651955E+000,3.9043018604327142E+000,7.0502353965854092E-001,1.0527072885189037E-001
1.901,1.3237626066331221E+000,9.5369967512077303E-001,1.3237626066331221E+000,3.9767923976788948E+000,7.0986298025186745E-001,9.5963353870616608E-002
1.921,1.3426193620418410E+000,9.8035428801074220E-001,1.3426193620418410E+000,4.0503640904906515E+000,7.1447825571058021E-001,8.6337149379323241E-002
1.941,1.3613390742406077E+000,1.0073847465930668E+000,1.3613390742406077E+000,4.1250414582663959E+000,7.1886633586273874E-001,7.6393597484873399E-002
1.961,1.3799142555941362E+000,1.0347882387773855E+000,1.3799142555941362E+000,4.2008496674029017E+000,7.2302430487032354E-001,6.6134354146514585E-002
1.981,1.3983374762775511E+000,1.0625618032648689E+000,1.3983374762775511E+000,4.2778145432223509E+000,7.2694936193078497E-001,5.5561247584022810E-002
2.001,1.4166013672482178E+000,1.0907023307327031E+000,1.4166013672482178E+000,4.3559625820799042E+000,7.3063882194178875E-001,4.4676276635362888E-002
2.021,1.4346986231932646E+000,1.1192065650777723E+000,1.4346986231932646E+000,4.4353209636558857E+000,7.3409011612870656E-001,3.3481609064151985E-002
2.041,1.4526220054516059E+000,1.1480711047190595E+000,1.4526220054516059E+000,4.5159175634368474E+000,7.3730079263442327E-001,2.1979579817244410E-002
2.061,1.4703643449093138E+000,1.1772924039582349E+000,1.4703643449093138E+000,4.5977809653898216E+000,7.4026851707105146E-001,1.0172689232793020E-002
2.081,1.4879185448671670E+000,1.2068667743978845E+000,1.4879185448671670E+000,4.6809404748342329E+000,7.4299107303315470E-001,-1.9363988008533894E-003
2.101,1.5052775838792349E+000,1.2367903864168228E+000,1.5052775838792349E+000,4.7654261315160236E+000,7.4546636257211329E-001,-1.4344858735004018E-002
2.121,1.5224345185613639E+000,1.2670592707018888E+000,1.5224345185613639E+000,4.8512687228886771E+000,7.4769240663127312E-001,-2.7049705298813120E-002
2.141,1.5393824863684364E+000,1.2976693198356175E+000,1.5393824863684364E+000,4.9384997976059370E+000,7.4966734544154323E-001,-4.0047795485345650E-002
2.161,1.5561147083393001E+000,1.3286162899391554E+000,1.5561147083393001E+000,5.0271516792311282E+000,7.5138943887712528E-001,-5.3335830585045318E-002
2.181,1.5726244918082597E+000,1.3598958023697516E+000,1.5726244918082597E+000,5.1172574801681252E+000,7.5285706677107656E-001,-6.6910358266102588E-002
2.201,1.5889052330820550E+000,1.3915033454721590E+000,1.5889052330820550E+000,5.2088511158191366E+000,7.5406872919042900E-001,-8.0767774701193673E-002
2.221,1.6049504200812510E+000,1.4234342763832346E+000,1.6049504200812510E+000,5.3019673189745813E+000,7.5502304667060394E-001,-9.4904326740039568E-002
2.241,1.6207536349449805E+000,1.4556838228890248E+000,1.6207536349449805E+000,5.3966416544404545E+000,7.5571876040888397E-001,-1.0931611412720843E-001
2.261,1.6363085565980040E+000,1.4882470853335850E+000,1.6363085565980040E+000,5.4929105339087982E+000,7.5615473241671760E-001,-1.2399909176456447E-001
2.281,1.6516089632790569E+000,1.5211190385787794E+000,1.6516089632790569E+000,5.5908112310768558E+000,7.5632994563066036E-001,-1.3894907201773221E-001
2.301,1.6666487350294699E+000,1.5542945340142669E+000,1.6666487350294699E+000,5.6903818970208100E+000,7.5624350398176421E-001,-1.5416172706593789E-001
2.321,1.6814218561410710E+000,1.5877683016168773E+000,1.6814218561410710E+000,5.7916615758300054E+000,7.5589463242325783E-001,-1.6963259129455122E-001
2.341,1.6959224175623866E+000,1.6215349520585514E+000,1.6959224175623866E+000,5.8946902205077931E+000,7.5528267691637174E-001,-1.8535706372963912E-001
2.361,1.7101446192621874E+000,1.6555889788619980E+000,1.7101446192621874E+000,5.9995087091451671E+000,7.5440710437418201E-001,-2.0133041051381872E-001
2.381,1.7240827725494197E+000,1.6899247606032139E+000,1.7240827725494197E+000,6.1061588613736379E+000,7.5326750256337394E-001,-2.1754776742266702E-001
2.401,1.7377313023486076E+000,1.7245365631599767E+000,1.7377313023486076E+000,6.2146834551038390E+000,7.5186357996383224E-001,-2.3400414242093859E-001
2.421,1.7510847494298103E+000,1.7594185420054194E+000,1.7510847494298103E+000,6.3251262435565465E+000,7.5019516558599897E-001,-2.5069441825780847E-001
2.441,1.7641377725922396E+000,1.7945647445457600E+000,1.7641377725922396E+000,6.4375319725929376E+000,7.4826220874594662E-001,-2.6761335510034179E-001
2.461,1.7768851508006669E+000,1.8299691125012634E+000,1.7768851508006669E+000,6.5519463983510970E+000,7.4606477879814492E-001,-2.8475559320437216E-001
2.481,1.7893217852737722E+000,1.8656254843294688E+000,1.7893217852737722E+000,6.6684163051959038E+000,7.4360306482590643E-001,-3.0211565562195508E-001
2.501,1.8014427015235857E+000,1.9015275976897279E+000,1.8014427015235857E+000,6.7869895239895843E+000,7.4087737528952702E-001,-3.1968795094452784E-001
2.521,1.8132430513452180E+000,1.9376690919480541E+000,1.8132430513452180E+000,6.9077149506904520E+000,7.3788813763214856E-001,-3.3746677608091724E-001
2.541,1.8247181147560765E+000,1.9740435107212959E+000,1.8247181147560765E+000,7.0306425652874234E+000,7.3463589784339578E-001,-3.5544631906928115E-001
2.561,1.8358633018837953E+000,2.0106443044595985E+000,1.8358633018837953E+000,7.1558234510781453E+000,7.3112131998085161E-001,-3.7362066192208843E-001
2.581,1.8466741548021237E+000,2.0474648330661429E+000,1.8466741548021237E+000,7.2833098142987067E+000,7.2734518564946160E-001,-3.9198378350319729E-001
2.601,1.8571463493140374E+000,2.0844983685530880E+000,1.8571463493140374E+000,7.4131550041131069E+000,7.2330839343897346E-001,-4.1052956243608718E-001
2.621,1.8672756966813588E+000,2.1217380977326852E+000,1.8672756966813588E+000,7.5454135329707750E+000,7.1901195831953302E-001,-4.2925178004228937E-001
2.641,1.8770581453001980E+000,2.1591771249424556E+000,1.8770581453001980E+000,7.6801410973407318E+000,7.1445701099558589E-001,-4.4814412330902198E-001
2.661,1.8864897823215367E+000,2.1968084748033654E+000,1.8864897823215367E+000,7.8173945988310258E+000,7.0964479721824170E-001,-4.6720018788504947E-001
2.681,1.8955668352163215E+000,2.2346250950098856E+000,1.8955668352163215E+000,7.9572321657023775E+000,7.0457667705628568E-001,-4.8641348110374605E-001
2.701,1.9042856732844193E+000,2.2726198591508187E+000,1.9042856732844193E+000,8.0997131747851370E+000,6.9925412412603349E-001,-5.0577742503234813E-001
2.721,1.9126428091068528E+000,2.3107855695597688E+000,1.9126428091068528E+000,8.2448982738087651E+000,6.9367872478025072E-001,-5.2528535954634692E-001
2.741,1.9206348999407195E+000,2.3491149601941115E+000,1.9206348999407195E+000,8.3928494041534254E+000,6.8785217725636982E-001,-5.4493054542797592E-001
2.761,1.9282587490562459E+000,2.3876006995413142E+000,1.9282587490562459E+000,8.5436298240332658E+000,6.8177629078425706E-001,-5.6470616748772851E-001
2.781,1.9355113070154364E+000,2.4262353935514454E+000,1.9355113070154364E+000,8.6973041321213582E+000,6.7545298465380543E-001,-5.8460533770782253E-001
2.801,1.9423896728918060E+000,2.4650115885946930E+000,1.9423896728918060E+000,8.8539382916263776E+000,6.6888428724263937E-001,-6.0462109840652489E-001
2.821,1.9488910954307150E+000,2.5039217744427198E+000,1.9488910954307150E+000,9.0135996548313067E+000,6.6207233500423934E-001,-6.2474642542223424E-001
2.841,1.9550129741498325E+000,2.5429583872726531E+000,1.9550129741498325E+000,9.1763569881047520E+000,6.5501937141681010E-001,-6.4497423131621001E-001
2.861,1.9607528603792952E+000,2.5821138126925116E+000,1.9607528603792952E+000,9.3422804973955813E+000,6.4772774589323623E-001,-6.6529736859281985E-001
2.881,1.9661084582411408E+000,2.6213803887868625E+000,1.9661084582411408E+000,9.5114418542218928E+000,6.4019991265248100E-001,-6.8570863293617512E-001
2.901,1.9710776255676319E+000,2.6607504091814871E+000,1.9710776255676319E+000,9.6839142221655301E+000,6.3243842955280760E-001,-7.0620076646201313E-001
2.921,1.9756583747580931E+000,2.7002161261258233E+000,1.9756583747580931E+000,9.8597722838835562E+000,6.2444595688721172E-001,-7.2676646098366537E-001
2.941,1.9798488735739235E+000,2.7397697535919665E+000,1.9798488735739235E+000,1.0039092268648405E+001,6.1622525614147750E-001,-7.4739836129096460E-001
2.961,1.9836474458714697E+000,2.7794034703889761E+000,1.9836474458714697E+000,1.0221951980428626E+001,6.0777918871528147E-001,-7.6808906844090341E-001
2.981,1.9870525722724599E+000,2.8191094232912444E+000,1.9870525722724599E+000,1.0408430826522407E+001,5.9911071460678622E-001,-7.8883114305888413E-001
3.001,1.9900628907717346E+000,2.8588797301796869E+000,1.9900628907717346E+000,1.0598609846756267E+001,5.9022289106117953E-001,-8.0961710864937220E-001
3.021,1.9926771972820307E+000,2.8987064831944824E+000,1.9926771972820307E+000,1.0792571743261641E+001,5.8111887118363770E-001,-8.3043945491475180E-001
3.041,1.9948944461156013E+000,2.9385817518981119E+000,1.9948944461156013E+000,1.0990400910842251E+001,5.7180190251719587E-001,-8.5129064108120622E-001
3.061,1.9967137504024763E+000,2.9784975864474252E+000,1.9967137504024763E+000,1.1192183467945563E+001,5.6227532558603432E-001,-8.7216309923040403E-001
3.081,1.9981343824451974E+000,3.0184460207734798E+000,1.9981343824451974E+000,1.1398007288251673E+001,5.5254257240469695E-001,-8.9304923763579980E-001
3.101,1.9991557740098893E+000,3.0584190757678527E+000,1.9991557740098893E+000,1.1607962032893512E+001,5.4260716495378059E-001,-9.1394144410232447E-001
3.121,1.9997775165535441E+000,3.0984087624741834E+000,1.9997775165535441E+000,1.1822139183322280E+001,5.3247271362263826E-001,-9.3483208930826434E-001
3.141,1.9999993613874349E+000,3.1384070852836476E+000,1.9999993613874349E+000,1.2040632074832546E+001,5.2214291561966519E-001,-9.5571353014810112E-001
3.161,1.9998212197765857E+000,3.1784060451330989E+000,1.9998212197765857E+000,1.2263535930761531E+001,5.1162155335074289E-001,-9.7657811307509612E-001
3.181,1.9992431629752661E+000,3.2183976427045762E+000,1.9992431629752661E+000,1.2490947897377525E+001,5.0091249276643235E-001,-9.9741817744239691E-001
3.201,1.9982654221984879E+000,3.2583738816249364E+000,1.9982654221984879E+000,1.2722967079472639E+001,4.9001968167852100E-001,-1.0182260588414416E+000
3.221,1.9968883885295263E+000,3.2983267716642919E+000,1.9968883885295263E+000,1.2959694576675380E+001,4.7894714804654559E-001,-1.0389940924364307E+000
3.241,1.9951126127634886E+000,3.3382483319319949E+000,1.9951126127634886E+000,1.3201233520498956E+001,4.6769899823491690E-001,-1.0597146162936506E+000
3.261,1.9929388051870049E+000,3.3781305940688888E+000,1.9929388051870049E+000,1.3447689112141347E+001,4.5627941524129534E-001,-1.0803799747044098E+000
3.281,1.9903678352941221E+000,3.4179656054345462E+000,1.9903678352941221E+000,1.3699168661053672E+001,4.4469265689687165E-001,-1.1009825215003741E+000
3.301,1.9874007314385176E+000,3.4577454322882160E+000,1.9874007314385176E+000,1.3955781624293683E+001,4.3294305403922273E-001,-1.1215146233600672E+000
3.321,1.9840386804221732E+000,3.4974621629622189E+000,1.9840386804221732E+000,1.4217639646681450E+001,4.2103500865842503E-001,-1.1419686631053172E+000
3.341,1.9802830270206682E+000,3.5371079110265038E+000,1.9802830270206682E+000,1.4484856601774768E+001,4.0897299201711590E-001,-1.1623370429864313E+000
3.361,1.9761352734452891E+000,3.5766748184431196E+000,1.9761352734452891E+000,1.4757548633682131E+001,3.9676154274520825E-001,-1.1826121879548672E+000
3.381,1.9715970787421635E+000,3.6161550587093214E+000,1.9715970787421635E+000,1.5035834199731363E+001,3.8440526490997523E-001,-1.2027865489222074E+000
3.401,1.9666702581286639E+000,3.6555408399880669E+000,1.9666702581286639E+000,1.5319834114012606E+001,3.7190882606222841E-001,-1.2228526060042015E+000
3.421,1.9613567822673457E+000,3.6948244082246537E+000,1.9613567822673457E+000,1.5609671591814450E+001,3.5927695525932796E-001,-1.2428028717486839E+000
3.441,1.9556587764777076E+000,3.7339980502482315E+000,1.9556587764777076E+000,1.5905472294972558E+001,3.4651444106577034E-001,-1.2626298943461614E+000
3.461,1.9495785198860935E+000,3.7730540968569684E+000,1.9495785198860935E+000,1.6207364378150459E+001,3.3362612953211129E-001,-1.2823262608218655E+000
3.481,1.9431184445140708E+000,3.8119849258856329E+000,1.9431184445140708E+000,1.6515478536072557E+001,3.2061692215298909E-001,-1.3018846002080873E+000
3.501,1.9362811343056550E+000,3.8507829652543535E+000,1.9362811343056550E+000,1.6829948051729900E+001,3.0749177380502368E-001,-1.3212975866956027E+000
3.521,1.9290693240937669E+000,3.8894406959973535E+000,1.9290693240937669E+000,1.7150908845579430E+001,2.9425569066537671E-001,-1.3405579427630085E+000
3.541,1.9214858985063352E+000,3.9279506552704349E+000,1.9214858985063352E+000,1.7478499525758149E+001,2.8091372811176285E-001,-1.3596584422828049E+000
3.561,1.9135338908124837E+000,3.9663054393360184E+000,1.9135338908124837E+000,1.7812861439333879E+001,2.6747098860471613E-001,-1.3785919136030473E+000
3.581,1.9052164817092652E+000,4.0044977065245382E+000,1.9052164817092652E+000,1.8154138724614601E+001,2.5393261955291796E-001,-1.3973512426034242E+000
3.601,1.8965369980494227E+000,4.0425201801710129E+000,1.8965369980494227E+000,1.8502478364539233E+001,2.4030381116240479E-001,-1.4159293757246079E+000
3.621,1.8874989115106946E+000,4.0803656515256117E+000,1.8874989115106946E+000,1.8858030241172550E+001,2.2658979427047671E-001,-1.4343193229697366E+000
3.641,1.8781058372071917E+000,4.1180269826370655E+000,1.8781058372071917E+000,1.9220947191327976E+001,2.1279583816513956E-001,-1.4525141608769083E+000
3.661,1.8683615322433955E+000,4.1554971092077420E+000,1.8683615322433955E+000,1.9591385063342020E+001,1.9892724839091641E-001,-1.4705070354615584E+000
3.681,1.8582698942113691E+000,4.1927690434192817E+000,1.8582698942113691E+000,1.9969502775024861E+001,1.8498936454187093E-001,-1.4882911651276232E+000
3.701,1.8478349596317720E+000,4.2298358767276181E+000,1.8478349596317720E+000,2.0355462372811882E+001,1.7098755804269247E-001,-1.5058598435463830E+000
3.721,1.8370609023393054E+000,4.2666907826263207E+000,1.8370609023393054E+000,2.0749429092141632E+001,1.5692722991869618E-001,-1.5232064425019094E+000
3.741,1.8259520318132343E+000,4.3033270193770861E+000,1.8259520318132343E+000,2.1151571419086054E+001,1.4281380855559830E-001,-1.5403244147020343E+000
3.761,1.8145127914536532E+000,4.3397379327063659E+000,1.8145127914536532E+000,2.1562061153259314E+001,1.2865274744993027E-001,-1.5572072965537891E+000
3.781,1.8027477568041839E+000,4.3759169584669708E+000,1.8027477568041839E+000,2.1981073472032204E+001,1.1444952295095949E-001,-1.5738487109022610E+000
3.801,1.7906616337218213E+000,4.4118576252636483E+000,1.7906616337218213E+000,2.2408786996079535E+001,1.0020963199499085E-001,-1.5902423697318357E+000
3.821,1.7782592564946522E+000,4.4475535570415490E+000,1.7782592564946522E+000,2.2845383856288532E+001,8.5938589832923309E-002,-1.6063820768288020E+000
3.841,1.7655455859082059E+000,4.4829984756365757E+000,1.7655455859082059E+000,2.3291049762056641E+001,7.1641927751942378E-002,-1.6222617304043165E+000
3.861,1.7525257072612017E+000,4.5181862032865512E+000,1.7525257072612017E+000,2.3745974071008032E+001,5.7325190792229870E-002,-1.6378753256767375E+000
3.881,1.7392048283315034E+000,4.5531106651022464E+000,1.7392048283315034E+000,2.4210349860158193E+001,4.2993935459576554E-002,-1.6532169574123456E+000
3.901,1.7255882772930733E+000,4.5877658914972610E+000,1.7255882772930733E+000,2.4684373998557138E+001,2.8653727434784157E-002,-1.6682808224235002E+000
3.921,1.7116815005847750E+000,4.6221460205757703E+000,1.7116815005847750E+000,2.5168247221441835E+001,1.4310139280746360E-002,-1.6830612220232772E+000
3.941,1.6974900607318710E+000,4.6562453004772104E+000,1.6974900607318710E+000,2.5662174205929453E+001,-3.1251851901347469E-005,-1.6975525644356684E+000
3.961,1.6830196341210859E+000,4.6900580916769394E+000,1.6830196341210859E+000,2.6166363648283337E+001,-1.4364866519671126E-002,-1.7117493671604216E+000
3.981,1.6682760087301265E+000,4.7235788692419813E+000,1.6682760087301265E+000,2.6681028342784568E+001,-2.8685125280759421E-002,-1.7256462592916386E+000
4.001,1.6532650818125707E+000,4.7568022250409188E+000,1.6532650818125707E+000,2.7206385262242293E+001,-4.2986450988338400E-002,-1.7392379837892409E+000
4.021,1.6379928575390359E+000,4.7897228699070844E+000,1.6379928575390359E+000,2.7742655640177055E+001,-5.7263271081714119E-002,-1.7525193997024573E+000
4.041,1.6224654445956119E+000,4.8223356357541274E+000,1.6224654445956119E+000,2.8290065054710777E+001,-7.1510019874432035E-002,-1.7654854843444685E+000
4.061,1.6066890537404452E+000,4.8546354776432068E+000,1.6066890537404452E+000,2.8848843514200812E+001,-8.5721140838495594E-002,-1.7781313354174286E+000
4.081,1.5906699953195296E+000,4.8866174758009002E+000,1.5906699953195296E+000,2.9419225544651912E+001,-9.9891088883748619E-002,-1.7904521730870193E+000
4.101,1.5744146767426495E+000,4.9182768375870314E+000,1.5744146767426495E+000,3.0001450278944027E+001,-1.1401433263156262E-001,-1.8024433420057662E+000
4.121,1.5579295999204996E+000,4.9496088994116789E+000,1.5579295999204996E+000,3.0595761547912964E+001,-1.2808535668193552E-001,-1.8141003132843618E+000
4.141,1.5412213586640111E+000,4.9806091286005358E+000,1.5412213586640111E+000,3.1202407973322423E+001,-1.4209866387311715E-001,-1.8254186864102366E+000
4.161,1.5242966360469135E+000,5.0112731252079312E+000,1.5242966360469135E+000,3.1821643062765968E+001,-1.5604877753287899E-001,-1.8363941911126618E+000
4.181,1.5071622017325932E+000,5.0415966237767371E+000,1.5071622017325932E+000,3.2453725306539035E+001,-1.6993024372054857E-001,-1.8470226891736805E+000
4.201,1.4898249092663201E+000,5.0715754950445042E+000,1.4898249092663201E+000,3.3098918276521005E+001,-1.8373763345893293E-001,-1.8573001761841756E+000
4.221,1.4722916933339196E+000,5.1012057475951114E+000,1.4722916933339196E+000,3.3757490727109108E+001,-1.9746554495525748E-001,-1.8672227832444239E+000
4.241,1.4545695669879923E+000,5.1304835294552698E+000,1.4545695669879923E+000,3.4429716698245883E+001,-2.1110860581025309E-001,-1.8767867786084875E+000
4.261,1.4366656188427838E+000,5.1594051296352736E+000,1.4366656188427838E+000,3.5115875620583282E+001,-2.2466147521452598E-001,-1.8859885692718248E+000
4.281,1.4185870102388367E+000,5.1879669796133356E+000,1.4185870102388367E+000,3.5816252422827112E+001,-2.3811884613135159E-001,-1.8948247025015283E+000
4.301,1.4003409723785474E+000,5.2161656547629578E+000,1.4003409723785474E+000,3.6531137641306543E+001,-2.5147544746503764E-001,-1.9032918673086114E+000
4.321,1.3819348034337826E+000,5.2439978757227221E+000,1.3819348034337826E+000,3.7260827531813995E+001,-2.6472604621400808E-001,-1.9113868958617877E+000
4.341,1.3633758656267083E+000,5.2714605097080085E+000,1.3633758656267083E+000,3.8005624183762123E+001,-2.7786544960776294E-001,-1.9191067648422226E+000
4.361,1.3446715822849977E+000,5.2985505717640597E+000,1.3446715822849977E+000,3.8765835636704693E+001,-2.9088850722687926E-001,-1.9264485967387448E+000
4.381,1.3258294348726007E+000,5.3252652259599147E+000,1.3258294348726007E+000,3.9541775999270243E+001,-3.0379011310521969E-001,-1.9334096610830285E+000
4.401,1.3068569599972570E+000,5.3516017865227603E+000,1.3068569599972570E+000,4.0333765570557155E+001,-3.1656520781352759E-001,-1.9399873756243009E+000
4.421,1.2877617463959532E+000,5.3775577189121888E+000,1.2877617463959532E+000,4.1142130964040618E+001,-3.2920878052358893E-001,-1.9461793074431206E+000
4.441,1.2685514318995312E+000,5.4031306408339903E+000,1.2685514318995312E+000,4.1967205234042495E+001,-3.4171587105215379E-001,-1.9519831740038287E+000
4.461,1.2492337003776552E+000,5.4283183231930350E+000,1.2492337003776552E+000,4.2809328004816429E+001,-3.5408157188381445E-001,-1.9573968441452740E+000
4.481,1.2298162786653677E+000,5.4531186909848772E+000,1.2298162786653677E+000,4.3668845602301047E+001,-3.6630103017204718E-001,-1.9624183390094516E+000
4.501,1.2103069334724574E+000,5.4775298241257380E+000,1.2103069334724574E+000,4.4546111188595845E+001,-3.7836944971763214E-001,-1.9670458329077121E+000
4.521,1.1907134682768814E+000,5.5015499582205134E+000,1.1907134682768814E+000,4.5441484899214885E+001,-3.9028209292367566E-001,-1.9712776541242225E+000
4.541,1.1710437202034742E+000,5.5251774852684985E+000,1.1710437202034742E+000,4.6355333983174738E+001,-4.0203428272646674E-001,-1.9751122856563974E+000
4.561,1.1513055568892065E+000,5.5484109543065712E+000,1.1513055568892065E+000,4.7288032945974123E+001,-4.1362140450141038E-001,-1.9785483658920167E+000
4.581,1.1315068733362312E+000,5.5712490719895591E+000,1.1315068733362312E+000,4.8239963695523990E+001,-4.2503890794328958E-001,-1.9815846892228000E+000
4.601,1.1116555887539907E+000,5.5936907031075682E+000,1.1116555887539907E+000,4.9211515691087818E+001,-4.3628230892011721E-001,-1.9842202065942147E+000
4.621,1.0917596433916377E+000,5.6157348710400408E+000,1.0917596433916377E+000,5.0203086095293123E+001,-4.4734719129984973E-001,-1.9864540259913268E+000
4.641,1.0718269953620410E+000,5.6373807581463886E+000,1.0718269953620410E+000,5.1215079929276293E+001,-4.5822920874924666E-001,-1.9882854128605243E+000
4.661,1.0518656174586483E+000,5.6586277060930490E+000,1.0518656174586483E+000,5.2247910231024242E+001,-4.6892408650416700E-001,-1.9897137904669722E+000
4.681,1.0318834939664723E+000,5.6794752161168027E+000,1.0318834939664723E+000,5.3301998216977658E+001,-4.7942762311060988E-001,-1.9907387401876815E+000
4.701,1.0118886174684851E+000,5.6999229492242733E+000,1.0118886174684851E+000,5.4377773446961562E+001,-4.8973569213581297E-001,-1.9913600017400999E+000
4.721,9.9188898564869055E-001,5.7199707263275199E+000,9.9188898564869055E-001,5.5475673992510707E+001,-4.9984424384873888E-001,-1.9915774733461580E+000
4.741,9.7189259809315887E-001,5.7396185283156713E+000,9.7189259809315887E-001,5.6596146608658223E+001,-5.0974930686928721E-001,-1.9913912118317234E+000
4.761,9.5190745309029767E-001,5.7588664960625708E+000,9.5190745309029767E-001,5.7739646909257559E+001,-5.1944698978558534E-001,-1.9908014326614583E+000
4.781,9.3194154443164268E-001,5.7777149303704283E+000,9.3194154443164268E-001,5.8906639545909080E+001,-5.2893348273872332E-001,-1.9898085099090790E+000
4.801,9.1200285821444882E-001,5.7961642918494967E+000,9.1200285821444882E-001,6.0097598390563952E+001,-5.3820505897430981E-001,-1.9884129761630578E+000
4.821,8.9209936964735770E-001,5.8142152007338437E+000,8.9209936964735770E-001,6.1313006721879667E+001,-5.4725807636023727E-001,-1.9866155223678219E+000
4.841,8.7223903986041917E-001,5.8318684366332612E+000,8.7223903986041917E-001,6.2553357415402843E+001,-5.5608897887006536E-001,-1.9844169976005399E+000
4.861,8.5242981272074736E-001,5.8491249382214328E+000,8.5242981272074736E-001,6.3819153137656436E+001,-5.6469429803143356E-001,-1.9818184087836053E+000
4.881,8.3267961165507898E-001,5.8659858028604779E+000,8.3267961165507898E-001,6.5110906544209968E+001,-5.7307065433893867E-001,-1.9788209203329470E+000
4.901,8.1299633648050773E-001,5.8824522861620192E+000,8.1299633648050773E-001,6.6429140481813363E+001,-5.8121475863092265E-001,-1.9754258537423433E+000
4.921,7.9338786024466312E-001,5.8985258014849569E+000,7.9338786024466312E-001,6.7774388194676121E+001,-5.8912341342962349E-001,-1.9716346871039006E+000
4.941,7.7386202607659671E-001,5.9142079193701438E+000,7.7386202607659671E-001,6.9147193534974761E+001,-5.9679351424417237E-001,-1.9674490545649319E+000
4.961,7.5442664404963478E-001,5.9295003669121877E+000,7.5442664404963478E-001,7.0548111177674883E+001,-6.0422205083592007E-001,-1.9628707457214656E+000
4.981,7.3508948805745300E-001,5.9444050270686368E+000,7.3508948805745300E-001,7.1977706839753537E+001,-6.1140610844559340E-001,-1.9579017049486303E+000
5,7.1681721697928658E-001,5.9582071206898473E+000,7.1681721697928658E-001,7.3362911126925368E+001,-6.1800194665379904E-001,-1.9528211102868749E+000
5.02,6.9769380984357421E-001,5.9723615979788285E+000,6.9769380984357421E-001,7.4850098939535485E+001,-6.2470125379355879E-001,-1.9470963174306823E+000
5.04,6.7869132111989694E-001,5.9861347431726424E+000,6.7869132111989694E-001,7.6367700142282544E+001,-6.3114805093992832E-001,-1.9409874229997439E+000
5.06,6.5981735155038079E-001,5.9995290469295197E+000,6.5981735155038079E-001,7.7916326299611455E+001,-6.3733981171823573E-001,-1.9344969749868426E+000
5.08,6.4107945047120440E-001,6.0125471514392217E+000,6.4107945047120440E-001,7.9496601171019023E+001,-6.4327411072966112E-001,-1.9276276719305163E+000
5.1,6.2248511279296381E-001,6.0251918493661769E+000,6.2248511279296381E-001,8.1109160958353911E+001,-6.4894862454187430E-001,-1.9203823618767017E+000
5.12,6.0404177600280895E-001,6.0374660827324886E+000,6.0404177600280895E-001,8.2754654558170614E+001,-6.5436113263848006E-001,-1.9127640412797589E+000
5.14,5.8575681718954853E-001,6.0493729417411322E+000,5.8575681718954853E-001,8.4433743819239339E+001,-6.5950951832690186E-001,-1.9047758538433412E+000
5.16,5.6763755009291139E-001,6.0609156635399257E+000,5.6763755009291139E-001,8.6147103805314927E+001,-6.6439176960434476E-001,-1.8964210893015903E+000
5.18,5.4969122217814903E-001,6.0720976309267245E+000,5.4969122217814903E-001,8.7895423063271025E+001,-6.6900597998150391E-001,-1.8877031821411463E+000
5.2,5.3192501173714646E-001,6.0829223709963340E+000,5.3192501173714646E-001,8.9679403896706901E+001,-6.7335034926369108E-001,-1.8786257102645187E+000
5.22,5.1434602501720039E-001,6.0933935537297241E+000,5.1434602501720039E-001,9.1499762645137139E+001,-6.7742318428907966E-001,-1.8691923935953498E+000
5.24,4.9696129337861511E-001,6.1035149905260884E+000,4.9696129337861511E-001,9.3357229968876169E+001,-6.8122289962377580E-001,-1.8594070926261570E+000
5.26,4.7977777048225317E-001,6.1132906326783294E+000,4.7977777048225317E-001,9.5252551139732105E+001,-6.8474801821344700E-001,-1.8492738069091370E+000
5.28,4.6280232950816214E-001,6.1227245697925934E+000,4.6280232950816214E-001,9.7186486337626690E+001,-6.8799717199125465E-001,-1.8387966734906609E+000
5.3,4.4604176040639593E-001,6.1318210281524896E+000,4.4604176040639593E-001,9.9159810953260063E+001,-6.9096910244185339E-001,-1.8279799652900921E+000
5.32,4.2950276718112351E-001,6.1405843690286295E+000,4.2950276718112351E-001,1.0117331589694204E+002,-6.9366266112123842E-001,-1.8168280894235895E+000
5.34,4.1319196520911811E-001,6.1490190869341754E+000,4.1319196520911811E-001,1.0322780791371366E+002,-6.9607681013223976E-001,-1.8053455854735874E+000
5.36,3.9711587859369435E-001,6.1571298078270962E+000,3.9711587859369435E-001,1.0532410990488513E+002,-6.9821062255548005E-001,-1.7935371237046445E+000
5.38,3.8128093755515319E-001,6.1649212872598502E+000,3.8128093755515319E-001,1.0746306125611919E+002,-7.0006328283562980E-001,-1.7814075032264030E+000
5.4,3.6569347585878048E-001,6.1723984084772141E+000,3.6569347585878048E-001,1.0964551817219117E+002,-7.0163408712280906E-001,-1.7689616501043883E+000
5.42,3.5035972828142475E-001,6.1795661804630688E+000,3.5035972828142475E-001,1.1187235401856012E+002,-7.0292244356901012E-001,-1.7562046154194348E+000
5.44,3.3528582811766944E-001,6.1864297359368594E+000,3.3528582811766944E-001,1.1414445966988701E+002,-7.0392787257942613E-001,-1.7431415732765121E+000
5.46,3.2047780472659765E-001,6.1929943293005758E+000,3.2047780472659765E-001,1.1646274386564036E+002,-7.0465000701858815E-001,-1.7297778187637645E+000
5.48,3.0594158112012798E-001,6.1992653345370714E+000,3.0594158112012798E-001,1.1882813357293098E+002,-7.0508859237123822E-001,-1.7161187658625949E+000
5.5,2.9168297159388940E-001,6.2052482430605371E+000,2.9168297159388940E-001,1.2124157435672100E+002,-7.0524348685787897E-001,-1.7021699453096377E+000
5.52,2.7770767940158014E-001,6.2109486615199998E+000,2.7770767940158014E-001,1.2370403075755544E+002,-7.0511466150495439E-001,-1.6879370024114795E+000
5.54,2.6402129447374234E-001,6.2163723095567551E+000,2.6402129447374234E-001,1.2621648667696722E+002,-7.0470220016964857E-001,-1.6734256948130302E+000
5.56,2.5062929118186444E-001,6.2215250175165702E+000,2.5062929118186444E-001,1.2877994577070945E+002,-7.0400629951928717E-001,-1.6586418902204294E+000
5.58,2.3753702614870550E-001,6.2264127241176332E+000,2.3753702614870550E-001,1.3139543184997248E+002,-7.0302726896536116E-001,-1.6435915640794185E+000
5.6,2.2474973610571772E-001,6.2310414740751430E+000,2.2474973610571772E-001,1.3406398929074558E+002,-7.0176553055220459E-001,-1.6282807972101174E+000
5.62,2.1227253579842323E-001,6.2354174156835027E+000,2.1227253579842323E-001,1.3678668345148716E+002,-7.0022161880037204E-001,-1.6127157733991577E+000
5.64,2.0011041594058457E-001,6.2395467983570869E+000,2.0011041594058457E-001,1.3956460109926985E+002,-6.9839618050478758E-001,-1.5969027769501503E+000
5.66,1.8826824121798535E-001,6.2434359701305482E+000,1.8826824121798535E-001,1.4239885084457126E+002,-6.9628997448774743E-001,-1.5808481901934703E+000
5.68,1.7675074834262117E-001,6.2470913751197079E+000,1.7675074834262117E-001,1.4529056358488290E+002,-6.9390387130688091E-001,-1.5645584909563728E+000
5.7,1.6556254415807756E-001,6.2505195509439746E+000,1.6556254415807756E-001,1.4824089295731537E+002,-6.9123885291819276E-001,-1.5480402499944530E+000
5.72,1.5470810379685429E-001,6.2537271261114000E+000,1.5470810379685429E-001,1.5125101580037986E+002,-6.8829601229432436E-001,-1.5313001283854930E+000
5.74,1.4419176889037194E-001,6.2567208173673547E+000,1.4419176889037194E-001,1.5432213262513025E+002,-6.8507655299818926E-001,-1.5143448748867405E+000
5.76,1.3401774583237727E-001,6.2595074270079198E+000,1.3401774583237727E-001,1.5745546809585366E+002,-6.8158178871216279E-001,-1.4971813232566928E+000
5.78,1.2419010409644153E-001,6.2620938401590669E+000,1.2419010409644153E-001,1.6065227152050176E+002,-6.7781314272301263E-001,-1.4798163895424570E+000
5.8,1.1471277460822563E-001,6.2644870220226867E+000,1.1471277460822563E-001,1.6391381735105702E+002,-6.7377214736278623E-001,-1.4622570693337882E+000
5.82,1.0558954817316214E-001,6.2666940150906179E+000,1.0558954817316214E-001,1.6724140569403545E+002,-6.6946044340587674E-001,-1.4445104349849061E+000
5.84,9.6824073960183735E-002,6.2687219363277258E+000,9.6824073960183735E-002,1.7063636283132712E+002,-6.6487977942251852E-001,-1.4265836328052108E+000
5.86,8.8419858042104185E-002,6.2705779743252252E+000,8.8419858042104185E-002,1.7410004175158403E+002,-6.6003201108896992E-001,-1.4084838802200341E+000
5.88,8.0380261993235960E-002,6.2722693864253332E+000,8.0380261993235960E-002,1.7763382269236558E+002,-6.5491910045466628E-001,-1.3902184629025585E+000
5.9,7.2708501544805432E-002,6.2738034958184326E+000,7.2708501544805432E-002,1.8123911369325887E+002,-6.4954311516663832E-001,-1.3717947318780721E+000
5.92,6.5407645298703229E-002,6.2751876886138920E+000,6.5407645298703229E-002,1.8491735116019342E+002,-6.4390622765151129E-001,-1.3532201006017157E+000
5.94,5.8480613500084322E-002,6.2764294108857186E+000,5.8480613500084322E-002,1.8867000044117592E+002,-6.3801071425541256E-001,-1.3345020420108993E+000
5.96,5.1930176869308967E-002,6.2775361656942286E+000,5.1930176869308967E-002,1.9249855641367321E+002,-6.3185895434214145E-001,-1.3156480855535815E+000
5.98,4.5758955493691501E-002,6.2785155100849268E+000,4.5758955493691501E-002,1.9640454408387905E+002,-6.2545342934995585E-001,-1.2966658141935929E+000
6,3.9969417779500305E-002,6.2793750520657836E+000,3.9969417779500305E-002,2.0038951919810208E+002,-6.1879672180736844E-001,-1.2775628613942271E+000
6.02,3.4563879464628230E-002,6.2801224475641391E+000,3.4563879464628230E-002,2.0445506886651918E+002,-6.1189151430833721E-001,-1.2583469080812926E+000
6.04,2.9544502692328396E-002,6.2807653973644291E+000,2.9544502692328396E-002,2.0860281219954237E+002,-6.0474058844727330E-001,-1.2390256795868648E+000
6.06,2.4913295146385551E-002,6.2813116440279755E+000,2.4913295146385551E-002,2.1283440095705319E+002,-5.9734682371428849E-001,-1.2196069425749523E+000
6.08,2.0672109248069472E-002,6.2817689687960652E+000,2.0672109248069472E-002,2.1715152021076227E+002,-5.8971319635113284E-001,-1.2000985019503254E+000
6.1,1.6822641415191110E-002,6.2821451884775614E+000,1.6822641415191110E-002,2.2155588901995858E+002,-5.8184277816827945E-001,-1.1805081977517404E+000
6.12,1.3366431383558038E-002,6.2824481523222762E+000,1.3366431383558038E-002,2.2604926112091721E+002,-5.7373873532363173E-001,-1.1608439020308119E+000
6.14,1.0304861591100738E-002,6.2826857388813826E+000,1.0304861591100738E-002,2.3063342563024020E+002,-5.6540432706334920E-001,-1.1411135157177896E+000
6.16,7.6391566249158121E-003,6.2828658528560943E+000,7.6391566249158121E-003,2.3531020776241030E+002,-5.5684290442529494E-001,-1.1213249654754964E+000
6.18,5.3703827314474685E-003,6.2829964219358923E+000,5.3703827314474685E-003,2.4008146956184402E+002,-5.4805790890562589E-001,-1.1014862005426900E+000
6.2,3.4994473900031844E-003,6.2830853936275570E+000,3.4994473900031844E-003,2.4494911064973419E+002,-5.3905287108906419E-001,-1.0816051895681222E+000
6.22,2.0270989497740617E-003,6.2831407320762658E+000,2.0270989497740617E-003,2.4991506898598070E+002,-5.2983140924339867E-001,-1.0616899174365622E+000
6.24,9.5392633050514421E-004,6.2831704148800522E+000,9.5392633050514421E-004,2.5498132164651244E+002,-5.2039722787878229E-001,-1.0417483820880604E+000
6.26,2.8035878693536168E-004,6.2831824298988579E+000,2.8035878693536168E-004,2.6014988561630872E+002,-5.1075411627240241E-001,-1.0217885913317308E+000
6.28,6.6657371013615266E-006,6.2831847720595055E+000,6.6657371013615266E-006,2.6542281859843808E+002,-5.0090594695911983E-001,-1.0018185596553315E+000
6.3,1.3295665457388540E-004,6.2831854401578333E+000,1.3295665457388540E-004,2.7080221983943460E+002,-4.9085667418868090E-001,-9.8184630503192616E-001
6.32,6.5918102466980093E-004,6.2831924336592797E+000,6.5918102466980093E-004,2.7629023097134092E+002,-4.8061033235012052E-001,-9.6187984572490148E-001
6.34,1.5851283646573006E-003,6.2832137494992084E+000,1.5851283646573006E-003,2.8188903687075413E+002,-4.7017103436399343E-001,-9.4192719709263473E-001
6.36,2.9104283079461894E-003,6.2832573788842367E+000,2.9104283079461894E-003,2.8760086653521489E+002,-4.5954297004307398E-001,-9.2199636839408472E-001
6.38,4.6345507522295819E-003,6.2833313040958672E+000,4.6345507522295819E-003,2.9342799397729033E+002,-4.4873040442218631E-001,-9.0209535959659282E-001
6.4,6.7568060715177576E-003,6.2834434952976679E+000,6.7568060715177576E-003,2.9937273913670555E+002,-4.3773767605783354E-001,-8.8223215818717549E-001
6.42,9.2763453919793588E-003,6.2836019073473217E+000,9.2763453919793588E-003,3.0543746881088646E+002,-4.2656919529830811E-001,-8.6241473598858620E-001
6.44,1.2192160931479611E-002,6.2838144766147934E+000,1.2192160931479611E-002,3.1162459760428663E+002,-4.1522944252497834E-001,-8.4265104598142715E-001
6.46,1.5503086402679736E-002,6.2840891178078797E+000,1.5503086402679736E-002,3.1793658889687390E+002,-4.0372296636545646E-001,-8.2294901913358354E-001
6.48,1.9207797479536340E-002,6.2844337208064402E+000,1.9207797479536340E-002,3.2437595583216267E+002,-3.9205438187936437E-001,-8.0331656123825579E-001
6.5,2.3304812327014167E-002,6.2848561475065328E+000,2.3304812327014167E-002,3.3094526232518632E+002,-3.8022836871742538E-001,-7.8376154976185564E-001
6.52,2.7792492193800346E-002,6.2853642286757854E+000,2.7792492193800346E-002,3.3764712409080988E+002,-3.6824966925462083E-001,-7.6429183070303264E-001
6.54,3.2669042067783108E-002,6.2859657608211723E+000,3.2669042067783108E-002,3.4448420969279420E+002,-3.5612308669815923E-001,-7.4491521546409245E-001
6.56,3.7932511394032663E-002,6.2866685030705263E+000,3.7932511394032663E-002,3.5145924161402604E+002,-3.4385348317101716E-001,-7.2563947773605775E-001
6.58,4.3580794854997162E-002,6.2874801740689898E+000,4.3580794854997162E-002,3.5857499734834386E+002,-3.3144577777182022E-001,-7.0647235039862832E-001
6.6,4.9611633212601661E-002,6.2884084488916523E+000,4.9611633212601661E-002,3.6583431051439175E+002,-3.1890494461184227E-001,-6.8742152243627674E-001
6.62,5.6022614211913221E-002,6.2894609559736336E+000,5.6022614211913221E-002,3.7324007199194608E+002,-3.0623601082990998E-001,-6.6849463587172364E-001
6.64,6.2811173546010721E-002,6.2906452740588028E+000,6.2811173546010721E-002,3.8079523108116672E+002,-2.9344405458600764E-001,-6.4969928271801658E-001
6.66,6.9974595881673415E-002,6.2919689291683927E+000,6.9974595881673415E-002,3.8850279668523518E+002,-2.8053420303438759E-001,-6.3104300195043916E-001
6.68,7.7510015945478086E-002,6.2934393915906721E+000,7.7510015945478086E-002,3.9636583851684964E+002,-2.6751163027699826E-001,-6.1253327649946510E-001
6.7,8.5414419669870151E-002,6.2950640728929486E+000,8.5414419669870151E-002,4.0438748832905856E+002,-2.5438155529804984E-001,-5.9417753026596021E-001
6.72,9.3684645398750446E-002,6.2968503229570345E+000,9.3684645398750446E-002,4.1257094117092191E+002,-2.4114923988054587E-001,-5.7598312515983263E-001
6.74,1.0231738515209568E-001,6.2988054270393938E+000,1.0231738515209568E-001,4.2091945666850188E+002,-2.2781998650561591E-001,-5.5795735816331815E-001
6.76,1.1130918594910616E-001,6.3009366028571296E+000,1.1130918594910616E-001,4.2943636033169048E+002,-2.1439913623549015E-001,-5.4010745842007712E-001
6.78,1.2065645118935214E-001,6.3032509977009985E+000,1.2065645118935214E-001,4.3812504488739756E+002,-2.0089206658096470E-001,-5.2244058435127227E-001
6.8,1.3035544209136610E-001,6.3057556855765924E+000,1.3035544209136610E-001,4.4698897163962829E+002,-1.8730418935421328E-001,-5.0496382079978352E-001
6.82,1.4040227918810530E-001,6.3084576643748269E+000,1.4040227918810530E-001,4.5603167185699243E+002,-1.7364094850780382E-001,-4.8768417620370380E-001
6.84,1.5079294387868725E-001,6.3113638530728817E+000,1.5079294387868725E-001,4.6525674818819869E+002,-1.5990781796078690E-001,-4.7060857980025200E-001
6.86,1.6152328003577587E-001,6.3144810889666934E+000,1.6152328003577587E-001,4.7466787610609782E+002,-1.4611029941272677E-001,-4.5374387886122036E-001
6.88,1.7258899566797767E-001,6.3178161249361375E+000,1.7258899566797767E-001,4.8426880538084839E+002,-1.3225392014655052E-001,-4.3709683596106952E-001
6.9,1.8398566463658061E-001,6.3213756267439623E+000,1.8398566463658061E-001,4.9406336158279476E+002,-1.1834423082109574E-001,-4.2067412627876294E-001
6.92,1.9570872842595086E-001,6.3251661703695765E+000,1.9570872842595086E-001,5.0405544761565426E+002,-1.0438680325424161E-001,-4.0448233493442487E-001
6.94,2.0775349796687806E-001,6.3291942393787366E+000,2.0775349796687806E-001,5.1424904528062382E+002,-9.0387228197510161E-002,-3.8852795436188919E-001
6.96,2.2011515551214073E-001,6.3334662223302169E+000,2.2011515551214073E-001,5.2464821687203209E+002,-7.6351113103030124E-002,-3.7281738171819162E-001
6.98,2.3278875656354048E-001,6.3379884102204693E+000,2.3278875656354048E-001,5.3525710680516931E+002,-6.2284079883757747E-002,-3.5735691633104655E-001
7,2.4576923184963598E-001,6.3427669939673006E+000,2.4576923184963598E-001,5.4607994327694803E+002,-4.8191762667851169E-002,-3.4215275718532895E-001
7.02,2.5905138935338340E-001,6.3478080619335975E+000,2.5905138935338340E-001,5.5712103996005135E+002,-3.4079805548098474E-002,-3.2721100044957091E-001
7.04,2.7262991638887446E-001,6.3531175974920551E+000,2.7262991638887446E-001,5.6838479773124743E+002,-1.9953860327300371E-002,-3.1253763704346582E-001
7.06,2.8649938172633937E-001,6.3587014766319161E+000,2.8649938172633937E-001,5.7987570643455922E+002,-5.8195842605106261E-003,-2.9813855024735131E-001
7.08,3.0065423776456701E-001,6.3645654656086448E+000,3.0065423776456701E-001,5.9159834667999087E+002,8.3173622049614523E-003,-2.8401951335463499E-001
7.1,3.1508882274987093E-001,6.3707152186375016E+000,3.1508882274987093E-001,6.0355739167852562E+002,2.2451317690881482E-002,-2.7018618736809891E-001
7.12,3.2979736304071566E-001,6.3771562756319451E+000,3.2979736304071566E-001,6.1575760911413363E+002,3.6576622149847728E-002,-2.5664411874101123E-001
7.14,3.4477397541709592E-001,6.3838940599877265E+000,3.4477397541709592E-001,6.2820386305352690E+002,5.0687619126570431E-002,-2.4339873716394611E-001
7.16,3.6001266943374699E-001,6.3909338764136105E+000,3.6001266943374699E-001,6.4090111589443165E+002,6.4778658017766999E-002,-2.3045535339820383E-001
7.18,3.7550734981624190E-001,6.3982809088095589E+000,3.7550734981624190E-001,6.5385443035314677E+002,7.8844096329768409E-002,-2.1781915715669586E-001
7.2,3.9125181889902055E-001,6.4059402181932432E+000,3.9125181889902055E-001,6.6706897149218594E+002,9.2878301932932228E-002,-2.0549521503314677E-001
7.22,4.0723977910437331E-001,6.4139167406757016E+000,4.0723977910437331E-001,6.8055000878881287E+002,1.0687565531196036E-001,-1.9348846848044315E-001
7.24,4.2346483546138808E-001,6.4222152854869643E+000,4.2346483546138808E-001,6.9430291824528740E+002,1.2083055181121952E-001,-1.8180373183893936E-001
7.26,4.3992049816385320E-001,6.4308405330524225E+000,4.3992049816385320E-001,7.0833318454167249E+002,1.3473740387416594E-001,-1.7044569041551161E-001
7.28,4.5660018516609341E-001,6.4397970331207235E+000,4.5660018516609341E-001,7.2264640323205538E+002,1.4859064327597754E-001,-1.5941889861412878E-001
7.3,4.7349722481570089E-001,6.4490892029439273E+000,4.7349722481570089E-001,7.3724828298505997E+002,1.6238472334849952E-001,-1.4872777811869242E-001
7.32,4.9060485852210672E-001,6.4587213255106697E+000,4.9060485852210672E-001,7.5214464786954466E+002,1.7611412119661243E-001,-1.3837661612887228E-001
7.34,5.0791624345992692E-001,6.4686975478330204E+000,5.0791624345992692E-001,7.6734143968639626E+002,1.8977333990513578E-001,-1.2836956364964575E-001
7.36,5.2542445530600190E-001,6.4790218792877372E+000,5.2542445530600190E-001,7.8284472034735109E+002,2.0335691073538265E-001,-1.1871063383522679E-001
7.38,5.4312249100903254E-001,6.4896981900125601E+000,5.4312249100903254E-001,7.9866067430179100E+002,2.1685939531048695E-001,-1.0940370038804895E-001
7.4,5.6100327159070840E-001,6.5007302093582213E+000,5.6100327159070840E-001,8.1479561101248350E+002,2.3027538778862747E-001,-1.0045249601344394E-001
7.42,5.7905964497720441E-001,6.5121215243967434E+000,5.7905964497720441E-001,8.3125596748125247E+002,2.4359951702327962E-001,-9.1860610930635772E-002
7.44,5.9728438885991431E-001,6.5238755784866651E+000,5.9728438885991431E-001,8.4804831082558746E+002,2.5682644870962851E-001,-8.3631491440647743E-002
7.46,6.1567021358427809E-001,6.5359956698957378E+000,6.1567021358427809E-001,8.6517934090722031E+002,2.6995088751628615E-001,-7.5768438551696293E-002
7.48,6.3420976506554694E-001,6.5484849504816696E+000,6.3420976506554694E-001,8.8265589301371733E+002,2.8296757920145660E-001,-6.8274606662624637E-002
7.5,6.5289562773031962E-001,6.5613464244314139E+000,6.5289562773031962E-001,9.0048494059415395E+002,2.9587131271270495E-001,-6.1153002304900950E-002
7.52,6.7172032748267141E-001,6.5745829470595440E+000,6.7172032748267141E-001,9.1867359804997056E+002,3.0865692226948627E-001,-5.4406482943690215E-002
7.54,6.9067633469369427E-001,6.5881972236661683E+000,6.9067633469369427E-001,9.3722912358211511E+002,3.2131928942760463E-001,-4.8037755838476415E-002
7.56,7.0975606721324713E-001,6.6021918084548332E+000,7.0975606721324713E-001,9.5615892209561446E+002,3.3385334512477155E-001,-4.2049376963695317E-002
7.58,7.2895189340271505E-001,6.6165691035108862E+000,7.2895189340271505E-001,9.7547054816272794E+002,3.4625407170644806E-001,-3.6443749989809981E-002
7.6,7.4825613518756295E-001,6.6313313578406694E+000,7.4825613518756295E-001,9.9517170904587419E+002,3.5851650493115822E-001,-3.1223125325237577E-002
7.62,7.6766107112846349E-001,6.6464806664719509E+000,7.6766107112846349E-001,1.0152702677815264E+003,3.7063573595447113E-001,-2.6389599219512339E-002
7.64,7.8715893950976967E-001,6.6620189696159340E+000,7.8715893950976967E-001,1.0357742463263191E+003,3.8260691329085800E-001,-2.1945112928044741E-002
7.66,8.0674194144409661E-001,6.6779480518912058E+000,8.0674194144409661E-001,1.0566918287666092E+003,3.9442524475263802E-001,-1.7891451938811864E-002
7.68,8.2640224399177409E-001,6.6942695416099118E+000,8.2640224399177409E-001,1.0780313645927854E+003,4.0608599936523720E-001,-1.4230245261290908E-002
7.7,8.4613198329391681E-001,6.7109849101264523E+000,8.4613198329391681E-001,1.0998013720396200E+003,4.1758450925799406E-001,-1.0962964777919748E-002
7.72,8.6592326771786354E-001,6.7280954712489578E+000,8.6592326771786354E-001,1.1220105414940090E+003,4.2891617152975431E-001,-8.0909246583458216E-003
7.74,8.8576818101372512E-001,6.7456023807137893E+000,8.8576818101372512E-001,1.1446677389714489E+003,4.4007645008850815E-001,-5.6152808366995433E-003
7.76,9.0565878548077816E-001,6.7635066357232514E+000,9.0565878548077816E-001,1.1677820096626492E+003,4.5106087746433393E-001,-3.5370305521011391E-003
7.78,9.2558712514244090E-001,6.7818090745467350E+000,9.2558712514244090E-001,1.1913625815516864E+003,4.6186505659492200E-001,-1.8570119525875839E-003
7.8,9.4554522892855586E-001,6.8005103761854082E+000,9.4554522892855586E-001,1.2154188691071508E+003,4.7248466258296451E-001,-5.7590376261745790E-004
7.82,9.6552511386371320E-001,6.8196110601006321E+000,9.6552511386371320E-001,1.2399604770477576E+003,4.8291544442470757E-001,3.0577498571132677E-004
7.84,9.8551878826033379E-001,6.8391114860061846E+000,9.8551878826033379E-001,1.2649972041839230E+003,4.9315322670897338E-001,7.8766515762235256E-004
7.86,1.0055182549152379E+000,6.8590118537243718E+000,1.0055182549152379E+000,1.2905390473368459E+003,5.0319391128597257E-001,8.6956765671664105E-004
7.88,1.0255155143084191E+000,6.8793122031061156E+000,1.0255155143084191E+000,1.3165962053366511E+003,5.1303347890523965E-001,5.5144350206903781E-004
7.9,1.0455025678027481E+000,6.9000124140149994E+000,1.0455025678027481E+000,1.3431790831011988E+003,5.2266799082203230E-001,-1.6658615867426452E-004
7.92,1.0654714208433158E+000,6.9211122063753292E+000,1.0654714208433158E+000,1.3702982957971810E+003,5.3209359037155768E-001,-1.2842401001913473E-003
7.94,1.0854140861551547E+000,6.9426111402841579E+000,1.0854140861551547E+000,1.3979646730851755E+003,5.4130650451038942E-001,-2.8010771343666141E-003
7.96,1.1053225869380388E+000,6.9645086161872429E+000,1.1053225869380388E+000,1.4261892634503431E+003,5.5030304532446250E-001,-4.7164962891041995E-003
7.98,1.1251889600570975E+000,6.9868038751188530E+000,1.1251889600570975E+000,1.4549833386205069E+003,5.5907961150303920E-001,-7.0297370510096213E-003
8,1.1450052592279645E+000,7.0094959990053542E+000,1.1450052592279645E+000,1.4843583980733665E+003,5.6763268977805836E-001,-9.7398796718378700E-003
8.02,1.1647635581951685E+000,7.0325839110323995E+000,1.1647635581951685E+000,1.5143261736346381E+003,5.7595885632828558E-001,-1.2845845538587697E-002
8.04,1.1844559539025803E+000,7.0560663760757016E+000,1.1844559539025803E+000,1.5448986341690622E+003,5.8405477814773299E-001,-1.6346397607104879E-002
8.06,1.2040745696544795E+000,7.0799420011950058E+000,1.2040745696544795E+000,1.5760879903659222E+003,5.9191721437773548E-001,-2.0240140898998837E-002
8.08,1.2236115582661420E+000,7.1042092361912772E+000,1.2236115582661420E+000,1.6079066996212171E+003,5.9954301760221740E-001,-2.4525523061698196E-002
8.1,1.2430591052026143E+000,7.1288663742267442E+000,1.2430591052026143E+000,1.6403674710183302E+003,6.0692913510559732E-001,-2.9200834991410241E-002
8.12,1.2624094317044181E+000,7.1539115525076200E+000,1.2624094317044181E+000,1.6734832704091916E+003,6.1407261009283476E-001,-3.4264211518738596E-002
8.14,1.2816547978989541E+000,7.1793427530291929E+000,1.2816547978989541E+000,1.7072673255979801E+003,6.2097058287112916E-001,-3.9713632156685441E-002
8.16,1.3007875058963452E+000,7.2051578033830044E+000,1.3007875058963452E+000,1.7417331316294196E+003,6.2762029199279779E-001,-4.5546921910739391E-002
8.18,1.3197999028684919E+000,7.2313543776257792E+000,1.3197999028684919E+000,1.7768944561837973E+003,6.3401907535887714E-001,-5.1761752150727536E-002
8.2,1.3386843841101015E+000,7.2579299972097724E+000,1.3386843841101015E+000,1.8127653450808457E+003,6.4016437128300563E-001,-5.8355641544080239E-002
8.22,1.3574333960804665E+000,7.2848820319741581E+000,1.3574333960804665E+000,1.8493601278946940E+003,6.4605371951515789E-001,-6.5325957050140993E-002
8.24,1.3760394394247828E+000,7.3122077011970559E+000,1.3760394394247828E+000,1.8866934236821332E+003,6.5168476222482652E-001,-7.2669914975119543E-002
8.26,1.3944950719737894E+000,7.3399040747077837E+000,1.3944950719737894E+000,1.9247801468264779E+003,6.5705524494325507E-001,-8.0384582087268841E-002
8.28,1.4127929117205382E+000,7.3679680740588900E+000,1.4127929117205382E+000,1.9636355129993617E+003,6.6216301746434170E-001,-8.8466876791844618E-002
8.3,1.4309256397730983E+000,7.3963964737574841E+000,1.4309256397730983E+000,2.0032750452428500E+003,6.6700603470386000E-001,-9.6913570365368740E-002
8.32,1.4488860032820161E+000,7.4251859025553992E+000,1.4488860032820161E+000,2.0437145801742961E+003,6.7158235751664674E-001,-1.0572128824871330E-001
8.34,1.4666668183413567E+000,7.4543328447976389E+000,1.4666668183413567E+000,2.0849702743164248E+003,6.7589015347143144E-001,-1.1488651139848394E-001
8.36,1.4842609728621694E+000,7.4838336418285962E+000,1.4842609728621694E+000,2.1270586105551643E+003,6.7992769758300020E-001,-1.2440557769615945E-001
8.38,1.5016614294172321E+000,7.5136844934554681E+000,1.5016614294172321E+000,2.1699964047278145E+003,6.8369337300139377E-001,-1.3427468341443516E-001
8.4,1.5188612280559264E+000,7.5438814594682801E+000,1.5188612280559264E+000,2.2138008123441869E+003,6.8718567165787237E-001,-1.4448988474017166E-001
8.42,1.5358534890881232E+000,7.5744204612159187E+000,1.5358534890881232E+000,2.2584893354433766E+003,6.9040319486738277E-001,-1.5504709935334771E-001
8.44,1.5526314158359709E+000,7.6052972832375376E+000,1.5526314158359709E+000,2.3040798295889467E+003,6.9334465388728794E-001,-1.6594210806138532E-001
8.46,1.5691882973524731E+000,7.6365075749486842E+000,1.5691882973524731E+000,2.3505905110052868E+003,6.9600887043213422E-001,-1.7717055648819435E-001
8.48,1.5855175111057780E+000,7.6680468523814760E+000,1.5855175111057780E+000,2.3980399638580056E+003,6.9839477714425591E-001,-1.8872795681725607E-001
8.5,1.6016125256281051E+000,7.6999104999781238E+000,1.6016125256281051E+000,2.4464471476812755E+003,7.0050141802001697E-001,-2.0060968958806091E-001
8.52,1.6174669031282423E+000,7.7320937724371079E+000,1.6174669031282423E+000,2.4958314049550886E+003,7.0232794879153237E-001,-2.1281100554516708E-001
8.54,1.6330743020665786E+000,7.7645917966112137E+000,1.6330743020665786E+000,2.5462124688354497E+003,7.0387363726370711E-001,-2.2532702753915368E-001
8.56,1.6484284796916344E+000,7.7973995734567474E+000,1.6484284796916344E+000,2.5976104710406084E+003,7.0513786360646069E-001,-2.3815275247870227E-001
8.58,1.6635232945370793E+000,7.8305119800330711E+000,1.6635232945370793E+000,2.6500459498964606E+003,7.0612012060201956E-001,-2.5128305333302936E-001
8.6,1.6783527088782368E+000,7.8639237715517183E+000,1.6783527088782368E+000,2.7035398585443563E+003,7.0682001384717974E-001,-2.6471268118386670E-001
8.62,1.6929107911470933E+000,7.8976295834742327E+000,1.6929107911470933E+000,2.7581135733145761E+003,7.0723726191045766E-001,-2.7843626732616744E-001
8.64,1.7071917183048462E+000,7.9316239336579253E+000,1.7071917183048462E+000,2.8137889022688328E+003,7.0737169644406284E-001,-2.9244832541670984E-001
8.66,1.7211897781710419E+000,7.9659012245486425E+000,1.7211897781710419E+000,2.8705880939152071E+003,7.0722326225065479E-001,-3.0674325366972244E-001
8.68,1.7348993717083738E+000,8.0004557454197212E+000,1.7348993717083738E+000,2.9285338460990015E+003,7.0679201730484931E-001,-3.2131533709866533E-001
8.7,1.7483150152622178E+000,8.0352816746562059E+000,1.7483150152622178E+000,2.9876493150730616E+003,7.0607813272947018E-001,-3.3615874980326799E-001
8.72,1.7614313427540254E+000,8.0703730820834139E+000,1.7614313427540254E+000,3.0479581247512051E+003,7.0508189272655364E-001,-3.5126755730090919E-001
8.74,1.7742431078276821E+000,8.1057239313389182E+000,1.7742431078276821E+000,3.1094843761484244E+003,7.0380369446313429E-001,-3.6663571890140401E-001
8.76,1.7867451859479797E+000,8.1413280822870266E+000,1.7867451859479797E+000,3.1722526570116747E+003,7.0224404791185735E-001,-3.8225709012425557E-001
8.78,1.7989325764503619E+000,8.1771792934747509E+000,1.7989325764503619E+000,3.2362880516450609E+003,7.0040357564647882E-001,-3.9812542515739491E-001
8.8,1.8108004045411248E+000,8.2132712246282917E+000,1.8108004045411248E+000,3.3016161509333774E+003,6.9828301259233916E-001,-4.1423437935643737E-001
8.82,1.8223439232472669E+000,8.2495974391890741E+000,1.8223439232472669E+000,3.3682630625679867E+003,6.9588320573190554E-001,-4.3057751178344672E-001
8.84,1.8335585153152179E+000,8.2861514068882940E+000,1.8335585153152179E+000,3.4362554214791344E+003,6.9320511376550520E-001,-4.4714828778419802E-001
8.86,1.8444396950576762E+000,8.3229265063589235E+000,1.8444396950576762E+000,3.5056204004788642E+003,6.9024980672738112E-001,-4.6394008160290412E-001
8.88,1.8549831101478254E+000,8.3599160277841609E+000,1.8549831101478254E+000,3.5763857211187938E+003,6.8701846555722479E-001,-4.8094617903336589E-001
8.9,1.8651845433602059E+000,8.3971131755813033E+000,1.8651845433602059E+000,3.6485796647670832E+003,6.8351238162735906E-001,-4.9815978010547834E-001
8.92,1.8750399142575509E+000,8.4345110711198519E+000,1.8750399142575509E+000,3.7222310839090251E+003,6.7973295622575658E-001,-5.1557400180602908E-001
8.94,1.8845452808229048E+000,8.4721027554729016E+000,1.8845452808229048E+000,3.7973694136757667E+003,6.7568169999510330E-001,-5.3318188083268947E-001
8.96,1.8936968410363779E+000,8.5098811922005861E+000,1.8936968410363779E+000,3.8740246836057941E+003,6.7136023232813102E-001,-5.5097637638010644E-001
8.98,1.9024909343959033E+000,8.5478392701646015E+000,1.9024909343959033E+000,3.9522275296438456E+003,6.6677028071945910E-001,-5.6895037295697493E-001
9,1.9109240433813901E+000,8.5859698063725229E+000,1.9109240433813901E+000,4.0320092063820757E+003,6.6191368007420481E-001,-5.8709668323297060E-001
9.02,1.9189927948616849E+000,8.6242655488509428E+000,1.9189927948616849E+000,4.1134015995483514E+003,6.5679237197363927E-001,-6.0540805091439620E-001
9.04,1.9266939614437770E+000,8.6627191795461478E+000,1.9266939614437770E+000,4.1964372387466710E+003,6.5140840389818422E-001,-6.2387715364739837E-001
9.06,1.9340244627637142E+000,8.7013233172512301E+000,1.9340244627637142E+000,4.2811493104548135E+003,6.4576392840805452E-001,-6.4249660594759517E-001
9.08,1.9409813667187077E+000,8.7400705205584952E+000,1.9409813667187077E+000,4.3675716712843696E+003,6.3986120228188326E-001,-6.6125896215493163E-001
9.1,1.9475618906399335E+000,8.7789532908359149E+000,1.9475618906399335E+000,4.4557388615085201E+003,6.3370258561366233E-001,-6.8015671941259870E-001
9.12,1.9537634024055612E+000,8.8179640752264774E+000,1.9537634024055612E+000,4.5456861188629018E+003,6.2729054086837210E-001,-6.9918232066880737E-001
9.14,1.9595834214935703E+000,8.8570952696692391E+000,1.9595834214935703E+000,4.6374493926251334E+003,6.2062763189666492E-001,-7.1832815770023084E-001
9.16,1.9650196199739258E+000,8.8963392219408277E+000,1.9650196199739258E+000,4.7310653579785749E+003,6.1371652290900847E-001,-7.3758657415589934E-001
9.18,1.9700698234397165E+000,8.9356882347162561E+000,1.9700698234397165E+000,4.8265714306661157E+003,6.0655997740968859E-001,-7.5694986862032976E-001
9.2,1.9747320118768912E+000,8.9751345686477269E+000,1.9747320118768912E+000,4.9240057819398016E+003,5.9916085709110789E-001,-7.7641029769466618E-001
9.22,1.9790043204722370E+000,9.0146704454602862E+000,1.9790043204722370E+000,5.0234073538122984E+003,5.9152212068881271E-001,-7.9596007909460231E-001
9.24,1.9828850403592790E+000,9.0542880510630113E+000,1.9828850403592790E+000,5.1248158746162935E+003,5.8364682279771285E-001,-8.1559139476384324E-001
9.26,1.9863726193018048E+000,9.0939795386745619E+000,1.9863726193018048E+000,5.2282718748780317E+003,5.7553811264996479E-001,-8.3529639400186495E-001
9.28,1.9894656623147373E+000,9.1337370319617754E+000,1.9894656623147373E+000,5.3338167035113584E+003,5.6719923285500817E-001,-8.5506719660471076E-001
9.3,1.9921629322221115E+000,9.1735526281900999E+000,1.9921629322221115E+000,5.4414925443387128E+003,5.5863351810225725E-001,-8.7489589601758744E-001
9.32,1.9944633501519280E+000,9.2134184013845761E+000,1.9944633501519280E+000,5.5513424329456911E+003,5.4984439382697026E-001,-8.9477456249797827E-001
9.34,1.9963659959676865E+000,9.2533264055001503E+000,1.9963659959676865E+000,5.6634102738759248E+003,5.4083537483982480E-001,-9.1469524628802745E-001
9.36,1.9978701086364294E+000,9.2932686775999311E+000,1.9978701086364294E+000,5.7777408581731197E+003,5.3161006392075205E-001,-9.3464998079491568E-001
9.38,1.9989750865331433E+000,9.3332372410403117E+000,1.9989750865331433E+000,5.8943798812772911E+003,5.2217215037758946E-001,-9.5463078577795424E-001
9.4,1.9996804876814021E+000,9.3732241086614856E+000,1.9996804876814021E+000,6.0133739612823356E+003,5.1252540857012907E-001,-9.7462967054113381E-001
9.42,1.9999860299301520E+000,9.4132212859822317E+000,1.9999860299301520E+000,6.1347706575622369E+003,5.0267369640015136E-001,-9.9463863712983935E-001
9.44,1.9998915910665678E+000,9.4532207743975807E+000,1.9998915910665678E+000,6.2586184897733683E+003,4.9262095376804965E-001,-1.0146496835304575E+000
9.46,1.9993972088649350E+000,9.4932145743781611E+000,1.9993972088649350E+000,6.3849669572404482E+003,4.8237120099666131E-001,-1.0346548068716013E+000
9.48,1.9985030810715432E+000,9.5331946886698855E+000,1.9985030810715432E+000,6.5138665587339374E+003,4.7192853722293421E-001,-1.0546460066256633E+000
9.5,1.9972095653255875E+000,9.5731531254927731E+000,1.9972095653255875E+000,6.6453688126467614E+003,4.6129713875807754E-001,-1.0746152878094215E+000
9.52,1.9955171790161201E+000,9.6130819017375355E+000,1.9955171790161201E+000,6.7795262775784231E+003,4.5048125741684508E-001,-1.0945546641824191E+000
9.54,1.9934265990750999E+000,9.6529730461587242E+000,1.9934265990750999E+000,6.9163925733347360E+003,4.3948521881662572E-001,-1.1144561614418373E+000
9.56,1.9909386617066296E+000,9.6928186025631184E+000,1.9909386617066296E+000,7.0560224023515757E+003,4.2831342064701650E-001,-1.1343118204125850E+000
9.58,1.9880543620524840E+000,9.7326106329920847E+000,1.9880543620524840E+000,7.1984715715512020E+003,4.1697033091057456E-001,-1.1541137002313233E+000
9.6,1.9847748537940677E+000,9.7723412208966778E+000,1.9847748537940677E+000,7.3437970146398957E+003,4.0546048613544722E-001,-1.1738538815231612E+000
9.62,1.9811014486909577E+000,9.8120024743041405E+000,1.9811014486909577E+000,7.4920568148558186E+003,3.9378848956059948E-001,-1.1935244695697471E+000
9.64,1.9770356160562188E+000,9.8515865289745950E+000,1.9770356160562188E+000,7.6433102281761903E+003,3.8195900929436050E-001,-1.2131175974674857E+000
9.66,1.9725789821686932E+000,9.8910855515466221E+000,1.9725789821686932E+000,7.7976177069930445E+003,3.6997677644702892E-001,-1.2326254292746235E+000
9.68,1.9677333296225148E+000,9.9304917426705046E+000,1.9677333296225148E+000,7.9550409242670585E+003,3.5784658323828189E-001,-1.2520401631459395E+000
9.7,1.9625005966140951E+000,9.9697973401278741E+000,1.9625005966140951E+000,8.1156427981690749E+003,3.4557328108014518E-001,-1.2713540344537932E+000
9.72,1.9568828761668682E+000,1.0008994621936484E+001,1.9568828761668682E+000,8.2794875172191732E+003,3.3316177863629165E-001,-1.2905593188942734E+000
9.74,1.9508824152941107E+000,1.0048075909438909E+001,1.9508824152941107E+000,8.4466405659333777E+003,3.2061703985844375E-001,-1.3096483355772117E+000
9.76,1.9445016141001676E+000,1.0087033570373890E+001,1.9445016141001676E+000,8.6171687509881649E+003,3.0794408200066492E-001,-1.3286134500988256E+000
9.78,1.9377430248204395E+000,1.0125860021929158E+001,1.9377430248204395E+000,8.7911402279133399E+003,2.9514797361233502E-001,-1.3474470775957572E+000
9.8,1.9306093508005244E+000,1.0164547733774439E+001,1.9306093508005244E+000,8.9686245283238477E+003,2.8223383251061279E-001,-1.3661416857792867E+000
9.821,1.9227184322941486E+000,1.0205012334518907E+001,1.9227184322941486E+000,9.1588413562626047E+003,2.6855260378869300E-001,-1.3856132247167512E+000
9.841,1.9148249178135246E+000,1.0243392325784869E+001,1.9148249178135246E+000,9.3437502743676469E+003,2.5541269220254487E-001,-1.4039995334084228E+000
9.861,1.9065654855299459E+000,1.0281610965171023E+001,1.9065654855299459E+000,9.5323928782686944E+003,2.4217064015123255E-001,-1.4222242052274683E+000
9.881,1.8979434391062020E+000,1.0319660965463857E+001,1.8979434391062020E+000,9.7248445627208548E+003,2.2883174385889848E-001,-1.4402799513883924E+000
9.901,1.8889622272459030E+000,1.0357535106903253E+001,1.8889622272459030E+000,9.9211822447174800E+003,2.1540133829441291E-001,-1.4581595506570648E+000
9.921,1.8796254423140457E+000,1.0395226240070281E+001,1.8796254423140457E+000,1.0121484394223000E+004,2.0188479503729304E-001,-1.4758558522394472E+000
9.941,1.8699368189001138E+000,1.0432727288746896E+001,1.8699368189001138E+000,1.0325831065526301E+004,1.8828752012898117E-001,-1.4933617786421391E+000
9.961,1.8599002323242935E+000,1.0470031252746297E+001,1.8599002323242935E+000,1.0534303929227182E+004,1.7461495191034193E-001,-1.5106703285035967E+000
9.981,1.8495196970873948E+000,1.0507131210712943E+001,1.8495196970873948E+000,1.0746986304868686E+004,1.6087255884624296E-001,-1.5277745793948962E+000
10,1.8393433863759405E+000,1.0542180979504787E+001,1.8393433863759405E+000,1.0953010184045463E+004,1.4775761606497223E-001,-1.5438281542459831E+000
