"time","J1_w","J2_w","J3_w","J4_w"
0,1.0000000000000000E+001,0.0000000000000000E+000,0.0000000000000000E+000,0.0000000000000000E+000
0.003,9.9709420317557207E+000,2.9999981030353645E-002,0.0000000000000000E+000,0.0000000000000000E+000
0.006,9.9447010760873766E+000,5.9999696817927405E-002,0.0000000000000000E+000,0.0000000000000000E+000
0.009,9.9212441963364206E+000,8.9998721000355400E-002,0.0000000000000000E+000,0.0000000000000000E+000
0.012,9.9005137503182681E+000,1.1999662722510102E-001,0.0000000000000000E+000,0.0000000000000000E+000
0.015,9.8824279057366979E+000,1.4999298915551626E-001,0.0000000000000000E+000,0.0000000000000000E+000
0.018,9.8668813703112299E+000,1.7998738047690099E-001,0.0000000000000000E+000,0.0000000000000000E+000
0.021,9.8537463301368060E+000,2.0997937490256183E-001,0.0000000000000000E+000,0.0000000000000000E+000
0.024,9.8428735879467499E+000,2.3996854617987051E-001,0.0000000000000000E+000,0.0000000000000000E+000
0.027,9.8340938911756659E+000,2.6995446809632201E-001,0.0000000000000000E+000,0.0000000000000000E+000
0.03,9.8272194380342146E+000,2.9993671448559189E-001,0.0000000000000000E+000,0.0000000000000000E+000
0.033,9.8220455482277291E+000,3.2991485923359309E-001,0.0000000000000000E+000,0.0000000000000000E+000
0.036,9.8183524834891518E+000,3.5988847628453197E-001,0.0000000000000000E+000,0.0000000000000000E+000
0.039,9.8159074017671042E+000,3.8985713964696345E-001,0.0000000000000000E+000,0.0000000000000000E+000
0.042,9.8144664277234828E+000,4.1982042339984538E-001,0.0000000000000000E+000,0.0000000000000000E+000
0.045,9.8137768211626977E+000,4.4977790169859178E-001,0.0000000000000000E+000,0.0000000000000000E+000
0.048,9.8135792241452915E+000,4.7972914878112494E-001,0.0000000000000000E+000,0.0000000000000000E+000
0.051,9.8136099668404313E+000,5.0967373897392654E-001,0.0000000000000000E+000,0.0000000000000000E+000
0.054,9.8136034116502415E+000,5.3961124669808758E-001,0.0000000000000000E+000,0.0000000000000000E+000
0.057,9.8132943147993554E+000,5.6954124647535631E-001,0.0000000000000000E+000,0.0000000000000000E+000
0.06,9.8124201844279693E+000,5.9946331293418575E-001,0.0000000000000000E+000,0.0000000000000000E+000
0.063,9.8107236142577534E+000,6.2937702081577895E-001,0.0000000000000000E+000,0.0000000000000000E+000
0.066,9.8079545721167847E+000,6.5928194498013248E-001,0.0000000000000000E+000,0.0000000000000000E+000
0.069,9.8038726230103368E+000,6.8917766041207951E-001,0.0000000000000000E+000,0.0000000000000000E+000
0.072,9.7982490670053384E+000,7.1906374222732938E-001,0.0000000000000000E+000,0.0000000000000000E+000
0.075,9.7908689729524401E+000,7.4893976567850651E-001,0.0000000000000000E+000,0.0000000000000000E+000
0.078,9.7815330899941504E+000,7.7880530616118682E-001,0.0000000000000000E+000,0.0000000000000000E+000
0.081,9.7700596198923453E+000,8.0865993921993262E-001,0.0000000000000000E+000,0.0000000000000000E+000
0.084,9.7562858344437675E+000,8.3850324055432468E-001,0.0000000000000000E+000,0.0000000000000000E+000
0.087,9.7400695236271631E+000,8.6833478602499292E-001,0.0000000000000000E+000,0.0000000000000000E+000
0.09,9.7212902616281571E+000,8.9815415165964363E-001,0.0000000000000000E+000,0.0000000000000000E+000
0.093,9.6998504795045069E+000,9.2796091365908606E-001,0.0000000000000000E+000,0.0000000000000000E+000
0.096,9.6756763349705626E+000,9.5775464840325464E-001,0.0000000000000000E+000,0.0000000000000000E+000
0.099,9.6487183715807081E+000,9.8753493245723012E-001,0.0000000000000000E+000,0.0000000000000000E+000
0.102,9.6189519614606827E+000,1.0173013425772572E+000,0.0000000000000000E+000,0.0000000000000000E+000
0.105,9.5863775276570582E+000,1.0470534557167601E+000,0.0000000000000000E+000,0.0000000000000000E+000
0.108,9.5510205441312390E+000,1.0767908490323543E+000,0.0000000000000000E+000,0.0000000000000000E+000
0.111,9.5129313133979458E+000,1.1065130998898574E+000,0.0000000000000000E+000,0.0000000000000000E+000
0.114,9.4721845237818592E+000,1.1362197858702940E+000,0.0000000000000000E+000,0.0000000000000000E+000
0.117,9.4288785902221903E+000,1.1659104847759008E+000,0.0000000000000000E+000,0.0000000000000000E+000
0.12,9.3831347844761499E+000,1.1955847746361254E+000,0.0000000000000000E+000,0.0000000000000000E+000
0.123,9.3350961624417081E+000,1.2252422337136251E+000,0.0000000000000000E+000,0.0000000000000000E+000
0.126,9.2849262981206842E+000,1.2548824405102592E+000,0.0000000000000000E+000,0.0000000000000000E+000
0.129,9.2328078354595871E+000,1.2845049737730805E+000,0.0000000000000000E+000,0.0000000000000000E+000
0.132,9.1789408709220943E+000,1.3141094125003214E+000,0.0000000000000000E+000,0.0000000000000000E+000
0.135,9.1235411811495393E+000,1.3436953359473782E+000,0.0000000000000000E+000,0.0000000000000000E+000
0.138,9.0668383114407440E+000,1.3732623236327903E+000,0.0000000000000000E+000,0.0000000000000000E+000
0.141,9.0090735420179424E+000,1.4028099553442159E+000,0.0000000000000000E+000,0.0000000000000000E+000
0.144,8.9504977501303085E+000,1.4323378111444043E+000,0.0000000000000000E+000,0.0000000000000000E+000
0.147,8.8913691869711649E+000,1.4618454713771649E+000,0.0000000000000000E+000,0.0000000000000000E+000
0.15,8.8319511891410283E+000,1.4913325166733302E+000,0.0000000000000000E+000,0.0000000000000000E+000
0.153,8.7725098449697025E+000,1.5207985279567167E+000,0.0000000000000000E+000,0.0000000000000000E+000
0.156,8.7133116364112126E+000,1.5502430864500809E+000,0.0000000000000000E+000,0.0000000000000000E+000
0.159,8.6546210774422612E+000,1.5796657736810711E+000,0.0000000000000000E+000,0.0000000000000000E+000
0.162,8.5966983699258943E+000,1.6090661714881747E+000,0.0000000000000000E+000,0.0000000000000000E+000
0.165,8.5397970977470266E+000,1.6384438620266604E+000,0.0000000000000000E+000,0.0000000000000000E+000
0.168,8.4841619796868066E+000,1.6677984277745184E+000,0.0000000000000000E+000,0.0000000000000000E+000
0.171,8.4300267009814185E+000,1.6971294515383926E+000,0.0000000000000000E+000,0.0000000000000000E+000
0.174,8.3776118428124811E+000,1.7264365164595110E+000,0.0000000000000000E+000,0.0000000000000000E+000
0.177,8.3271229281070145E+000,1.7557192060196098E+000,0.0000000000000000E+000,0.0000000000000000E+000
0.18,8.2787486009925182E+000,1.7849771040468529E+000,0.0000000000000000E+000,0.0000000000000000E+000
0.183,8.2326589560663876E+000,1.8142097947217470E+000,0.0000000000000000E+000,0.0000000000000000E+000
0.186,8.1890040323091675E+000,1.8434168625830509E+000,0.0000000000000000E+000,0.0000000000000000E+000
0.189,8.1479124850096927E+000,1.8725978925336804E+000,0.0000000000000000E+000,0.0000000000000000E+000
0.192,8.1094904474901703E+000,1.9017524698466071E+000,0.0000000000000000E+000,0.0000000000000000E+000
0.195,8.0738205927345525E+000,1.9308801801707538E+000,0.0000000000000000E+000,0.0000000000000000E+000
0.198,8.0409614032491934E+000,1.9599806095368826E+000,0.0000000000000000E+000,0.0000000000000000E+000
0.201,8.0109466556365252E+000,1.9890533443634781E+000,0.0000000000000000E+000,0.0000000000000000E+000
0.204,7.9837851244566371E+000,2.0180979714626259E+000,0.0000000000000000E+000,0.0000000000000000E+000
0.207,7.9594605080052823E+000,2.0471140780458845E+000,0.0000000000000000E+000,0.0000000000000000E+000
0.21,7.9379315766670215E+000,2.0761012517301518E+000,0.0000000000000000E+000,0.0000000000000000E+000
0.213,7.9191325425266959E+000,2.1050590805435263E+000,0.0000000000000000E+000,0.0000000000000000E+000
0.216,7.9029736469584542E+000,2.1339871529311627E+000,0.0000000000000000E+000,0.0000000000000000E+000
0.219,7.8893419609768074E+000,2.1628850577611201E+000,0.0000000000000000E+000,0.0000000000000000E+000
0.222,7.8781023912456991E+000,2.1917523843302047E+000,0.0000000000000000E+000,0.0000000000000000E+000
0.225,7.8690988828161075E+000,2.2205887223698082E+000,0.0000000000000000E+000,0.0000000000000000E+000
0.228,7.8621558079165625E+000,2.2493936620517374E+000,0.0000000000000000E+000,0.0000000000000000E+000
0.231,7.8570795284695247E+000,2.2781667939940395E+000,0.0000000000000000E+000,0.0000000000000000E+000
0.234,7.8536601184645498E+000,2.3069077092668206E+000,0.0000000000000000E+000,0.0000000000000000E+000
0.237,7.8516732309002961E+000,2.3356159993980570E+000,0.0000000000000000E+000,0.0000000000000000E+000
0.24,7.8508820927242189E+000,2.3642912563793983E+000,0.0000000000000000E+000,0.0000000000000000E+000
0.243,7.8510396100626529E+000,2.3929330726719713E+000,0.0000000000000000E+000,0.0000000000000000E+000
0.246,7.8518905650550828E+000,2.4215410412121674E+000,0.0000000000000000E+000,0.0000000000000000E+000
0.249,7.8531738847932786E+000,2.4501147554174296E+000,0.0000000000000000E+000,0.0000000000000000E+000
0.252,7.8546249622259907E+000,2.4786538091920307E+000,0.0000000000000000E+000,0.0000000000000000E+000
0.255,7.8559780084286341E+000,2.5071577969328454E+000,0.0000000000000000E+000,0.0000000000000000E+000
0.258,7.8569684153589900E+000,2.5356263135351145E+000,0.0000000000000000E+000,0.0000000000000000E+000
0.261,7.8573351081269109E+000,2.5640589543982020E+000,0.0000000000000000E+000,0.0000000000000000E+000
0.264,7.8568228658990318E+000,2.5924553154313448E+000,0.0000000000000000E+000,0.0000000000000000E+000
0.267,7.8551845908379612E+000,2.6208149930593976E+000,0.0000000000000000E+000,0.0000000000000000E+000
0.27,7.8521835049365976E+000,2.6491375842285669E+000,0.0000000000000000E+000,0.0000000000000000E+000
0.273,7.8475952552482893E+000,2.6774226864121395E+000,0.0000000000000000E+000,0.0000000000000000E+000
0.276,7.8412099088266078E+000,2.7056698976162052E+000,0.0000000000000000E+000,0.0000000000000000E+000
0.279,7.8328338196674565E+000,2.7338788163853662E+000,0.0000000000000000E+000,0.0000000000000000E+000
0.282,7.8222913510823506E+000,2.7620490418084471E+000,0.0000000000000000E+000,0.0000000000000000E+000
0.285,7.8094264382149188E+000,2.7901801735241891E+000,0.0000000000000000E+000,0.0000000000000000E+000
0.288,7.7941039768315594E+000,2.8182718117269432E+000,0.0000000000000000E+000,0.0000000000000000E+000
0.291,7.7762110260592019E+000,2.8463235571723482E+000,0.0000000000000000E+000,0.0000000000000000E+000
0.294,7.7556578143945467E+000,2.8743350111830095E+000,0.0000000000000000E+000,0.0000000000000000E+000
0.297,7.7323785400552962E+000,2.9023057756541624E+000,0.0000000000000000E+000,0.0000000000000000E+000
0.3,7.7063319585693879E+000,2.9302354530593289E+000,0.0000000000000000E+000,0.0000000000000000E+000
0.303,7.6775017523866707E+000,2.9581236464559719E+000,0.0000000000000000E+000,0.0000000000000000E+000
0.306,7.6458966792322798E+000,2.9859699594911322E+000,0.0000000000000000E+000,0.0000000000000000E+000
0.309,7.6115504978848776E+000,3.0137739964070631E+000,0.0000000000000000E+000,0.0000000000000000E+000
0.312,7.5745216720384896E+000,3.0415353620468562E+000,0.0000000000000000E+000,0.0000000000000000E+000
0.315,7.5348928548764444E+000,3.0692536618600559E+000,0.0000000000000000E+000,0.0000000000000000E+000
0.318,7.4927701589323163E+000,3.0969285019082666E+000,0.0000000000000000E+000,0.0000000000000000E+000
0.321,7.4482822177185941E+000,3.1245594888707537E+000,0.0000000000000000E+000,0.0000000000000000E+000
0.324,7.4015790474520635E+000,3.1521462300500303E+000,0.0000000000000000E+000,0.0000000000000000E+000
0.327,7.3528307189792841E+000,3.1796883333774413E+000,0.0000000000000000E+000,0.0000000000000000E+000
0.33,7.3022258516901717E+000,3.2071854074187334E+000,0.0000000000000000E+000,0.0000000000000000E+000
0.333,7.2499699427877697E+000,3.2346370613796203E+000,0.0000000000000000E+000,0.0000000000000000E+000
0.336,7.1962835467436932E+000,3.2620429051113340E+000,0.0000000000000000E+000,0.0000000000000000E+000
0.339,7.1414003210984713E+000,3.2894025491161729E+000,0.0000000000000000E+000,0.0000000000000000E+000
0.342,7.0855649559523455E+000,3.3167156045530346E+000,0.0000000000000000E+000,0.0000000000000000E+000
0.345,7.0290310055244749E+000,3.3439816832429434E+000,0.0000000000000000E+000,0.0000000000000000E+000
0.348,6.9720586410277221E+000,3.3712003976745679E+000,0.0000000000000000E+000,0.0000000000000000E+000
0.351,6.9149123448046232E+000,3.3983713610097275E+000,0.0000000000000000E+000,0.0000000000000000E+000
0.354,6.8578585661914886E+000,3.4254941870888898E+000,0.0000000000000000E+000,0.0000000000000000E+000
0.357,6.8011633599173358E+000,3.4525684904366600E+000,0.0000000000000000E+000,0.0000000000000000E+000
0.36,6.7450900279992947E+000,3.4795938862672577E+000,0.0000000000000000E+000,0.0000000000000000E+000
0.363,6.6898967860651881E+000,3.5065699904899885E+000,0.0000000000000000E+000,0.0000000000000000E+000
0.366,6.6358344748170950E+000,3.5334964197146985E+000,0.0000000000000000E+000,0.0000000000000000E+000
0.369,6.5831443369490685E+000,3.5603727912572269E+000,0.0000000000000000E+000,0.0000000000000000E+000
0.372,6.5320558792512013E+000,3.5871987231448439E+000,0.0000000000000000E+000,0.0000000000000000E+000
0.375,6.4827848388760909E+000,3.6139738341216763E+000,0.0000000000000000E+000,0.0000000000000000E+000
0.378,6.4355312718192472E+000,3.6406977436541319E+000,0.0000000000000000E+000,0.0000000000000000E+000
0.381,6.3904777805801354E+000,3.6673700719363018E+000,0.0000000000000000E+000,0.0000000000000000E+000
0.384,6.3477878967352606E+000,3.6939904398953622E+000,0.0000000000000000E+000,0.0000000000000000E+000
0.387,6.3076046327795998E+000,3.7205584691969604E+000,0.0000000000000000E+000,0.0000000000000000E+000
0.39,6.2700492160903218E+000,3.7470737822505908E+000,0.0000000000000000E+000,0.0000000000000000E+000
0.393,6.2352200162501585E+000,3.7735360022149638E+000,0.0000000000000000E+000,0.0000000000000000E+000
0.396,6.2031916752515395E+000,3.7999447530033592E+000,0.0000000000000000E+000,0.0000000000000000E+000
0.399,6.1740144483018060E+000,3.8262996592889720E+000,0.0000000000000000E+000,0.0000000000000000E+000
0.402,6.1477137610805315E+000,3.8326003465102474E+000,2.0000000000000000E-002,0.0000000000000000E+000
0.405,6.1242899873786962E+000,3.8288464408762031E+000,5.0000000000000003E-002,0.0000000000000000E+000
0.408,6.1037184490933818E+000,3.8250375693717427E+000,8.0000000000000002E-002,0.0000000000000000E+000
0.411,6.0859496385779588E+000,3.8211733597629558E+000,1.0999999999999999E-001,0.0000000000000000E+000
0.414,6.0709096613741531E+000,3.8172534406024097E+000,1.3999999999999999E-001,0.0000000000000000E+000
0.417,6.0585008953962003E+000,3.8132774412344270E+000,1.7000000000000001E-001,0.0000000000000000E+000
0.42,6.0486028607160893E+000,3.8092449918003548E+000,2.0000000000000004E-001,0.0000000000000000E+000
0.423,6.0410732922295667E+000,3.8051557232438191E+000,2.3000000000000007E-001,0.0000000000000000E+000
0.426,6.0357494056818020E+000,3.8010092673159734E+000,2.6000000000000006E-001,0.0000000000000000E+000
0.429,6.0324493458153228E+000,3.7968052565807291E+000,2.9000000000000009E-001,0.0000000000000000E+000
0.432,6.0309738037863259E+000,3.7925433244199800E+000,3.2000000000000012E-001,0.0000000000000000E+000
0.435,6.0311077894929941E+000,3.7882231050388095E+000,3.5000000000000014E-001,0.0000000000000000E+000
0.438,6.0326225430844946E+000,3.7838442334706941E+000,3.8000000000000017E-001,0.0000000000000000E+000
0.441,6.0352775686838793E+000,3.7794063455826845E+000,4.1000000000000020E-001,0.0000000000000000E+000
0.444,6.0388227722734200E+000,3.7749090780805878E+000,4.4000000000000022E-001,0.0000000000000000E+000
0.447,6.0430006847662678E+000,3.7703520685141232E+000,4.7000000000000025E-001,0.0000000000000000E+000
0.45,6.0475487505322825E+000,3.7657349552820785E+000,5.0000000000000022E-001,0.0000000000000000E+000
0.453,6.0522016610648528E+000,3.7610573776374485E+000,5.3000000000000025E-001,0.0000000000000000E+000
0.456,6.0566937130748695E+000,3.7563189756925599E+000,5.6000000000000028E-001,0.0000000000000000E+000
0.459,6.0607611700812019E+000,3.7515193904241873E+000,5.9000000000000030E-001,0.0000000000000000E+000
0.462,6.0641446065359972E+000,3.7466582636786567E+000,6.2000000000000033E-001,0.0000000000000000E+000
0.465,6.0665912136781017E+000,3.7417352381769335E+000,6.5000000000000036E-001,0.0000000000000000E+000
0.468,6.0678570466476947E+000,3.7367499575197023E+000,6.8000000000000038E-001,0.0000000000000000E+000
0.471,6.0677091929164817E+000,3.7317020661924314E+000,7.1000000000000041E-001,0.0000000000000000E+000
0.474,6.0659278427863068E+000,3.7265912095704241E+000,7.4000000000000044E-001,0.0000000000000000E+000
0.477,6.0623082435782365E+000,3.7214170339238617E+000,7.7000000000000046E-001,0.0000000000000000E+000
0.48,6.0566625201665225E+000,3.7161791864228269E+000,8.0000000000000049E-001,0.0000000000000000E+000
0.483,6.0488213456982631E+000,3.7108773151423224E+000,8.3000000000000052E-001,0.0000000000000000E+000
0.486,6.0386354476692317E+000,3.7055110690672697E+000,8.6000000000000054E-001,0.0000000000000000E+000
0.489,6.0259769359878481E+000,3.7000800980974984E+000,8.9000000000000057E-001,0.0000000000000000E+000
0.492,6.0107404412392187E+000,3.6945840530527221E+000,9.2000000000000060E-001,0.0000000000000000E+000
0.495,5.9928440530459106E+000,3.6890225856775016E+000,9.5000000000000062E-001,0.0000000000000000E+000
0.498,5.9722300501964494E+000,3.6833953486461928E+000,9.8000000000000065E-001,0.0000000000000000E+000
0.501,5.9488654160608307E+000,3.6777019955678854E+000,1.0100000000000007E+000,0.0000000000000000E+000
0.504,5.9227421347181330E+000,3.6719421809913237E+000,1.0400000000000007E+000,0.0000000000000000E+000
0.507,5.8938772651677365E+000,3.6661155604098163E+000,1.0700000000000007E+000,0.0000000000000000E+000
0.51,5.8623127929654117E+000,3.6602217902661351E+000,1.1000000000000008E+000,0.0000000000000000E+000
0.513,5.8281152606011037E+000,3.6542605279573932E+000,1.1300000000000008E+000,0.0000000000000000E+000
0.516,5.7913751798991839E+000,3.6482314318399194E+000,1.1600000000000008E+000,0.0000000000000000E+000
0.519,5.7522062316566824E+000,3.6421341612341083E+000,1.1900000000000008E+000,0.0000000000000000E+000
0.522,5.7107442596235476E+000,3.6359683764292674E+000,1.2200000000000009E+000,0.0000000000000000E+000
0.525,5.6671460677543628E+000,3.6297337386884418E+000,1.2500000000000009E+000,0.0000000000000000E+000
0.528,5.6215880314071924E+000,3.6234299102532290E+000,1.2800000000000009E+000,0.0000000000000000E+000
0.531,5.5742645348165780E+000,3.6170565543485784E+000,1.3100000000000009E+000,0.0000000000000000E+000
0.534,5.5253862487097702E+000,3.6106133351875807E+000,1.3400000000000010E+000,0.0000000000000000E+000
0.537,5.4751782633541310E+000,3.6040999179762370E+000,1.3700000000000010E+000,0.0000000000000000E+000
0.54,5.4238780936068860E+000,3.5975159689182181E+000,1.4000000000000010E+000,0.0000000000000000E+000
0.543,5.3717335736744882E+000,3.5908611552196081E+000,1.4300000000000010E+000,0.0000000000000000E+000
0.546,5.3190006602678341E+000,3.5841351450936356E+000,1.4600000000000011E+000,0.0000000000000000E+000
0.549,5.2659411636526237E+000,3.5773376077653869E+000,1.4900000000000011E+000,0.0000000000000000E+000
0.552,5.2128204267341873E+000,3.5704682134765093E+000,1.5200000000000011E+000,0.0000000000000000E+000
0.555,5.1599049727773423E+000,3.5635266334898952E+000,1.5500000000000012E+000,0.0000000000000000E+000
0.558,5.1074601426402557E+000,3.5565125400943574E+000,1.5800000000000012E+000,0.0000000000000000E+000
0.561,5.0557477424943231E+000,3.5494256066092822E+000,1.6100000000000012E+000,0.0000000000000000E+000
0.564,5.0050237229090637E+000,3.5422655073892777E+000,1.6400000000000012E+000,0.0000000000000000E+000
0.567,4.9555359099025633E+000,3.5350319178287961E+000,1.6700000000000013E+000,0.0000000000000000E+000
0.57,4.9075218080968019E+000,3.5277245143667524E+000,1.7000000000000013E+000,0.0000000000000000E+000
0.573,4.8612064954771705E+000,3.5203429744911192E+000,1.7300000000000013E+000,0.0000000000000000E+000
0.576,4.8168006284423939E+000,3.5128869767435122E+000,1.7600000000000013E+000,0.0000000000000000E+000
0.579,4.7744985748521378E+000,3.5053562007237584E+000,1.7900000000000014E+000,0.0000000000000000E+000
0.582,4.7344766916434722E+000,3.4977503270944483E+000,1.8200000000000014E+000,0.0000000000000000E+000
0.585,4.6968917623041317E+000,3.4900690375854784E+000,1.8500000000000014E+000,0.0000000000000000E+000
0.588,4.6618796080716489E+000,3.4823120149985689E+000,1.8800000000000014E+000,0.0000000000000000E+000
0.591,4.6295538851853930E+000,3.4744789432117757E+000,1.9100000000000015E+000,0.0000000000000000E+000
0.594,4.6000050788671807E+000,3.4665695071839826E+000,1.9400000000000015E+000,0.0000000000000000E+000
0.597,4.5732997029598836E+000,3.4585833929593774E+000,1.9700000000000015E+000,0.0000000000000000E+000
0.6,4.5494797123280861E+000,3.4505202876719165E+000,2.0000000000000013E+000,0.0000000000000000E+000
0.603,4.5285621332363091E+000,3.4423798795497671E+000,2.0300000000000007E+000,0.0000000000000000E+000
0.606,4.5105389149855624E+000,3.4341618579197428E+000,2.0600000000000001E+000,0.0000000000000000E+000
0.609,4.4953770041250589E+000,3.4258659132117177E+000,2.0899999999999994E+000,0.0000000000000000E+000
0.612,4.4830186405803474E+000,3.4174917369630227E+000,2.1199999999999988E+000,0.0000000000000000E+000
0.615,4.4733818730693811E+000,3.4090390218228341E+000,2.1499999999999981E+000,0.0000000000000000E+000
0.618,4.4663612892315925E+000,3.4005074615565389E+000,2.1799999999999975E+000,0.0000000000000000E+000
0.621,4.4618289539892784E+000,3.3918967510500870E+000,2.2099999999999969E+000,0.0000000000000000E+000
0.624,4.4596355478122867E+000,3.3832065863143312E+000,2.2399999999999962E+000,0.0000000000000000E+000
0.627,4.4596116947826427E+000,3.3744366644893420E+000,2.2699999999999956E+000,0.0000000000000000E+000
0.63,4.4615694686710885E+000,3.3655866838487158E+000,2.2999999999999949E+000,0.0000000000000000E+000
0.633,4.4653040636574559E+000,3.3566563438038610E+000,2.3299999999999943E+000,0.0000000000000000E+000
0.636,4.4705956148654060E+000,3.3476453449082735E+000,2.3599999999999937E+000,0.0000000000000000E+000
0.639,4.4772111525522735E+000,3.3385533888617864E+000,2.3899999999999930E+000,0.0000000000000000E+000
0.642,4.4849066726085054E+000,3.3293801785148167E+000,2.4199999999999924E+000,0.0000000000000000E+000
0.645,4.4934293049886991E+000,3.3201254178725819E+000,2.4499999999999917E+000,0.0000000000000000E+000
0.648,4.5025195608270945E+000,3.3107888120993123E+000,2.4799999999999911E+000,0.0000000000000000E+000
0.651,4.5119136382919089E+000,3.3013700675224364E+000,2.5099999999999905E+000,0.0000000000000000E+000
0.654,4.5213457667115566E+000,3.2918688916367587E+000,2.5399999999999898E+000,0.0000000000000000E+000
0.657,4.5305505681660829E+000,3.2822849931086138E+000,2.5699999999999892E+000,0.0000000000000000E+000
0.66,4.5392654155821299E+000,3.2726180817800086E+000,2.5999999999999885E+000,0.0000000000000000E+000
0.663,4.5472327664007679E+000,3.2628678686727461E+000,2.6299999999999879E+000,0.0000000000000000E+000
0.666,4.5542024511043646E+000,3.2530340659925310E+000,2.6599999999999873E+000,0.0000000000000000E+000
0.669,4.5599338962893308E+000,3.2431163871330617E+000,2.6899999999999866E+000,0.0000000000000000E+000
0.672,4.5641982625525399E+000,3.2331145466801021E+000,2.7199999999999860E+000,0.0000000000000000E+000
0.675,4.5667804782153780E+000,3.2230282604155400E+000,2.7499999999999853E+000,0.0000000000000000E+000
0.678,4.5674811508338813E+000,3.2128572453214228E+000,2.7799999999999847E+000,0.0000000000000000E+000
0.681,4.5661183395282592E+000,3.2026012195839844E+000,2.8099999999999841E+000,0.0000000000000000E+000
0.684,4.5625291724004100E+000,3.1922599025976468E+000,2.8399999999999834E+000,0.0000000000000000E+000
0.687,4.5565712946831081E+000,3.1818330149690097E+000,2.8699999999999828E+000,0.0000000000000000E+000
0.69,4.5481241347669421E+000,3.1713202785208212E+000,2.8999999999999821E+000,0.0000000000000000E+000
0.693,4.5370899768676205E+000,3.1607214162959312E+000,2.9299999999999815E+000,0.0000000000000000E+000
0.696,4.5233948308125473E+000,3.1500361525612273E+000,2.9599999999999809E+000,0.0000000000000000E+000
0.699,4.5069890912263402E+000,3.1392642128115535E+000,2.9899999999999802E+000,0.0000000000000000E+000
0.702,4.4878479802642790E+000,3.1284053237736131E+000,3.0199999999999796E+000,0.0000000000000000E+000
0.705,4.4659717699639190E+000,3.1174592134098495E+000,3.0499999999999790E+000,0.0000000000000000E+000
0.708,4.4413857822412259E+000,3.1064256109223156E+000,3.0799999999999783E+000,0.0000000000000000E+000
0.711,4.4141401665312285E+000,3.1021626913935512E+000,3.1031415553629467E+000,0.0000000000000000E+000
0.714,4.3843094570468386E+000,3.1115579943179212E+000,3.1125368582873167E+000,0.0000000000000000E+000
0.717,4.3519919135856000E+000,3.1209091487215082E+000,3.1218880126909037E+000,0.0000000000000000E+000
0.72,4.3173086517353827E+000,3.1302160217037089E+000,3.1311948856731044E+000,0.0000000000000000E+000
0.723,4.2804025701993433E+000,3.1394784809932577E+000,3.1404573449626532E+000,0.0000000000000000E+000
0.726,4.2414370847612588E+000,3.1486963949501052E+000,3.1496752589195007E+000,0.0000000000000000E+000
0.729,4.2005946801286118E+000,3.1578696325672904E+000,3.1588484965366859E+000,0.0000000000000000E+000
0.732,4.1580752925073368E+000,3.1669980634728017E+000,3.1679769274421972E+000,0.0000000000000000E+000
0.735,4.1140945372645819E+000,3.1760815579314303E+000,3.1770604219008258E+000,0.0000000000000000E+000
0.738,4.0688817974108327E+000,3.1851199868466131E+000,3.1860988508160086E+000,0.0000000000000000E+000
0.741,4.0226781898681443E+000,3.1941132217622688E+000,3.1950920857316643E+000,0.0000000000000000E+000
0.744,3.9757344275759929E+000,3.2030611348646225E+000,3.2040399988340180E+000,0.0000000000000000E+000
0.747,3.9283085964108082E+000,3.2119635989840232E+000,3.2129424629534187E+000,0.0000000000000000E+000
0.75,3.8806638666513837E+000,3.2208204875967499E+000,3.2217993515661454E+000,0.0000000000000000E+000
0.753,3.8330661593033226E+000,3.2296316748268108E+000,3.2306105387962063E+000,0.0000000000000000E+000
0.756,3.7857817879963545E+000,3.2383970354477314E+000,3.2393758994171269E+000,0.0000000000000000E+000
0.759,3.7390750973851863E+000,3.2471164448843357E+000,3.2480953088537312E+000,0.0000000000000000E+000
0.762,3.6932061190155654E+000,3.2557897792145143E+000,3.2567686431839098E+000,0.0000000000000000E+000
0.765,3.6484282654622349E+000,3.2644169151709881E+000,3.2653957791403836E+000,0.0000000000000000E+000
0.768,3.6049860832057306E+000,3.2729977301430595E+000,3.2739765941124550E+000,0.0000000000000000E+000
0.771,3.5631130841936267E+000,3.2815321021783537E+000,3.2825109661477492E+000,0.0000000000000000E+000
0.774,3.5230296753334089E+000,3.2900199099845535E+000,3.2909987739539490E+000,0.0000000000000000E+000
0.777,3.4849412042949064E+000,3.2984610329311219E+000,3.2994398969005174E+000,0.0000000000000000E+000
0.78,3.4490361389678630E+000,3.3068553510510172E+000,3.3078342150204127E+000,0.0000000000000000E+000
0.783,3.4154843967338651E+000,3.3152027450423982E+000,3.3161816090117937E+000,0.0000000000000000E+000
0.786,3.3844358383821067E+000,3.3235030962703194E+000,3.3244819602397149E+000,0.0000000000000000E+000
0.789,3.3560189400370675E+000,3.3317562867684170E+000,3.3327351507378125E+000,0.0000000000000000E+000
0.792,3.3303396548861364E+000,3.3399621992405852E+000,3.3409410632099807E+000,0.0000000000000000E+000
0.795,3.3281589400756459E+000,3.3377814844300948E+000,3.3387603483994903E+000,0.0000000000000000E+000
0.798,3.3269060200359029E+000,3.3365285643903517E+000,3.3375074283597472E+000,0.0000000000000000E+000
0.801,3.3265920157738780E+000,3.3362145601283268E+000,3.3371934240977223E+000,0.0000000000000000E+000
0.804,3.3272197144136313E+000,3.3368422587680802E+000,3.3378211227374757E+000,0.0000000000000000E+000
0.807,3.3287835444575995E+000,3.3384060888120484E+000,3.3393849527814439E+000,0.0000000000000000E+000
0.81,3.3312696252396017E+000,3.3408921695940506E+000,3.3418710335634461E+000,0.0000000000000000E+000
0.813,3.3346558901306182E+000,3.3442784344850671E+000,3.3452572984544626E+000,0.0000000000000000E+000
0.816,3.3389122824037503E+000,3.3485348267581991E+000,3.3495136907275946E+000,0.0000000000000000E+000
0.819,3.3440010220198544E+000,3.3536235663743033E+000,3.3546024303436988E+000,0.0000000000000000E+000
0.822,3.3498769409658467E+000,3.3594994853202955E+000,3.3604783492896910E+000,0.0000000000000000E+000
0.825,3.3564878841691836E+000,3.3661104285236325E+000,3.3670892924930280E+000,0.0000000000000000E+000
0.828,3.3637751724299787E+000,3.3733977167844276E+000,3.3743765807538231E+000,0.0000000000000000E+000
0.831,3.3716741232617338E+000,3.3812966676161826E+000,3.3822755315855781E+000,0.0000000000000000E+000
0.834,3.3814498462472637E+000,3.3890695587573205E+000,3.3900484227267160E+000,0.0000000000000000E+000
0.837,3.3932049941239617E+000,3.3965526861024626E+000,3.3975315500718581E+000,0.0000000000000000E+000
0.84,3.4062209827941379E+000,3.4039867511700073E+000,3.4049656151394028E+000,0.0000000000000000E+000
0.843,3.4202505221542920E+000,3.4113716483054342E+000,3.4123505122748297E+000,0.0000000000000000E+000
0.846,3.4350381971917701E+000,3.4187072725530085E+000,3.4196861365224041E+000,0.0000000000000000E+000
0.849,3.4503227369267018E+000,3.4259935196572724E+000,3.4269723836266679E+000,0.0000000000000000E+000
0.852,3.4658393353195094E+000,3.4332302860645258E+000,3.4342091500339214E+000,0.0000000000000000E+000
0.855,3.4813220035434198E+000,3.4404174689243003E+000,3.4413963328936958E+000,0.0000000000000000E+000
0.858,3.4965059327430099E+000,3.4475549660908174E+000,3.4485338300602129E+000,0.0000000000000000E+000
0.861,3.5111298463067628E+000,3.4546426761244446E+000,3.4556215400938401E+000,0.0000000000000000E+000
0.864,3.5249383207746501E+000,3.4616804982931333E+000,3.4626593622625288E+000,0.0000000000000000E+000
0.867,3.5376840547801947E+000,3.4686683325738521E+000,3.4696471965432476E+000,0.0000000000000000E+000
0.87,3.5491300658876868E+000,3.4756060796540083E+000,3.4765849436234038E+000,0.0000000000000000E+000
0.873,3.5590517958252481E+000,3.4824936409328586E+000,3.4834725049022541E+000,0.0000000000000000E+000
0.876,3.5672391054275230E+000,3.4893309185229127E+000,3.4903097824923082E+000,0.0000000000000000E+000
0.879,3.5734981415807159E+000,3.4961178152513215E+000,3.4970966792207170E+000,0.0000000000000000E+000
0.882,3.5776530595988159E+000,3.5028542346612590E+000,3.5038330986306545E+000,0.0000000000000000E+000
0.885,3.5795475857430543E+000,3.5095400810132946E+000,3.5105189449826901E+000,0.0000000000000000E+000
0.888,3.5790464060155318E+000,3.5161752592867526E+000,3.5171541232561481E+000,0.0000000000000000E+000
0.891,3.5760363688999597E+000,3.5227596751810624E+000,3.5237385391504579E+000,0.0000000000000000E+000
0.894,3.5704274913738905E+000,3.5292932351171000E+000,3.5302720990864955E+000,0.0000000000000000E+000
0.897,3.5621537592629591E+000,3.5357758462385158E+000,3.5367547102079113E+000,0.0000000000000000E+000
0.9,3.5511737148331344E+000,3.5422074164130577E+000,3.5431862803824532E+000,0.0000000000000000E+000
0.903,3.5374708264054222E+000,3.5385878542338767E+000,3.5395667182032722E+000,2.0000000000000000E-002
0.906,3.5262179063656784E+000,3.5273349341941329E+000,3.5283137981635284E+000,5.0000000000000003E-002
0.909,3.5140371915551882E+000,3.5151542193836427E+000,3.5161330833530382E+000,8.0000000000000002E-002
0.912,3.5009480381529894E+000,3.5020650659814438E+000,3.5030439299508394E+000,1.0999999999999999E-001
0.915,3.4869778657033743E+000,3.4880948935318288E+000,3.4890737575012243E+000,1.3999999999999999E-001
0.918,3.4721619137380686E+000,3.4732789415665231E+000,3.4742578055359186E+000,1.7000000000000001E-001
0.921,3.4565429289876568E+000,3.4576599568161113E+000,3.4586388207855068E+000,2.0000000000000004E-001
0.924,3.4401707859585717E+000,3.4412878137870262E+000,3.4422666777564217E+000,2.3000000000000007E-001
0.927,3.4231020442434494E+000,3.4242190720719039E+000,3.4251979360412994E+000,2.6000000000000006E-001
0.93,3.4053994464941759E+000,3.4065164743226304E+000,3.4074953382920259E+000,2.9000000000000009E-001
0.933,3.3871313615136711E+000,3.3882483893421256E+000,3.3892272533115211E+000,3.2000000000000012E-001
0.936,3.3683711774095504E+000,3.3694882052380049E+000,3.3704670692074004E+000,3.5000000000000014E-001
0.939,3.3491966501960895E+000,3.3503136780245439E+000,3.3512925419939394E+000,3.8000000000000017E-001
0.942,3.3296892136263345E+000,3.3308062414547890E+000,3.3317851054241845E+000,4.1000000000000020E-001
0.945,3.3099332563803481E+000,3.3110502842088025E+000,3.3120291481781980E+000,4.4000000000000022E-001
0.948,3.2900153730253057E+000,3.2911324008537601E+000,3.2921112648231556E+000,4.7000000000000025E-001
0.951,3.2700235953959926E+000,3.2711406232244471E+000,3.2721194871938426E+000,5.0000000000000022E-001
0.954,3.2500466112180022E+000,3.2511636390464567E+000,3.2521425030158522E+000,5.3000000000000025E-001
0.957,3.2301729769092078E+000,3.2312900047376623E+000,3.2322688687070578E+000,5.6000000000000028E-001
0.96,3.2104903315467270E+000,3.2116073593751815E+000,3.2125862233445770E+000,5.9000000000000030E-001
0.963,3.1910846189762681E+000,3.1922016468047225E+000,3.1931805107741180E+000,6.2000000000000033E-001
0.966,3.1720393249684742E+000,3.1731563527969286E+000,3.1741352167663242E+000,6.5000000000000036E-001
0.969,3.1534347361933084E+000,3.1545517640217628E+000,3.1555306279911584E+000,6.8000000000000038E-001
0.972,3.1353472275898913E+000,3.1364642554183457E+000,3.1374431193877412E+000,7.1000000000000041E-001
0.975,3.1178485844571324E+000,3.1189656122855869E+000,3.1199444762549824E+000,7.4000000000000044E-001
0.978,3.1010053652823371E+000,3.1021223931107915E+000,3.1031012570801870E+000,7.7000000000000046E-001
0.981,3.0848783109633566E+000,3.0859953387918111E+000,3.0869742027612066E+000,8.0000000000000049E-001
0.984,3.0695218056680851E+000,3.0706388334965395E+000,3.0716176974659350E+000,8.3000000000000052E-001
0.987,3.0549833941167308E+000,3.0561004219451853E+000,3.0570792859145808E+000,8.6000000000000054E-001
0.99,3.0413033595715153E+000,3.0424203873999698E+000,3.0433992513693653E+000,8.9000000000000057E-001
0.993,3.0285143662795853E+000,3.0296313941080397E+000,3.0306102580774352E+000,9.2000000000000060E-001
0.996,3.0166411695428446E+000,3.0177581973712990E+000,3.0187370613406945E+000,9.5000000000000062E-001
0.999,3.0057003959881379E+000,3.0068174238165923E+000,3.0077962877859878E+000,9.8000000000000065E-001
1.002,2.9961573425762547E+000,2.9965889505225340E+000,2.9975678144919295E+000,1.0100000000000007E+000
1.005,2.9897940405093664E+000,2.9861817618880391E+000,2.9871606258574346E+000,1.0400000000000007E+000
1.009,2.9858206355329115E+000,2.9722217089172034E+000,2.9732005728865989E+000,1.0800000000000007E+000
1.012,2.9861540442961028E+000,2.9616887346389049E+000,2.9626675986083004E+000,1.1100000000000008E+000
1.015,2.9892385392245728E+000,2.9511017458490931E+000,2.9520806098184886E+000,1.1400000000000008E+000
1.018,2.9949685271604567E+000,2.9404606798291093E+000,2.9414395437985048E+000,1.1700000000000008E+000
1.021,3.0032158918122036E+000,2.9297654746288533E+000,2.9307443385982488E+000,1.2000000000000008E+000
1.024,3.0138311320218372E+000,2.9190160690676628E+000,2.9199949330370583E+000,1.2300000000000009E+000
1.027,3.0266446898321644E+000,2.9082124027351814E+000,2.9091912667045770E+000,1.2600000000000009E+000
1.03,3.0414684565659065E+000,2.8973544159922202E+000,2.8983332799616157E+000,1.2900000000000009E+000
1.033,3.0580974435486579E+000,2.8864420499716013E+000,2.8874209139409968E+000,1.3200000000000010E+000
1.036,3.0763116026462241E+000,2.8754752465789983E+000,2.8764541105483938E+000,1.3500000000000010E+000
1.039,3.0958777804570818E+000,2.8644539484937601E+000,2.8654328124631556E+000,1.3800000000000010E+000
1.042,3.1165517888144132E+000,2.8533780991697251E+000,2.8543569631391206E+000,1.4100000000000010E+000
1.045,3.1380805732197703E+000,2.8422476428360270E+000,2.8432265068054225E+000,1.4400000000000011E+000
1.048,3.1602044599611827E+000,2.8310625244978844E+000,2.8320413884672799E+000,1.4700000000000011E+000
1.051,3.1826594619701223E+000,2.8198226899373844E+000,2.8208015539067799E+000,1.5000000000000011E+000
1.054,3.2051796229503555E+000,2.8085280857142534E+000,2.8095069496836489E+000,1.5300000000000011E+000
1.057,3.2274993789720154E+000,2.7971786591666152E+000,2.7981575231360107E+000,1.5600000000000012E+000
1.06,3.2493559165692090E+000,2.7857743584117407E+000,2.7867532223811362E+000,1.5900000000000012E+000
1.063,3.2704915064104996E+000,2.7743151323467847E+000,2.7752939963161802E+000,1.6200000000000012E+000
1.066,3.2906557918284323E+000,2.7628009306495116E+000,2.7637797946189071E+000,1.6500000000000012E+000
1.069,3.3096080118949329E+000,2.7512317037790117E+000,2.7522105677484072E+000,1.6800000000000013E+000
1.072,3.3271191393104012E+000,2.7396074029764050E+000,2.7405862669458005E+000,1.7100000000000013E+000
1.075,3.3429739141304244E+000,2.7279279802655338E+000,2.7289068442349294E+000,1.7400000000000013E+000
1.078,3.3569727552785964E+000,2.7161933884536449E+000,2.7171722524230404E+000,1.7700000000000014E+000
1.081,3.3689335328787142E+000,2.7044035811320599E+000,2.7053824451014554E+000,1.8000000000000014E+000
1.084,3.3786931856749862E+000,2.6925585126768348E+000,2.6935373766462303E+000,1.8300000000000014E+000
1.087,3.3861091691839085E+000,2.6806581382494086E+000,2.6816370022188041E+000,1.8600000000000014E+000
1.09,3.3910607217238979E+000,2.6687024137972415E+000,2.6696812777666370E+000,1.8900000000000015E+000
1.093,3.3934499370853008E+000,2.6566912960544391E+000,2.6576701600238346E+000,1.9200000000000015E+000
1.096,3.3932026343196755E+000,2.6446247425423688E+000,2.6456036065117643E+000,1.9500000000000015E+000
1.099,3.3902690169280181E+000,2.6325027115702628E+000,2.6334815755396583E+000,1.9800000000000015E+000
1.102,3.3846241155969308E+000,2.6203251622358099E+000,2.6213040262052054E+000,2.0100000000000011E+000
1.105,3.3762680105529581E+000,2.6080920544257395E+000,2.6090709183951351E+000,2.0400000000000005E+000
1.108,3.3652258315614421E+000,2.5958033488163892E+000,2.5967822127857847E+000,2.0699999999999998E+000
1.111,3.3515475355699103E+000,2.5834590068742638E+000,2.5844378708436593E+000,2.0999999999999992E+000
1.114,3.3353074639696292E+000,2.5710589908565842E+000,2.5720378548259797E+000,2.1299999999999986E+000
1.117,3.3166036834050958E+000,2.5586032638118232E+000,2.5595821277812187E+000,2.1599999999999979E+000
1.12,3.2955571159824748E+000,2.5460917895802302E+000,2.5470706535496257E+000,2.1899999999999973E+000
1.123,3.2723104665973102E+000,2.5335245327943454E+000,2.5345033967637409E+000,2.2199999999999966E+000
1.126,3.2470269569026122E+000,2.5209014588795027E+000,2.5218803228488982E+000,2.2499999999999960E+000
1.129,3.2198888771547041E+000,2.5082225340543221E+000,2.5092013980237176E+000,2.2799999999999954E+000
1.132,3.1910959687907279E+000,2.4954877253311865E+000,2.4964665893005820E+000,2.3099999999999947E+000
1.135,3.1608636520941786E+000,2.4826970005167146E+000,2.4836758644861101E+000,2.3399999999999941E+000
1.138,3.1294211146797970E+000,2.4698503282122153E+000,2.4708291921816108E+000,2.3699999999999934E+000
1.141,3.0970092777645819E+000,2.4569476778141355E+000,2.4579265417835310E+000,2.3999999999999928E+000
1.144,3.0638786582764199E+000,2.4439890195144955E+000,2.4449678834838910E+000,2.4299999999999922E+000
1.147,3.0302871457764069E+000,2.4357558109078279E+000,2.4367346748772234E+000,2.4504370267869593E+000
1.15,2.9964977139270443E+000,2.4370419706796249E+000,2.4380208346490204E+000,2.4517231865587563E+000
1.153,2.9627760868194839E+000,2.4382907354194985E+000,2.4392695993888940E+000,2.4529719512986299E+000
1.156,2.9293883808736410E+000,2.4395020873797368E+000,2.4404809513491323E+000,2.4541833032588682E+000
1.159,2.8965987432418454E+000,2.4406760093443474E+000,2.4416548733137429E+000,2.4553572252234788E+000
1.162,2.8646670076777188E+000,2.4418124846293008E+000,2.4427913485986963E+000,2.4564937005084322E+000
1.165,2.8338463886769314E+000,2.4429114970827670E+000,2.4438903610521625E+000,2.4575927129618984E+000
1.168,2.8043812343568222E+000,2.4439730310853465E+000,2.4449518950547420E+000,2.4586542469644779E+000
1.171,2.7765048580204614E+000,2.4449970715502922E+000,2.4459759355196877E+000,2.4596782874294236E+000
1.174,2.7504374676523433E+000,2.4459836039237222E+000,2.4469624678931177E+000,2.4606648198028536E+000
1.177,2.7263842117236505E+000,2.4469326141848269E+000,2.4479114781542224E+000,2.4616138300639583E+000
1.18,2.7045333586526539E+000,2.4478440888460704E+000,2.4488229528154659E+000,2.4625253047252018E+000
1.183,2.6850546260794736E+000,2.4487180149533803E+000,2.4496968789227758E+000,2.4633992308325117E+000
1.186,2.6680976747846863E+000,2.4495543800863318E+000,2.4505332440557273E+000,2.4642355959654632E+000
1.189,2.6537907806198429E+000,2.4503531723583252E+000,2.4513320363277207E+000,2.4650343882374566E+000
1.192,2.6422396962379420E+000,2.4511143804167546E+000,2.4520932443861501E+000,2.4657955962958860E+000
1.195,2.6335267127272113E+000,2.4518379934431680E+000,2.4528168574125635E+000,2.4665192093222994E+000
1.198,2.6277099294771964E+000,2.4525240011534235E+000,2.4535028651228190E+000,2.4672052170325549E+000
1.201,2.6248227387578771E+000,2.4531723937978325E+000,2.4541512577672280E+000,2.4678536096769639E+000
1.204,2.6248735295867149E+000,2.4537831621612995E+000,2.4547620261306951E+000,2.4684643780404310E+000
1.207,2.6278456135121306E+000,2.4543562975634550E+000,2.4553351615328505E+000,2.4690375134425864E+000
1.21,2.6336973729721533E+000,2.4548917918587763E+000,2.4558706558281718E+000,2.4695730077379077E+000
1.213,2.6423626309114003E+000,2.4553896374367037E+000,2.4563685014060992E+000,2.4700708533158351E+000
1.216,2.6537512383756363E+000,2.4558498272217499E+000,2.4568286911911454E+000,2.4705310431008813E+000
1.219,2.6677498748683797E+000,2.4562723546735992E+000,2.4572512186429947E+000,2.4709535705527306E+000
1.222,2.6842230543655305E+000,2.4566572137872016E+000,2.4576360777565971E+000,2.4713384296663330E+000
1.225,2.7030143280585581E+000,2.4570043990928569E+000,2.4579832630622525E+000,2.4716856149719884E+000
1.228,2.7239476731506169E+000,2.4573139056562936E+000,2.4582927696256891E+000,2.4719951215354250E+000
1.231,2.7468290553785333E+000,2.4575857290787382E+000,2.4585645930481337E+000,2.4722669449578696E+000
1.234,2.7714481513916054E+000,2.4578198654969778E+000,2.4587987294663733E+000,2.4725010813761092E+000
1.237,2.7975802156992611E+000,2.4580163115834166E+000,2.4589951755528121E+000,2.4726975274625480E+000
1.24,2.8249880756164059E+000,2.4581750645461202E+000,2.4591539285155157E+000,2.4728562804252516E+000
1.243,2.8534242364991931E+000,2.4582961221288575E+000,2.4592749860982530E+000,2.4729773380079889E+000
1.246,2.8826330785849885E+000,2.4583794826111331E+000,2.4593583465805287E+000,2.4730606984902646E+000
1.249,2.9123531259372166E+000,2.4584251448082095E+000,2.4594040087776050E+000,2.4731063606873409E+000
1.252,2.9423147642532808E+000,2.4584346424386263E+000,2.4594135064080218E+000,2.4731158583177577E+000
1.255,2.9721717981967415E+000,2.4584346424386263E+000,2.4594135064080218E+000,2.4731158583177577E+000
1.258,3.0016307217293718E+000,2.4584346424386263E+000,2.4594135064080218E+000,2.4731158583177577E+000
1.261,3.0304300553603865E+000,2.4584346424386263E+000,2.4594135064080218E+000,2.4731158583177577E+000
1.264,3.0583141741656608E+000,2.4584346424386263E+000,2.4594135064080218E+000,2.4731158583177577E+000
1.267,3.0850355767326549E+000,2.4584346424386263E+000,2.4594135064080218E+000,2.4731158583177577E+000
1.27,3.1103570820004744E+000,2.4584346424386263E+000,2.4594135064080218E+000,2.4731158583177577E+000
1.273,3.1340539344957552E+000,2.4584346424386263E+000,2.4594135064080218E+000,2.4731158583177577E+000
1.276,3.1559157992781577E+000,2.4584346424386263E+000,2.4594135064080218E+000,2.4731158583177577E+000
1.279,3.1757486288881891E+000,2.4584346424386263E+000,2.4594135064080218E+000,2.4731158583177577E+000
1.282,3.1933763857261872E+000,2.4584346424386263E+000,2.4594135064080218E+000,2.4731158583177577E+000
1.285,3.2086426045745222E+000,2.4584346424386263E+000,2.4594135064080218E+000,2.4731158583177577E+000
1.288,3.2214117813939418E+000,2.4584346424386263E+000,2.4594135064080218E+000,2.4731158583177577E+000
1.291,3.2315705760670177E+000,2.4584346424386263E+000,2.4594135064080218E+000,2.4731158583177577E+000
1.294,3.2390288184130522E+000,2.4584346424386263E+000,2.4594135064080218E+000,2.4731158583177577E+000
1.297,3.2437203085449839E+000,2.4584346424386263E+000,2.4594135064080218E+000,2.4731158583177577E+000
1.3,3.2456034044642732E+000,2.4584346424386263E+000,2.4594135064080218E+000,2.4731158583177577E+000
1.303,3.2446613916782283E+000,2.4584346424386263E+000,2.4594135064080218E+000,2.4731158583177577E+000
1.306,3.2409026315590279E+000,2.4584346424386263E+000,2.4594135064080218E+000,2.4731158583177577E+000
1.309,3.2343604871275868E+000,2.4584346424386263E+000,2.4594135064080218E+000,2.4731158583177577E+000
1.312,3.2250930269210212E+000,2.4584346424386263E+000,2.4594135064080218E+000,2.4731158583177577E+000
1.315,3.2131825095722046E+000,2.4584346424386263E+000,2.4594135064080218E+000,2.4731158583177577E+000
1.318,3.1987346536763157E+000,2.4584346424386263E+000,2.4594135064080218E+000,2.4731158583177577E+000
1.321,3.1818776994251063E+000,2.4584346424386263E+000,2.4594135064080218E+000,2.4731158583177577E+000
1.324,3.1627612703378780E+000,2.4584346424386263E+000,2.4594135064080218E+000,2.4731158583177577E+000
1.327,3.1415550451925345E+000,2.4584346424386263E+000,2.4594135064080218E+000,2.4731158583177577E+000
1.33,3.1184472519447359E+000,2.4584346424386263E+000,2.4594135064080218E+000,2.4731158583177577E+000
1.333,3.0936429970032391E+000,2.4584346424386263E+000,2.4594135064080218E+000,2.4731158583177577E+000
1.336,3.0673624446908936E+000,2.4584346424386263E+000,2.4594135064080218E+000,2.4731158583177577E+000
1.339,3.0398388630505244E+000,2.4584346424386263E+000,2.4594135064080218E+000,2.4731158583177577E+000
1.342,3.0113165533412718E+000,2.4584346424386263E+000,2.4594135064080218E+000,2.4731158583177577E+000
1.345,2.9820486816033185E+000,2.4584346424386263E+000,2.4594135064080218E+000,2.4731158583177577E+000
1.348,2.9522950315381959E+000,2.4584346424386263E+000,2.4594135064080218E+000,2.4731158583177577E+000
1.351,2.9223196986502571E+000,2.4584346424386263E+000,2.4594135064080218E+000,2.4731158583177577E+000
1.354,2.8923887461162838E+000,2.4584346424386263E+000,2.4594135064080218E+000,2.4731158583177577E+000
1.357,2.8627678431898955E+000,2.4584346424386263E+000,2.4594135064080218E+000,2.4731158583177577E+000
1.36,2.8337199071024433E+000,2.4584346424386263E+000,2.4594135064080218E+000,2.4731158583177577E+000
1.363,2.8055027693910546E+000,2.4584346424386263E+000,2.4594135064080218E+000,2.4731158583177577E+000
1.366,2.7783668873676555E+000,2.4584346424386263E+000,2.4594135064080218E+000,2.4731158583177577E+000
1.369,2.7525531210421383E+000,2.4584346424386263E+000,2.4594135064080218E+000,2.4731158583177577E+000
1.372,2.7282905952318646E+000,2.4584346424386263E+000,2.4594135064080218E+000,2.4731158583177577E+000
1.375,2.7057946658335634E+000,2.4584346424386263E+000,2.4594135064080218E+000,2.4731158583177577E+000
1.378,2.6852650083091469E+000,2.4584346424386263E+000,2.4594135064080218E+000,2.4731158583177577E+000
1.381,2.6668838453521757E+000,2.4584346424386263E+000,2.4594135064080218E+000,2.4731158583177577E+000
1.384,2.6508143294663284E+000,2.4584346424386263E+000,2.4594135064080218E+000,2.4731158583177577E+000
1.387,2.6371990948122304E+000,2.4584346424386263E+000,2.4594135064080218E+000,2.4731158583177577E+000
1.39,2.6261589911765468E+000,2.4584346424386263E+000,2.4594135064080218E+000,2.4731158583177577E+000
1.393,2.6177920113007187E+000,2.4584346424386263E+000,2.4594135064080218E+000,2.4731158583177577E+000
1.396,2.6121724210904547E+000,2.4584346424386263E+000,2.4594135064080218E+000,2.4731158583177577E+000
1.399,2.6093501004262940E+000,2.4584346424386263E+000,2.4594135064080218E+000,2.4731158583177577E+000
1.402,2.6093501004262536E+000,2.4584346424386263E+000,2.4594135064080218E+000,2.4731158583177577E+000
1.405,2.6121724210903348E+000,2.4584346424386263E+000,2.4594135064080218E+000,2.4731158583177577E+000
1.408,2.6177920113005197E+000,2.4584346424386263E+000,2.4594135064080218E+000,2.4731158583177577E+000
1.411,2.6261589911762706E+000,2.4584346424386263E+000,2.4594135064080218E+000,2.4731158583177577E+000
1.414,2.6371990948118795E+000,2.4584346424386263E+000,2.4594135064080218E+000,2.4731158583177577E+000
1.417,2.6508143294659057E+000,2.4584346424386263E+000,2.4594135064080218E+000,2.4731158583177577E+000
1.42,2.6668838453516850E+000,2.4584346424386263E+000,2.4594135064080218E+000,2.4731158583177577E+000
1.423,2.6852650083085932E+000,2.4584346424386263E+000,2.4594135064080218E+000,2.4731158583177577E+000
1.426,2.7057946658329506E+000,2.4584346424386263E+000,2.4594135064080218E+000,2.4731158583177577E+000
1.429,2.7282905952311989E+000,2.4584346424386263E+000,2.4594135064080218E+000,2.4731158583177577E+000
1.432,2.7525531210414256E+000,2.4584346424386263E+000,2.4594135064080218E+000,2.4731158583177577E+000
1.435,2.7783668873669018E+000,2.4584346424386263E+000,2.4594135064080218E+000,2.4731158583177577E+000
1.438,2.8055027693902668E+000,2.4584346424386263E+000,2.4594135064080218E+000,2.4731158583177577E+000
1.441,2.8337199071016279E+000,2.4584346424386263E+000,2.4594135064080218E+000,2.4731158583177577E+000
1.444,2.8627678431890602E+000,2.4584346424386263E+000,2.4594135064080218E+000,2.4731158583177577E+000
1.447,2.8923887461154361E+000,2.4584346424386263E+000,2.4594135064080218E+000,2.4731158583177577E+000
1.45,2.9223196986494040E+000,2.4584346424386263E+000,2.4594135064080218E+000,2.4731158583177577E+000
1.453,2.9522950315373455E+000,2.4584346424386263E+000,2.4594135064080218E+000,2.4731158583177577E+000
1.456,2.9820486816024783E+000,2.4584346424386263E+000,2.4594135064080218E+000,2.4731158583177577E+000
1.459,3.0113165533404489E+000,2.4584346424386263E+000,2.4594135064080218E+000,2.4731158583177577E+000
1.462,3.0398388630497264E+000,2.4584346424386263E+000,2.4594135064080218E+000,2.4731158583177577E+000
1.465,3.0673624446901275E+000,2.4584346424386263E+000,2.4594135064080218E+000,2.4731158583177577E+000
1.468,3.0936429970025117E+000,2.4584346424386263E+000,2.4594135064080218E+000,2.4731158583177577E+000
1.471,3.1184472519440538E+000,2.4584346424386263E+000,2.4594135064080218E+000,2.4731158583177577E+000
1.474,3.1415550451919034E+000,2.4584346424386263E+000,2.4594135064080218E+000,2.4731158583177577E+000
1.477,3.1627612703373038E+000,2.4584346424386263E+000,2.4594135064080218E+000,2.4731158583177577E+000
1.48,3.1818776994245943E+000,2.4584346424386263E+000,2.4594135064080218E+000,2.4731158583177577E+000
1.483,3.1987346536758703E+000,2.4584346424386263E+000,2.4594135064080218E+000,2.4731158583177577E+000
1.486,3.2131825095718298E+000,2.4584346424386263E+000,2.4594135064080218E+000,2.4731158583177577E+000
1.489,3.2250930269207201E+000,2.4584346424386263E+000,2.4594135064080218E+000,2.4731158583177577E+000
1.492,3.2343604871273617E+000,2.4584346424386263E+000,2.4594135064080218E+000,2.4731158583177577E+000
1.495,3.2409026315588814E+000,2.4584346424386263E+000,2.4594135064080218E+000,2.4731158583177577E+000
1.498,3.2446613916781617E+000,2.4584346424386263E+000,2.4594135064080218E+000,2.4731158583177577E+000
1.5,3.2456034044642870E+000,2.4584346424386263E+000,2.4594135064080218E+000,2.4731158583177577E+000
